player,match_id,date,venue,batting_team,bowling_team,avg_score,avg_balls_faced,avg_outs,avg_runs_conceded,avg_balls_bowled,avg_wickets_taken,avg_fantasy_points,avg_venue_fantasy_points,avg_against_opposition_fantasy_points,avg_score_5,avg_balls_faced_5,avg_outs_5,avg_runs_conceded_5,avg_balls_bowled_5,avg_wickets_taken_5,avg_fantasy_points_5,matches_played,avg_fours,avg_sixes,avg_catches,avg_runouts
Travis Head,202601,2026-03-28,"M.Chinnaswamy Stadium, Bengaluru",SRH,RCB,0.0,0.0,0.0,0.0,0.0,0.0,0.0,0.0,0.0,0.0,0.0,0.0,0.0,0.0,0.0,0.0,0,0.0,0.0,0.0,0.0
Abhishek Sharma,202601,2026-03-28,"M.Chinnaswamy Stadium, Bengaluru",SRH,RCB,0.0,0.0,0.0,0.0,0.0,0.0,0.0,0.0,0.0,0.0,0.0,0.0,0.0,0.0,0.0,0.0,0,0.0,0.0,0.0,0.0
Ishan Kishan,202601,2026-03-28,"M.Chinnaswamy Stadium, Bengaluru",SRH,RCB,0.0,0.0,0.0,0.0,0.0,0.0,0.0,0.0,0.0,0.0,0.0,0.0,0.0,0.0,0.0,0.0,0,0.0,0.0,0.0,0.0
Nitish Reddy,202601,2026-03-28,"M.Chinnaswamy Stadium, Bengaluru",SRH,RCB,0.0,0.0,0.0,0.0,0.0,0.0,0.0,0.0,0.0,0.0,0.0,0.0,0.0,0.0,0.0,0.0,0,0.0,0.0,0.0,0.0
Heinrich Klaasen,202601,2026-03-28,"M.Chinnaswamy Stadium, Bengaluru",SRH,RCB,0.0,0.0,0.0,0.0,0.0,0.0,0.0,0.0,0.0,0.0,0.0,0.0,0.0,0.0,0.0,0.0,0,0.0,0.0,0.0,0.0
Salil Arora,202601,2026-03-28,"M.Chinnaswamy Stadium, Bengaluru",SRH,RCB,0.0,0.0,0.0,0.0,0.0,0.0,0.0,0.0,0.0,0.0,0.0,0.0,0.0,0.0,0.0,0.0,0,0.0,0.0,0.0,0.0
Aniket Verma,202601,2026-03-28,"M.Chinnaswamy Stadium, Bengaluru",SRH,RCB,0.0,0.0,0.0,0.0,0.0,0.0,0.0,0.0,0.0,0.0,0.0,0.0,0.0,0.0,0.0,0.0,0,0.0,0.0,0.0,0.0
Harsh Dubey,202601,2026-03-28,"M.Chinnaswamy Stadium, Bengaluru",SRH,RCB,0.0,0.0,0.0,0.0,0.0,0.0,0.0,0.0,0.0,0.0,0.0,0.0,0.0,0.0,0.0,0.0,0,0.0,0.0,0.0,0.0
Harshal Patel,202601,2026-03-28,"M.Chinnaswamy Stadium, Bengaluru",SRH,RCB,0.0,0.0,0.0,0.0,0.0,0.0,0.0,0.0,0.0,0.0,0.0,0.0,0.0,0.0,0.0,0.0,0,0.0,0.0,0.0,0.0
David Payne,202601,2026-03-28,"M.Chinnaswamy Stadium, Bengaluru",SRH,RCB,0.0,0.0,0.0,0.0,0.0,0.0,0.0,0.0,0.0,0.0,0.0,0.0,0.0,0.0,0.0,0.0,0,0.0,0.0,0.0,0.0
Jaydev Unadkat,202601,2026-03-28,"M.Chinnaswamy Stadium, Bengaluru",SRH,RCB,0.0,0.0,0.0,0.0,0.0,0.0,0.0,0.0,0.0,0.0,0.0,0.0,0.0,0.0,0.0,0.0,0,0.0,0.0,0.0,0.0
Phil Salt,202601,2026-03-28,"M.Chinnaswamy Stadium, Bengaluru",SRH,RCB,0.0,0.0,0.0,0.0,0.0,0.0,0.0,0.0,0.0,0.0,0.0,0.0,0.0,0.0,0.0,0.0,0,0.0,0.0,0.0,0.0
Devdutt Padikkal,202601,2026-03-28,"M.Chinnaswamy Stadium, Bengaluru",SRH,RCB,0.0,0.0,0.0,0.0,0.0,0.0,0.0,0.0,0.0,0.0,0.0,0.0,0.0,0.0,0.0,0.0,0,0.0,0.0,0.0,0.0
Virat Kohli,202601,2026-03-28,"M.Chinnaswamy Stadium, Bengaluru",SRH,RCB,0.0,0.0,0.0,0.0,0.0,0.0,0.0,0.0,0.0,0.0,0.0,0.0,0.0,0.0,0.0,0.0,0,0.0,0.0,0.0,0.0
Rajat Patidar,202601,2026-03-28,"M.Chinnaswamy Stadium, Bengaluru",SRH,RCB,0.0,0.0,0.0,0.0,0.0,0.0,0.0,0.0,0.0,0.0,0.0,0.0,0.0,0.0,0.0,0.0,0,0.0,0.0,0.0,0.0
Jitesh Sharma,202601,2026-03-28,"M.Chinnaswamy Stadium, Bengaluru",SRH,RCB,0.0,0.0,0.0,0.0,0.0,0.0,0.0,0.0,0.0,0.0,0.0,0.0,0.0,0.0,0.0,0.0,0,0.0,0.0,0.0,0.0
Tim David,202601,2026-03-28,"M.Chinnaswamy Stadium, Bengaluru",SRH,RCB,0.0,0.0,0.0,0.0,0.0,0.0,0.0,0.0,0.0,0.0,0.0,0.0,0.0,0.0,0.0,0.0,0,0.0,0.0,0.0,0.0
Jacob Duffy,202601,2026-03-28,"M.Chinnaswamy Stadium, Bengaluru",SRH,RCB,0.0,0.0,0.0,0.0,0.0,0.0,0.0,0.0,0.0,0.0,0.0,0.0,0.0,0.0,0.0,0.0,0,0.0,0.0,0.0,0.0
Bhuvneshwar Kumar,202601,2026-03-28,"M.Chinnaswamy Stadium, Bengaluru",SRH,RCB,0.0,0.0,0.0,0.0,0.0,0.0,0.0,0.0,0.0,0.0,0.0,0.0,0.0,0.0,0.0,0.0,0,0.0,0.0,0.0,0.0
Abhinandan Singh,202601,2026-03-28,"M.Chinnaswamy Stadium, Bengaluru",SRH,RCB,0.0,0.0,0.0,0.0,0.0,0.0,0.0,0.0,0.0,0.0,0.0,0.0,0.0,0.0,0.0,0.0,0,0.0,0.0,0.0,0.0
Romario Shepherd,202601,2026-03-28,"M.Chinnaswamy Stadium, Bengaluru",SRH,RCB,0.0,0.0,0.0,0.0,0.0,0.0,0.0,0.0,0.0,0.0,0.0,0.0,0.0,0.0,0.0,0.0,0,0.0,0.0,0.0,0.0
Suyash Sharma,202601,2026-03-28,"M.Chinnaswamy Stadium, Bengaluru",SRH,RCB,0.0,0.0,0.0,0.0,0.0,0.0,0.0,0.0,0.0,0.0,0.0,0.0,0.0,0.0,0.0,0.0,0,0.0,0.0,0.0,0.0
Krunal Pandya,202601,2026-03-28,"M.Chinnaswamy Stadium, Bengaluru",SRH,RCB,0.0,0.0,0.0,0.0,0.0,0.0,0.0,0.0,0.0,0.0,0.0,0.0,0.0,0.0,0.0,0.0,0,0.0,0.0,0.0,0.0
Eshan Malinga,202601,2026-03-28,"M.Chinnaswamy Stadium, Bengaluru",SRH,RCB,0.0,0.0,0.0,0.0,0.0,0.0,0.0,0.0,0.0,0.0,0.0,0.0,0.0,0.0,0.0,0.0,0,0.0,0.0,0.0,0.0
Ajinkya Rahane,202602,2026-03-29,"Wankhede Stadium, Mumbai",KKR,MI,0.0,0.0,0.0,0.0,0.0,0.0,0.0,0.0,0.0,0.0,0.0,0.0,0.0,0.0,0.0,0.0,0,0.0,0.0,0.0,0.0
Finn Allen,202602,2026-03-29,"Wankhede Stadium, Mumbai",KKR,MI,0.0,0.0,0.0,0.0,0.0,0.0,0.0,0.0,0.0,0.0,0.0,0.0,0.0,0.0,0.0,0.0,0,0.0,0.0,0.0,0.0
Cameron Green,202602,2026-03-29,"Wankhede Stadium, Mumbai",KKR,MI,0.0,0.0,0.0,0.0,0.0,0.0,0.0,0.0,0.0,0.0,0.0,0.0,0.0,0.0,0.0,0.0,0,0.0,0.0,0.0,0.0
Angkrish Raghuvanshi,202602,2026-03-29,"Wankhede Stadium, Mumbai",KKR,MI,0.0,0.0,0.0,0.0,0.0,0.0,0.0,0.0,0.0,0.0,0.0,0.0,0.0,0.0,0.0,0.0,0,0.0,0.0,0.0,0.0
Rinku Singh,202602,2026-03-29,"Wankhede Stadium, Mumbai",KKR,MI,0.0,0.0,0.0,0.0,0.0,0.0,0.0,0.0,0.0,0.0,0.0,0.0,0.0,0.0,0.0,0.0,0,0.0,0.0,0.0,0.0
Ramandeep Singh,202602,2026-03-29,"Wankhede Stadium, Mumbai",KKR,MI,0.0,0.0,0.0,0.0,0.0,0.0,0.0,0.0,0.0,0.0,0.0,0.0,0.0,0.0,0.0,0.0,0,0.0,0.0,0.0,0.0
Ryan Rickelton,202602,2026-03-29,"Wankhede Stadium, Mumbai",KKR,MI,0.0,0.0,0.0,0.0,0.0,0.0,0.0,0.0,0.0,0.0,0.0,0.0,0.0,0.0,0.0,0.0,0,0.0,0.0,0.0,0.0
Rohit Sharma,202602,2026-03-29,"Wankhede Stadium, Mumbai",KKR,MI,0.0,0.0,0.0,0.0,0.0,0.0,0.0,0.0,0.0,0.0,0.0,0.0,0.0,0.0,0.0,0.0,0,0.0,0.0,0.0,0.0
Suryakumar Yadav,202602,2026-03-29,"Wankhede Stadium, Mumbai",KKR,MI,0.0,0.0,0.0,0.0,0.0,0.0,0.0,0.0,0.0,0.0,0.0,0.0,0.0,0.0,0.0,0.0,0,0.0,0.0,0.0,0.0
Tilak Varma,202602,2026-03-29,"Wankhede Stadium, Mumbai",KKR,MI,0.0,0.0,0.0,0.0,0.0,0.0,0.0,0.0,0.0,0.0,0.0,0.0,0.0,0.0,0.0,0.0,0,0.0,0.0,0.0,0.0
Hardik Pandya,202602,2026-03-29,"Wankhede Stadium, Mumbai",KKR,MI,0.0,0.0,0.0,0.0,0.0,0.0,0.0,0.0,0.0,0.0,0.0,0.0,0.0,0.0,0.0,0.0,0,0.0,0.0,0.0,0.0
Naman Dhir,202602,2026-03-29,"Wankhede Stadium, Mumbai",KKR,MI,0.0,0.0,0.0,0.0,0.0,0.0,0.0,0.0,0.0,0.0,0.0,0.0,0.0,0.0,0.0,0.0,0,0.0,0.0,0.0,0.0
Trent Boult,202602,2026-03-29,"Wankhede Stadium, Mumbai",KKR,MI,0.0,0.0,0.0,0.0,0.0,0.0,0.0,0.0,0.0,0.0,0.0,0.0,0.0,0.0,0.0,0.0,0,0.0,0.0,0.0,0.0
AM Ghazanfar,202602,2026-03-29,"Wankhede Stadium, Mumbai",KKR,MI,0.0,0.0,0.0,0.0,0.0,0.0,0.0,0.0,0.0,0.0,0.0,0.0,0.0,0.0,0.0,0.0,0,0.0,0.0,0.0,0.0
Jasprit Bumrah,202602,2026-03-29,"Wankhede Stadium, Mumbai",KKR,MI,0.0,0.0,0.0,0.0,0.0,0.0,0.0,0.0,0.0,0.0,0.0,0.0,0.0,0.0,0.0,0.0,0,0.0,0.0,0.0,0.0
Shardul Thakur,202602,2026-03-29,"Wankhede Stadium, Mumbai",KKR,MI,0.0,0.0,0.0,0.0,0.0,0.0,0.0,0.0,0.0,0.0,0.0,0.0,0.0,0.0,0.0,0.0,0,0.0,0.0,0.0,0.0
Mayank Markande,202602,2026-03-29,"Wankhede Stadium, Mumbai",KKR,MI,0.0,0.0,0.0,0.0,0.0,0.0,0.0,0.0,0.0,0.0,0.0,0.0,0.0,0.0,0.0,0.0,0,0.0,0.0,0.0,0.0
Vaibhav Arora,202602,2026-03-29,"Wankhede Stadium, Mumbai",KKR,MI,0.0,0.0,0.0,0.0,0.0,0.0,0.0,0.0,0.0,0.0,0.0,0.0,0.0,0.0,0.0,0.0,0,0.0,0.0,0.0,0.0
Blessing Muzarabani,202602,2026-03-29,"Wankhede Stadium, Mumbai",KKR,MI,0.0,0.0,0.0,0.0,0.0,0.0,0.0,0.0,0.0,0.0,0.0,0.0,0.0,0.0,0.0,0.0,0,0.0,0.0,0.0,0.0
Varun Chakaravarthy,202602,2026-03-29,"Wankhede Stadium, Mumbai",KKR,MI,0.0,0.0,0.0,0.0,0.0,0.0,0.0,0.0,0.0,0.0,0.0,0.0,0.0,0.0,0.0,0.0,0,0.0,0.0,0.0,0.0
Kartik Tyagi,202602,2026-03-29,"Wankhede Stadium, Mumbai",KKR,MI,0.0,0.0,0.0,0.0,0.0,0.0,0.0,0.0,0.0,0.0,0.0,0.0,0.0,0.0,0.0,0.0,0,0.0,0.0,0.0,0.0
Sunil Narine,202602,2026-03-29,"Wankhede Stadium, Mumbai",KKR,MI,0.0,0.0,0.0,0.0,0.0,0.0,0.0,0.0,0.0,0.0,0.0,0.0,0.0,0.0,0.0,0.0,0,0.0,0.0,0.0,0.0
Anukul Roy,202602,2026-03-29,"Wankhede Stadium, Mumbai",KKR,MI,0.0,0.0,0.0,0.0,0.0,0.0,0.0,0.0,0.0,0.0,0.0,0.0,0.0,0.0,0.0,0.0,0,0.0,0.0,0.0,0.0
Sanju Samson,202603,2026-03-30,"Barsapara Cricket Stadium, Guwahati",CSK,RR,0.0,0.0,0.0,0.0,0.0,0.0,0.0,0.0,0.0,0.0,0.0,0.0,0.0,0.0,0.0,0.0,0,0.0,0.0,0.0,0.0
Ruturaj Gaikwad,202603,2026-03-30,"Barsapara Cricket Stadium, Guwahati",CSK,RR,0.0,0.0,0.0,0.0,0.0,0.0,0.0,0.0,0.0,0.0,0.0,0.0,0.0,0.0,0.0,0.0,0,0.0,0.0,0.0,0.0
Ayush Mhatre,202603,2026-03-30,"Barsapara Cricket Stadium, Guwahati",CSK,RR,0.0,0.0,0.0,0.0,0.0,0.0,0.0,0.0,0.0,0.0,0.0,0.0,0.0,0.0,0.0,0.0,0,0.0,0.0,0.0,0.0
Sarfaraz Khan,202603,2026-03-30,"Barsapara Cricket Stadium, Guwahati",CSK,RR,0.0,0.0,0.0,0.0,0.0,0.0,0.0,0.0,0.0,0.0,0.0,0.0,0.0,0.0,0.0,0.0,0,0.0,0.0,0.0,0.0
Matthew Short,202603,2026-03-30,"Barsapara Cricket Stadium, Guwahati",CSK,RR,0.0,0.0,0.0,0.0,0.0,0.0,0.0,0.0,0.0,0.0,0.0,0.0,0.0,0.0,0.0,0.0,0,0.0,0.0,0.0,0.0
Kartik Sharma,202603,2026-03-30,"Barsapara Cricket Stadium, Guwahati",CSK,RR,0.0,0.0,0.0,0.0,0.0,0.0,0.0,0.0,0.0,0.0,0.0,0.0,0.0,0.0,0.0,0.0,0,0.0,0.0,0.0,0.0
Shivam Dube,202603,2026-03-30,"Barsapara Cricket Stadium, Guwahati",CSK,RR,0.0,0.0,0.0,0.0,0.0,0.0,0.0,0.0,0.0,0.0,0.0,0.0,0.0,0.0,0.0,0.0,0,0.0,0.0,0.0,0.0
Jamie Overton,202603,2026-03-30,"Barsapara Cricket Stadium, Guwahati",CSK,RR,0.0,0.0,0.0,0.0,0.0,0.0,0.0,0.0,0.0,0.0,0.0,0.0,0.0,0.0,0.0,0.0,0,0.0,0.0,0.0,0.0
Noor Ahmad,202603,2026-03-30,"Barsapara Cricket Stadium, Guwahati",CSK,RR,0.0,0.0,0.0,0.0,0.0,0.0,0.0,0.0,0.0,0.0,0.0,0.0,0.0,0.0,0.0,0.0,0,0.0,0.0,0.0,0.0
Matt Henry,202603,2026-03-30,"Barsapara Cricket Stadium, Guwahati",CSK,RR,0.0,0.0,0.0,0.0,0.0,0.0,0.0,0.0,0.0,0.0,0.0,0.0,0.0,0.0,0.0,0.0,0,0.0,0.0,0.0,0.0
Anshul Kamboj,202603,2026-03-30,"Barsapara Cricket Stadium, Guwahati",CSK,RR,0.0,0.0,0.0,0.0,0.0,0.0,0.0,0.0,0.0,0.0,0.0,0.0,0.0,0.0,0.0,0.0,0,0.0,0.0,0.0,0.0
Yashasvi Jaiswal,202603,2026-03-30,"Barsapara Cricket Stadium, Guwahati",CSK,RR,0.0,0.0,0.0,0.0,0.0,0.0,0.0,0.0,0.0,0.0,0.0,0.0,0.0,0.0,0.0,0.0,0,0.0,0.0,0.0,0.0
Vaibhav Sooryavanshi,202603,2026-03-30,"Barsapara Cricket Stadium, Guwahati",CSK,RR,0.0,0.0,0.0,0.0,0.0,0.0,0.0,0.0,0.0,0.0,0.0,0.0,0.0,0.0,0.0,0.0,0,0.0,0.0,0.0,0.0
Dhruv Jurel,202603,2026-03-30,"Barsapara Cricket Stadium, Guwahati",CSK,RR,0.0,0.0,0.0,0.0,0.0,0.0,0.0,0.0,0.0,0.0,0.0,0.0,0.0,0.0,0.0,0.0,0,0.0,0.0,0.0,0.0
Riyan Parag,202603,2026-03-30,"Barsapara Cricket Stadium, Guwahati",CSK,RR,0.0,0.0,0.0,0.0,0.0,0.0,0.0,0.0,0.0,0.0,0.0,0.0,0.0,0.0,0.0,0.0,0,0.0,0.0,0.0,0.0
Jofra Archer,202603,2026-03-30,"Barsapara Cricket Stadium, Guwahati",CSK,RR,0.0,0.0,0.0,0.0,0.0,0.0,0.0,0.0,0.0,0.0,0.0,0.0,0.0,0.0,0.0,0.0,0,0.0,0.0,0.0,0.0
Nandre Burger,202603,2026-03-30,"Barsapara Cricket Stadium, Guwahati",CSK,RR,0.0,0.0,0.0,0.0,0.0,0.0,0.0,0.0,0.0,0.0,0.0,0.0,0.0,0.0,0.0,0.0,0,0.0,0.0,0.0,0.0
Brijesh Sharma,202603,2026-03-30,"Barsapara Cricket Stadium, Guwahati",CSK,RR,0.0,0.0,0.0,0.0,0.0,0.0,0.0,0.0,0.0,0.0,0.0,0.0,0.0,0.0,0.0,0.0,0,0.0,0.0,0.0,0.0
Sandeep Sharma,202603,2026-03-30,"Barsapara Cricket Stadium, Guwahati",CSK,RR,0.0,0.0,0.0,0.0,0.0,0.0,0.0,0.0,0.0,0.0,0.0,0.0,0.0,0.0,0.0,0.0,0,0.0,0.0,0.0,0.0
Ravi Bishnoi,202603,2026-03-30,"Barsapara Cricket Stadium, Guwahati",CSK,RR,0.0,0.0,0.0,0.0,0.0,0.0,0.0,0.0,0.0,0.0,0.0,0.0,0.0,0.0,0.0,0.0,0,0.0,0.0,0.0,0.0
Ravindra Jadeja,202603,2026-03-30,"Barsapara Cricket Stadium, Guwahati",CSK,RR,0.0,0.0,0.0,0.0,0.0,0.0,0.0,0.0,0.0,0.0,0.0,0.0,0.0,0.0,0.0,0.0,0,0.0,0.0,0.0,0.0
Khaleel Ahmed,202603,2026-03-30,"Barsapara Cricket Stadium, Guwahati",CSK,RR,0.0,0.0,0.0,0.0,0.0,0.0,0.0,0.0,0.0,0.0,0.0,0.0,0.0,0.0,0.0,0.0,0,0.0,0.0,0.0,0.0
Sai Sudharsan,202604,2026-03-31,"Maharaja Yadavindra Singh International Cricket Stadium, Mullanpur, New Chandigarh",GT,PBKS,0.0,0.0,0.0,0.0,0.0,0.0,0.0,0.0,0.0,0.0,0.0,0.0,0.0,0.0,0.0,0.0,0,0.0,0.0,0.0,0.0
Shubman Gill,202604,2026-03-31,"Maharaja Yadavindra Singh International Cricket Stadium, Mullanpur, New Chandigarh",GT,PBKS,0.0,0.0,0.0,0.0,0.0,0.0,0.0,0.0,0.0,0.0,0.0,0.0,0.0,0.0,0.0,0.0,0,0.0,0.0,0.0,0.0
Jos Buttler,202604,2026-03-31,"Maharaja Yadavindra Singh International Cricket Stadium, Mullanpur, New Chandigarh",GT,PBKS,0.0,0.0,0.0,0.0,0.0,0.0,0.0,0.0,0.0,0.0,0.0,0.0,0.0,0.0,0.0,0.0,0,0.0,0.0,0.0,0.0
Glenn Phillips,202604,2026-03-31,"Maharaja Yadavindra Singh International Cricket Stadium, Mullanpur, New Chandigarh",GT,PBKS,0.0,0.0,0.0,0.0,0.0,0.0,0.0,0.0,0.0,0.0,0.0,0.0,0.0,0.0,0.0,0.0,0,0.0,0.0,0.0,0.0
Washington Sundar,202604,2026-03-31,"Maharaja Yadavindra Singh International Cricket Stadium, Mullanpur, New Chandigarh",GT,PBKS,0.0,0.0,0.0,0.0,0.0,0.0,0.0,0.0,0.0,0.0,0.0,0.0,0.0,0.0,0.0,0.0,0,0.0,0.0,0.0,0.0
Shahrukh Khan,202604,2026-03-31,"Maharaja Yadavindra Singh International Cricket Stadium, Mullanpur, New Chandigarh",GT,PBKS,0.0,0.0,0.0,0.0,0.0,0.0,0.0,0.0,0.0,0.0,0.0,0.0,0.0,0.0,0.0,0.0,0,0.0,0.0,0.0,0.0
Rahul Tewatia,202604,2026-03-31,"Maharaja Yadavindra Singh International Cricket Stadium, Mullanpur, New Chandigarh",GT,PBKS,0.0,0.0,0.0,0.0,0.0,0.0,0.0,0.0,0.0,0.0,0.0,0.0,0.0,0.0,0.0,0.0,0,0.0,0.0,0.0,0.0
Rashid Khan,202604,2026-03-31,"Maharaja Yadavindra Singh International Cricket Stadium, Mullanpur, New Chandigarh",GT,PBKS,0.0,0.0,0.0,0.0,0.0,0.0,0.0,0.0,0.0,0.0,0.0,0.0,0.0,0.0,0.0,0.0,0,0.0,0.0,0.0,0.0
Priyansh Arya,202604,2026-03-31,"Maharaja Yadavindra Singh International Cricket Stadium, Mullanpur, New Chandigarh",GT,PBKS,0.0,0.0,0.0,0.0,0.0,0.0,0.0,0.0,0.0,0.0,0.0,0.0,0.0,0.0,0.0,0.0,0,0.0,0.0,0.0,0.0
Cooper Connolly,202604,2026-03-31,"Maharaja Yadavindra Singh International Cricket Stadium, Mullanpur, New Chandigarh",GT,PBKS,0.0,0.0,0.0,0.0,0.0,0.0,0.0,0.0,0.0,0.0,0.0,0.0,0.0,0.0,0.0,0.0,0,0.0,0.0,0.0,0.0
Prabhsimran Singh,202604,2026-03-31,"Maharaja Yadavindra Singh International Cricket Stadium, Mullanpur, New Chandigarh",GT,PBKS,0.0,0.0,0.0,0.0,0.0,0.0,0.0,0.0,0.0,0.0,0.0,0.0,0.0,0.0,0.0,0.0,0,0.0,0.0,0.0,0.0
Shreyas Iyer,202604,2026-03-31,"Maharaja Yadavindra Singh International Cricket Stadium, Mullanpur, New Chandigarh",GT,PBKS,0.0,0.0,0.0,0.0,0.0,0.0,0.0,0.0,0.0,0.0,0.0,0.0,0.0,0.0,0.0,0.0,0,0.0,0.0,0.0,0.0
Nehal Wadhera,202604,2026-03-31,"Maharaja Yadavindra Singh International Cricket Stadium, Mullanpur, New Chandigarh",GT,PBKS,0.0,0.0,0.0,0.0,0.0,0.0,0.0,0.0,0.0,0.0,0.0,0.0,0.0,0.0,0.0,0.0,0,0.0,0.0,0.0,0.0
Shashank Singh,202604,2026-03-31,"Maharaja Yadavindra Singh International Cricket Stadium, Mullanpur, New Chandigarh",GT,PBKS,0.0,0.0,0.0,0.0,0.0,0.0,0.0,0.0,0.0,0.0,0.0,0.0,0.0,0.0,0.0,0.0,0,0.0,0.0,0.0,0.0
Marcus Stoinis,202604,2026-03-31,"Maharaja Yadavindra Singh International Cricket Stadium, Mullanpur, New Chandigarh",GT,PBKS,0.0,0.0,0.0,0.0,0.0,0.0,0.0,0.0,0.0,0.0,0.0,0.0,0.0,0.0,0.0,0.0,0,0.0,0.0,0.0,0.0
Marco Jansen,202604,2026-03-31,"Maharaja Yadavindra Singh International Cricket Stadium, Mullanpur, New Chandigarh",GT,PBKS,0.0,0.0,0.0,0.0,0.0,0.0,0.0,0.0,0.0,0.0,0.0,0.0,0.0,0.0,0.0,0.0,0,0.0,0.0,0.0,0.0
Xavier Bartlett,202604,2026-03-31,"Maharaja Yadavindra Singh International Cricket Stadium, Mullanpur, New Chandigarh",GT,PBKS,0.0,0.0,0.0,0.0,0.0,0.0,0.0,0.0,0.0,0.0,0.0,0.0,0.0,0.0,0.0,0.0,0,0.0,0.0,0.0,0.0
Arshdeep Singh,202604,2026-03-31,"Maharaja Yadavindra Singh International Cricket Stadium, Mullanpur, New Chandigarh",GT,PBKS,0.0,0.0,0.0,0.0,0.0,0.0,0.0,0.0,0.0,0.0,0.0,0.0,0.0,0.0,0.0,0.0,0,0.0,0.0,0.0,0.0
Vijaykumar Vyshak,202604,2026-03-31,"Maharaja Yadavindra Singh International Cricket Stadium, Mullanpur, New Chandigarh",GT,PBKS,0.0,0.0,0.0,0.0,0.0,0.0,0.0,0.0,0.0,0.0,0.0,0.0,0.0,0.0,0.0,0.0,0,0.0,0.0,0.0,0.0
Yuzvendra Chahal,202604,2026-03-31,"Maharaja Yadavindra Singh International Cricket Stadium, Mullanpur, New Chandigarh",GT,PBKS,0.0,0.0,0.0,0.0,0.0,0.0,0.0,0.0,0.0,0.0,0.0,0.0,0.0,0.0,0.0,0.0,0,0.0,0.0,0.0,0.0
Mohammed Siraj,202604,2026-03-31,"Maharaja Yadavindra Singh International Cricket Stadium, Mullanpur, New Chandigarh",GT,PBKS,0.0,0.0,0.0,0.0,0.0,0.0,0.0,0.0,0.0,0.0,0.0,0.0,0.0,0.0,0.0,0.0,0,0.0,0.0,0.0,0.0
Kagiso Rabada,202604,2026-03-31,"Maharaja Yadavindra Singh International Cricket Stadium, Mullanpur, New Chandigarh",GT,PBKS,0.0,0.0,0.0,0.0,0.0,0.0,0.0,0.0,0.0,0.0,0.0,0.0,0.0,0.0,0.0,0.0,0,0.0,0.0,0.0,0.0
Ashok Sharma,202604,2026-03-31,"Maharaja Yadavindra Singh International Cricket Stadium, Mullanpur, New Chandigarh",GT,PBKS,0.0,0.0,0.0,0.0,0.0,0.0,0.0,0.0,0.0,0.0,0.0,0.0,0.0,0.0,0.0,0.0,0,0.0,0.0,0.0,0.0
Prasidh Krishna,202604,2026-03-31,"Maharaja Yadavindra Singh International Cricket Stadium, Mullanpur, New Chandigarh",GT,PBKS,0.0,0.0,0.0,0.0,0.0,0.0,0.0,0.0,0.0,0.0,0.0,0.0,0.0,0.0,0.0,0.0,0,0.0,0.0,0.0,0.0
Mitchell Marsh,202605,2026-04-01,"Bharat Ratna Shri Atal Bihari Vajpayee Ekana Cricket Stadium, Lucknow",LSG,DC,0.0,0.0,0.0,0.0,0.0,0.0,0.0,0.0,0.0,0.0,0.0,0.0,0.0,0.0,0.0,0.0,0,0.0,0.0,0.0,0.0
Rishabh Pant,202605,2026-04-01,"Bharat Ratna Shri Atal Bihari Vajpayee Ekana Cricket Stadium, Lucknow",LSG,DC,0.0,0.0,0.0,0.0,0.0,0.0,0.0,0.0,0.0,0.0,0.0,0.0,0.0,0.0,0.0,0.0,0,0.0,0.0,0.0,0.0
Aiden Markram,202605,2026-04-01,"Bharat Ratna Shri Atal Bihari Vajpayee Ekana Cricket Stadium, Lucknow",LSG,DC,0.0,0.0,0.0,0.0,0.0,0.0,0.0,0.0,0.0,0.0,0.0,0.0,0.0,0.0,0.0,0.0,0,0.0,0.0,0.0,0.0
Ayush Badoni,202605,2026-04-01,"Bharat Ratna Shri Atal Bihari Vajpayee Ekana Cricket Stadium, Lucknow",LSG,DC,0.0,0.0,0.0,0.0,0.0,0.0,0.0,0.0,0.0,0.0,0.0,0.0,0.0,0.0,0.0,0.0,0,0.0,0.0,0.0,0.0
Nicholas Pooran,202605,2026-04-01,"Bharat Ratna Shri Atal Bihari Vajpayee Ekana Cricket Stadium, Lucknow",LSG,DC,0.0,0.0,0.0,0.0,0.0,0.0,0.0,0.0,0.0,0.0,0.0,0.0,0.0,0.0,0.0,0.0,0,0.0,0.0,0.0,0.0
Abdul Samad,202605,2026-04-01,"Bharat Ratna Shri Atal Bihari Vajpayee Ekana Cricket Stadium, Lucknow",LSG,DC,0.0,0.0,0.0,0.0,0.0,0.0,0.0,0.0,0.0,0.0,0.0,0.0,0.0,0.0,0.0,0.0,0,0.0,0.0,0.0,0.0
Mukul Choudhary,202605,2026-04-01,"Bharat Ratna Shri Atal Bihari Vajpayee Ekana Cricket Stadium, Lucknow",LSG,DC,0.0,0.0,0.0,0.0,0.0,0.0,0.0,0.0,0.0,0.0,0.0,0.0,0.0,0.0,0.0,0.0,0,0.0,0.0,0.0,0.0
Shahbaz Ahmed,202605,2026-04-01,"Bharat Ratna Shri Atal Bihari Vajpayee Ekana Cricket Stadium, Lucknow",LSG,DC,0.0,0.0,0.0,0.0,0.0,0.0,0.0,0.0,0.0,0.0,0.0,0.0,0.0,0.0,0.0,0.0,0,0.0,0.0,0.0,0.0
Mohammed Shami,202605,2026-04-01,"Bharat Ratna Shri Atal Bihari Vajpayee Ekana Cricket Stadium, Lucknow",LSG,DC,0.0,0.0,0.0,0.0,0.0,0.0,0.0,0.0,0.0,0.0,0.0,0.0,0.0,0.0,0.0,0.0,0,0.0,0.0,0.0,0.0
Anrich Nortje,202605,2026-04-01,"Bharat Ratna Shri Atal Bihari Vajpayee Ekana Cricket Stadium, Lucknow",LSG,DC,0.0,0.0,0.0,0.0,0.0,0.0,0.0,0.0,0.0,0.0,0.0,0.0,0.0,0.0,0.0,0.0,0,0.0,0.0,0.0,0.0
Mohsin Khan,202605,2026-04-01,"Bharat Ratna Shri Atal Bihari Vajpayee Ekana Cricket Stadium, Lucknow",LSG,DC,0.0,0.0,0.0,0.0,0.0,0.0,0.0,0.0,0.0,0.0,0.0,0.0,0.0,0.0,0.0,0.0,0,0.0,0.0,0.0,0.0
Rahul,202605,2026-04-01,"Bharat Ratna Shri Atal Bihari Vajpayee Ekana Cricket Stadium, Lucknow",LSG,DC,0.0,0.0,0.0,0.0,0.0,0.0,0.0,0.0,0.0,0.0,0.0,0.0,0.0,0.0,0.0,0.0,0,0.0,0.0,0.0,0.0
Nitish Rana,202605,2026-04-01,"Bharat Ratna Shri Atal Bihari Vajpayee Ekana Cricket Stadium, Lucknow",LSG,DC,0.0,0.0,0.0,0.0,0.0,0.0,0.0,0.0,0.0,0.0,0.0,0.0,0.0,0.0,0.0,0.0,0,0.0,0.0,0.0,0.0
Pathum Nissanka,202605,2026-04-01,"Bharat Ratna Shri Atal Bihari Vajpayee Ekana Cricket Stadium, Lucknow",LSG,DC,0.0,0.0,0.0,0.0,0.0,0.0,0.0,0.0,0.0,0.0,0.0,0.0,0.0,0.0,0.0,0.0,0,0.0,0.0,0.0,0.0
Sameer Rizvi,202605,2026-04-01,"Bharat Ratna Shri Atal Bihari Vajpayee Ekana Cricket Stadium, Lucknow",LSG,DC,0.0,0.0,0.0,0.0,0.0,0.0,0.0,0.0,0.0,0.0,0.0,0.0,0.0,0.0,0.0,0.0,0,0.0,0.0,0.0,0.0
Axar Patel,202605,2026-04-01,"Bharat Ratna Shri Atal Bihari Vajpayee Ekana Cricket Stadium, Lucknow",LSG,DC,0.0,0.0,0.0,0.0,0.0,0.0,0.0,0.0,0.0,0.0,0.0,0.0,0.0,0.0,0.0,0.0,0,0.0,0.0,0.0,0.0
Tristan Stubbs,202605,2026-04-01,"Bharat Ratna Shri Atal Bihari Vajpayee Ekana Cricket Stadium, Lucknow",LSG,DC,0.0,0.0,0.0,0.0,0.0,0.0,0.0,0.0,0.0,0.0,0.0,0.0,0.0,0.0,0.0,0.0,0,0.0,0.0,0.0,0.0
Mukesh Kumar,202605,2026-04-01,"Bharat Ratna Shri Atal Bihari Vajpayee Ekana Cricket Stadium, Lucknow",LSG,DC,0.0,0.0,0.0,0.0,0.0,0.0,0.0,0.0,0.0,0.0,0.0,0.0,0.0,0.0,0.0,0.0,0,0.0,0.0,0.0,0.0
Lungi Ngidi,202605,2026-04-01,"Bharat Ratna Shri Atal Bihari Vajpayee Ekana Cricket Stadium, Lucknow",LSG,DC,0.0,0.0,0.0,0.0,0.0,0.0,0.0,0.0,0.0,0.0,0.0,0.0,0.0,0.0,0.0,0.0,0,0.0,0.0,0.0,0.0
Natarajan,202605,2026-04-01,"Bharat Ratna Shri Atal Bihari Vajpayee Ekana Cricket Stadium, Lucknow",LSG,DC,0.0,0.0,0.0,0.0,0.0,0.0,0.0,0.0,0.0,0.0,0.0,0.0,0.0,0.0,0.0,0.0,0,0.0,0.0,0.0,0.0
Kuldeep Yadav,202605,2026-04-01,"Bharat Ratna Shri Atal Bihari Vajpayee Ekana Cricket Stadium, Lucknow",LSG,DC,0.0,0.0,0.0,0.0,0.0,0.0,0.0,0.0,0.0,0.0,0.0,0.0,0.0,0.0,0.0,0.0,0,0.0,0.0,0.0,0.0
Vipraj Nigam,202605,2026-04-01,"Bharat Ratna Shri Atal Bihari Vajpayee Ekana Cricket Stadium, Lucknow",LSG,DC,0.0,0.0,0.0,0.0,0.0,0.0,0.0,0.0,0.0,0.0,0.0,0.0,0.0,0.0,0.0,0.0,0,0.0,0.0,0.0,0.0
Prince Yadav,202605,2026-04-01,"Bharat Ratna Shri Atal Bihari Vajpayee Ekana Cricket Stadium, Lucknow",LSG,DC,0.0,0.0,0.0,0.0,0.0,0.0,0.0,0.0,0.0,0.0,0.0,0.0,0.0,0.0,0.0,0.0,0,0.0,0.0,0.0,0.0
Travis Head,202606,2026-04-02,"Eden Gardens, Kolkata",SRH,KKR,1.2222222222222223,9.0,1.0,0.0,0.0,0.0,6.6,0.0,4.0,1.2222222222222223,9.0,1.0,0.0,0.0,0.0,17.0,1,2.0,0.0,0.0,0.0
Abhishek Sharma,202606,2026-04-02,"Eden Gardens, Kolkata",SRH,KKR,0.5833333333333334,12.0,1.0,0.0,0.0,0.0,5.8,0.0,4.0,0.5833333333333334,12.0,1.0,0.0,0.0,0.0,13.0,1,0.0,1.0,0.0,0.0
Ishan Kishan,202606,2026-04-02,"Eden Gardens, Kolkata",SRH,KKR,2.076923076923077,39.0,1.0,0.0,0.0,0.0,25.4,0.0,4.0,2.076923076923077,39.0,1.0,0.0,0.0,0.0,111.0,1,8.0,5.0,0.0,0.0
Heinrich Klaasen,202606,2026-04-02,"Eden Gardens, Kolkata",SRH,KKR,1.4090909090909092,22.0,1.0,0.0,0.0,0.0,14.2,0.0,12.0,1.4090909090909092,22.0,1.0,0.0,0.0,0.0,55.0,1,2.0,1.0,2.0,0.0
Aniket Verma,202606,2026-04-02,"Eden Gardens, Kolkata",SRH,KKR,2.388888888888889,18.0,1.0,0.0,0.0,0.0,14.8,0.0,4.0,2.388888888888889,18.0,1.0,0.0,0.0,0.0,58.0,1,3.0,4.0,0.0,0.0
Nitish Reddy,202606,2026-04-02,"Eden Gardens, Kolkata",SRH,KKR,0.16666666666666666,6.0,1.0,1.75,12.0,0.0,4.2,0.0,4.0,0.16666666666666666,6.0,1.0,1.75,12.0,0.0,5.0,1,0.0,0.0,0.0,0.0
Salil Arora,202606,2026-04-02,"Eden Gardens, Kolkata",SRH,KKR,1.5,6.0,1.0,0.0,0.0,0.0,6.2,0.0,4.0,1.5,6.0,1.0,0.0,0.0,0.0,15.0,1,0.0,1.0,0.0,0.0
Harsh Dubey,202606,2026-04-02,"Eden Gardens, Kolkata",SRH,KKR,0.75,4.0,1.0,1.9444444444444444,18.0,1.0,11.2,0.0,20.5,0.75,4.0,1.0,1.9444444444444444,18.0,1.0,40.0,1,0.0,0.0,1.0,0.0
Shivang Kumar,202606,2026-04-02,"Eden Gardens, Kolkata",SRH,KKR,0.0,0.0,0.0,0.0,0.0,0.0,0.0,0.0,0.0,0.0,0.0,0.0,0.0,0.0,0.0,0.0,0,0.0,0.0,0.0,0.0
Ajinkya Rahane,202606,2026-04-02,"Eden Gardens, Kolkata",SRH,KKR,1.558139534883721,43.0,1.0,0.0,0.0,0.0,21.6,0.0,48.0,1.558139534883721,43.0,1.0,0.0,0.0,0.0,92.0,1,3.0,5.0,0.0,0.0
Finn Allen,202606,2026-04-02,"Eden Gardens, Kolkata",SRH,KKR,2.0555555555555554,18.0,1.0,0.0,0.0,0.0,13.4,0.0,27.5,2.0555555555555554,18.0,1.0,0.0,0.0,0.0,51.0,1,6.0,2.0,0.0,0.0
Angkrish Raghuvanshi,202606,2026-04-02,"Eden Gardens, Kolkata",SRH,KKR,1.7,30.0,1.0,0.0,0.0,0.0,17.8,0.0,38.5,1.7,30.0,1.0,0.0,0.0,0.0,73.0,1,6.0,2.0,0.0,0.0
Cameron Green,202606,2026-04-02,"Eden Gardens, Kolkata",SRH,KKR,1.8,10.0,1.0,0.0,0.0,0.0,8.2,0.0,14.5,1.8,10.0,1.0,0.0,0.0,0.0,25.0,1,1.0,1.0,0.0,0.0
Rinku Singh,202606,2026-04-02,"Eden Gardens, Kolkata",SRH,KKR,1.434782608695652,23.0,0.0,0.0,0.0,0.0,13.0,0.0,22.5,1.434782608695652,23.0,0.0,0.0,0.0,0.0,49.0,1,4.0,0.0,1.0,0.0
Anukul Roy,202606,2026-04-02,"Eden Gardens, Kolkata",SRH,KKR,0.0,0.0,0.0,1.875,8.0,0.0,8.0,0.0,4.0,0.0,0.0,0.0,1.875,8.0,0.0,24.0,1,0.0,0.0,1.0,1.0
Ramandeep Singh,202606,2026-04-02,"Eden Gardens, Kolkata",SRH,KKR,1.0,4.0,0.0,0.0,0.0,0.0,4.8,0.0,6.0,1.0,4.0,0.0,0.0,0.0,0.0,8.0,1,0.0,0.0,0.0,0.0
Sunil Narine,202606,2026-04-02,"Eden Gardens, Kolkata",SRH,KKR,0.0,0.0,0.0,1.6666666666666667,18.0,1.0,9.0,0.0,4.0,0.0,0.0,0.0,1.6666666666666667,18.0,1.0,29.0,1,0.0,0.0,0.0,0.0
Kartik Tyagi,202606,2026-04-02,"Eden Gardens, Kolkata",SRH,KKR,0.0,0.0,0.0,1.76,25.0,1.0,9.0,0.0,4.0,0.0,0.0,0.0,1.76,25.0,1.0,29.0,1,0.0,0.0,0.0,0.0
Vaibhav Arora,202606,2026-04-02,"Eden Gardens, Kolkata",SRH,KKR,0.0,0.0,0.0,2.12,25.0,1.0,9.0,0.0,4.0,0.0,0.0,0.0,2.12,25.0,1.0,29.0,1,0.0,0.0,0.0,0.0
Varun Chakaravarthy,202606,2026-04-02,"Eden Gardens, Kolkata",SRH,KKR,0.0,0.0,0.0,1.92,25.0,0.0,4.0,0.0,4.0,0.0,0.0,0.0,1.92,25.0,0.0,4.0,1,0.0,0.0,0.0,0.0
Blessing Muzarabani,202606,2026-04-02,"Eden Gardens, Kolkata",SRH,KKR,0.0,0.0,0.0,1.8888888888888888,18.0,1.0,4.0,0.0,4.0,0.0,0.0,0.0,1.8888888888888888,18.0,1.0,4.0,1,0.0,0.0,0.0,0.0
David Payne,202606,2026-04-02,"Eden Gardens, Kolkata",SRH,KKR,1.2,5.0,0.0,1.8421052631578947,19.0,2.0,15.2,0.0,29.0,1.2,5.0,0.0,1.8421052631578947,19.0,2.0,60.0,1,0.0,0.0,0.0,0.0
Jaydev Unadkat,202606,2026-04-02,"Eden Gardens, Kolkata",SRH,KKR,1.3333333333333333,3.0,0.0,1.7894736842105263,19.0,1.0,11.4,0.0,20.5,1.3333333333333333,3.0,0.0,1.7894736842105263,19.0,1.0,41.0,1,0.0,0.0,1.0,0.0
Eshan Malinga,202606,2026-04-02,"Eden Gardens, Kolkata",SRH,KKR,0.0,0.0,0.0,2.1875,16.0,0.0,4.0,0.0,4.0,0.0,0.0,0.0,2.1875,16.0,0.0,4.0,1,0.0,0.0,0.0,0.0
Sanju Samson,202607,2026-04-03,"MA Chidambaram Stadium, Chennai",CSK,PBKS,0.8571428571428571,7.0,1.0,0.0,0.0,0.0,5.166666666666667,0.0,4.0,0.8571428571428571,7.0,1.0,0.0,0.0,0.0,11.0,1,1.0,0.0,0.0,0.0
Ruturaj Gaikwad,202607,2026-04-03,"MA Chidambaram Stadium, Chennai",CSK,PBKS,0.46153846153846156,13.0,1.0,0.0,0.0,0.0,5.166666666666667,0.0,4.0,0.46153846153846156,13.0,1.0,0.0,0.0,0.0,11.0,1,1.0,0.0,0.0,0.0
Ayush Mhatre,202607,2026-04-03,"MA Chidambaram Stadium, Chennai",CSK,PBKS,0.0,1.0,1.0,0.0,0.0,0.0,3.6666666666666665,0.0,4.0,0.0,1.0,1.0,0.0,0.0,0.0,2.0,1,0.0,0.0,0.0,0.0
Shivam Dube,202607,2026-04-03,"MA Chidambaram Stadium, Chennai",CSK,PBKS,1.5,4.0,1.0,0.0,0.0,0.0,5.333333333333333,0.0,4.0,1.5,4.0,1.0,0.0,0.0,0.0,12.0,1,0.0,1.0,0.0,0.0
Kartik Sharma,202607,2026-04-03,"MA Chidambaram Stadium, Chennai",CSK,PBKS,1.125,16.0,1.0,0.0,0.0,0.0,7.333333333333333,0.0,4.0,1.125,16.0,1.0,0.0,0.0,0.0,24.0,1,0.0,1.0,0.0,0.0
Sarfaraz Khan,202607,2026-04-03,"MA Chidambaram Stadium, Chennai",CSK,PBKS,1.3076923076923077,13.0,1.0,0.0,0.0,0.0,8.833333333333334,0.0,8.0,1.3076923076923077,13.0,1.0,0.0,0.0,0.0,33.0,1,2.0,1.0,1.0,0.0
Prashant Veer,202607,2026-04-03,"MA Chidambaram Stadium, Chennai",CSK,PBKS,0.0,0.0,0.0,0.0,0.0,0.0,0.0,0.0,0.0,0.0,0.0,0.0,0.0,0.0,0.0,0.0,0,0.0,0.0,0.0,0.0
Priyansh Arya,202607,2026-04-03,"MA Chidambaram Stadium, Chennai",CSK,PBKS,0.875,8.0,1.0,0.0,0.0,0.0,5.5,0.0,8.5,0.875,8.0,1.0,0.0,0.0,0.0,13.0,1,0.0,1.0,0.0,0.0
Prabhsimran Singh,202607,2026-04-03,"MA Chidambaram Stadium, Chennai",CSK,PBKS,1.5416666666666667,24.0,1.0,0.0,0.0,0.0,11.666666666666666,0.0,27.0,1.5416666666666667,24.0,1.0,0.0,0.0,0.0,50.0,1,1.0,4.0,0.0,0.0
Cooper Connolly,202607,2026-04-03,"MA Chidambaram Stadium, Chennai",CSK,PBKS,1.565217391304348,46.0,0.0,0.0,0.0,0.0,21.166666666666668,0.0,51.5,1.565217391304348,46.0,0.0,0.0,0.0,0.0,107.0,1,5.0,5.0,1.0,0.0
Shreyas Iyer,202607,2026-04-03,"MA Chidambaram Stadium, Chennai",CSK,PBKS,1.6363636363636365,11.0,1.0,0.0,0.0,0.0,9.0,0.0,15.0,1.6363636363636365,11.0,1.0,0.0,0.0,0.0,34.0,1,0.0,2.0,1.0,0.0
Nehal Wadhera,202607,2026-04-03,"MA Chidambaram Stadium, Chennai",CSK,PBKS,0.5,6.0,1.0,0.0,0.0,0.0,4.5,0.0,5.5,0.5,6.0,1.0,0.0,0.0,0.0,7.0,1,0.0,0.0,0.0,0.0
Marcus Stoinis,202607,2026-04-03,"MA Chidambaram Stadium, Chennai",CSK,PBKS,0.0,2.0,1.0,0.0,0.0,0.0,3.6666666666666665,0.0,3.0,0.0,2.0,1.0,0.0,0.0,0.0,2.0,1,0.0,0.0,0.0,0.0
Shashank Singh,202607,2026-04-03,"MA Chidambaram Stadium, Chennai",CSK,PBKS,0.8,5.0,1.0,0.0,0.0,0.0,4.666666666666667,0.0,6.0,0.8,5.0,1.0,0.0,0.0,0.0,8.0,1,0.0,0.0,0.0,0.0
Arshdeep Singh,202607,2026-04-03,"MA Chidambaram Stadium, Chennai",CSK,PBKS,0.0,0.0,0.0,1.3125,32.0,0.0,8.666666666666666,0.0,4.0,0.0,0.0,0.0,1.3125,32.0,0.0,32.0,1,0.0,0.0,2.0,0.0
Xavier Bartlett,202607,2026-04-03,"MA Chidambaram Stadium, Chennai",CSK,PBKS,2.2,5.0,0.0,1.44,25.0,0.0,7.5,0.0,10.5,2.2,5.0,0.0,1.44,25.0,0.0,25.0,1,0.0,1.0,1.0,0.0
Marco Jansen,202607,2026-04-03,"MA Chidambaram Stadium, Chennai",CSK,PBKS,0.75,12.0,1.0,0.8333333333333334,24.0,1.0,11.333333333333334,0.0,9.5,0.75,12.0,1.0,0.8333333333333334,24.0,1.0,48.0,1,0.0,1.0,1.0,0.0
Vijaykumar Vyshak,202607,2026-04-03,"MA Chidambaram Stadium, Chennai",CSK,PBKS,0.0,0.0,0.0,1.4,25.0,3.0,17.166666666666668,0.0,4.0,0.0,0.0,0.0,1.4,25.0,3.0,83.0,1,0.0,0.0,0.0,0.0
Yuzvendra Chahal,202607,2026-04-03,"MA Chidambaram Stadium, Chennai",CSK,PBKS,0.0,0.0,0.0,1.16,25.0,2.0,12.333333333333334,0.0,4.0,0.0,0.0,0.0,1.16,25.0,2.0,54.0,1,0.0,0.0,0.0,0.0
Khaleel Ahmed,202607,2026-04-03,"MA Chidambaram Stadium, Chennai",CSK,PBKS,0.0,0.0,0.0,1.0,18.0,0.0,4.0,0.0,4.0,0.0,0.0,0.0,1.0,18.0,0.0,4.0,1,0.0,0.0,0.0,0.0
Matt Henry,202607,2026-04-03,"MA Chidambaram Stadium, Chennai",CSK,PBKS,0.7142857142857143,7.0,1.0,2.1052631578947367,19.0,0.0,7.0,0.0,10.0,0.7142857142857143,7.0,1.0,2.1052631578947367,19.0,0.0,22.0,1,1.0,0.0,0.0,0.0
Anshul Kamboj,202607,2026-04-03,"MA Chidambaram Stadium, Chennai",CSK,PBKS,0.8,10.0,0.0,1.5,18.0,2.0,13.833333333333334,0.0,29.0,0.8,10.0,0.0,1.5,18.0,2.0,63.0,1,1.0,0.0,0.0,0.0
Noor Ahmad,202607,2026-04-03,"MA Chidambaram Stadium, Chennai",CSK,PBKS,0.1111111111111111,9.0,1.0,2.3333333333333335,12.0,0.0,4.166666666666667,0.0,4.0,0.1111111111111111,9.0,1.0,2.3333333333333335,12.0,0.0,5.0,1,0.0,0.0,0.0,0.0
Rahul Chahar,202607,2026-04-03,"MA Chidambaram Stadium, Chennai",CSK,PBKS,0.0,0.0,0.0,0.0,0.0,0.0,0.0,0.0,0.0,0.0,0.0,0.0,0.0,0.0,0.0,0.0,0,0.0,0.0,0.0,0.0
Ryan Rickelton,202608,2026-04-04,"Arun Jaitley Stadium, Delhi",MI,DC,1.8409090909090908,44.0,1.0,0.0,0.0,0.0,19.571428571428573,0.0,4.0,1.8409090909090908,44.0,1.0,0.0,0.0,0.0,113.0,1,4.0,8.0,0.0,0.0
Rohit Sharma,202608,2026-04-04,"Arun Jaitley Stadium, Delhi",MI,DC,2.0,39.0,1.0,0.0,0.0,0.0,18.857142857142858,0.0,4.0,2.0,39.0,1.0,0.0,0.0,0.0,108.0,1,6.0,6.0,0.0,0.0
Tilak Varma,202608,2026-04-04,"Arun Jaitley Stadium, Delhi",MI,DC,1.4285714285714286,14.0,1.0,0.0,0.0,0.0,9.714285714285714,0.0,12.0,1.4285714285714286,14.0,1.0,0.0,0.0,0.0,44.0,1,4.0,0.0,2.0,0.0
Suryakumar Yadav,202608,2026-04-04,"Arun Jaitley Stadium, Delhi",MI,DC,1.7777777777777777,9.0,1.0,0.0,0.0,0.0,6.714285714285714,0.0,4.0,1.7777777777777777,9.0,1.0,0.0,0.0,0.0,23.0,1,3.0,0.0,0.0,0.0
Sherfane Rutherford,202608,2026-04-04,"Arun Jaitley Stadium, Delhi",MI,DC,0.0,0.0,0.0,0.0,0.0,0.0,5.142857142857143,0.0,8.0,0.0,0.0,0.0,0.0,0.0,0.0,12.0,1,0.0,0.0,1.0,0.0
Naman Dhir,202608,2026-04-04,"Arun Jaitley Stadium, Delhi",MI,DC,2.5,2.0,0.0,0.0,0.0,0.0,4.857142857142857,0.0,4.0,2.5,2.0,0.0,0.0,0.0,0.0,10.0,1,1.0,0.0,0.0,0.0
Mitchell Santner,202608,2026-04-04,"Arun Jaitley Stadium, Delhi",MI,DC,0.0,0.0,0.0,0.0,0.0,0.0,0.0,0.0,0.0,0.0,0.0,0.0,0.0,0.0,0.0,0.0,0,0.0,0.0,0.0,0.0
Corbin Bosch,202608,2026-04-04,"Arun Jaitley Stadium, Delhi",MI,DC,0.0,0.0,0.0,0.0,0.0,0.0,0.0,0.0,0.0,0.0,0.0,0.0,0.0,0.0,0.0,0.0,0,0.0,0.0,0.0,0.0
Rahul,202608,2026-04-04,"Arun Jaitley Stadium, Delhi",MI,DC,0.0,1.0,1.0,0.0,0.0,0.0,4.857142857142857,0.0,3.0,0.0,1.0,1.0,0.0,0.0,0.0,10.0,1,0.0,0.0,1.0,0.0
Pathum Nissanka,202608,2026-04-04,"Arun Jaitley Stadium, Delhi",MI,DC,0.14285714285714285,7.0,1.0,0.0,0.0,0.0,4.142857142857143,0.0,4.5,0.14285714285714285,7.0,1.0,0.0,0.0,0.0,5.0,1,0.0,0.0,0.0,0.0
Nitish Rana,202608,2026-04-04,"Arun Jaitley Stadium, Delhi",MI,DC,0.75,20.0,1.0,0.0,0.0,0.0,6.714285714285714,0.0,13.5,0.75,20.0,1.0,0.0,0.0,0.0,23.0,1,2.0,1.0,0.0,0.0
Sameer Rizvi,202608,2026-04-04,"Arun Jaitley Stadium, Delhi",MI,DC,1.3725490196078431,51.0,0.0,0.0,0.0,0.0,17.0,0.0,49.5,1.3725490196078431,51.0,0.0,0.0,0.0,0.0,95.0,1,5.0,4.0,0.0,0.0
David Miller,202608,2026-04-04,"Arun Jaitley Stadium, Delhi",MI,DC,0.0,0.0,0.0,0.0,0.0,0.0,5.142857142857143,0.0,4.0,0.0,0.0,0.0,0.0,0.0,0.0,12.0,1,0.0,0.0,1.0,0.0
Tristan Stubbs,202608,2026-04-04,"Arun Jaitley Stadium, Delhi",MI,DC,1.1818181818181819,33.0,0.0,0.0,0.0,0.0,10.285714285714286,0.0,26.0,1.1818181818181819,33.0,0.0,0.0,0.0,0.0,48.0,1,3.0,1.0,0.0,0.0
Mukesh Kumar,202608,2026-04-04,"Arun Jaitley Stadium, Delhi",MI,DC,0.0,0.0,0.0,1.05,20.0,1.0,5.714285714285714,0.0,4.0,0.0,0.0,0.0,1.05,20.0,1.0,16.0,1,0.0,0.0,0.0,1.0
Lungi Ngidi,202608,2026-04-04,"Arun Jaitley Stadium, Delhi",MI,DC,0.0,0.0,0.0,1.2272727272727273,22.0,3.0,15.285714285714286,0.0,4.0,0.0,0.0,0.0,1.2272727272727273,22.0,3.0,83.0,1,0.0,0.0,0.0,0.0
Axar Patel,202608,2026-04-04,"Arun Jaitley Stadium, Delhi",MI,DC,0.0,2.0,1.0,1.1666666666666667,18.0,1.0,7.285714285714286,0.0,3.0,0.0,2.0,1.0,1.1666666666666667,18.0,1.0,27.0,1,0.0,0.0,0.0,0.0
Vipraj Nigam,202608,2026-04-04,"Arun Jaitley Stadium, Delhi",MI,DC,0.0,0.0,0.0,2.0,6.0,0.0,4.0,0.0,4.0,0.0,0.0,0.0,2.0,6.0,0.0,4.0,1,0.0,0.0,0.0,0.0
Kuldeep Yadav,202608,2026-04-04,"Arun Jaitley Stadium, Delhi",MI,DC,0.0,0.0,0.0,1.2916666666666667,24.0,2.0,12.285714285714286,0.0,4.0,0.0,0.0,0.0,1.2916666666666667,24.0,2.0,62.0,1,0.0,0.0,1.0,0.0
Natarajan,202608,2026-04-04,"Arun Jaitley Stadium, Delhi",MI,DC,0.0,0.0,0.0,1.2083333333333333,24.0,3.0,15.285714285714286,0.0,4.0,0.0,0.0,0.0,1.2083333333333333,24.0,3.0,83.0,1,0.0,0.0,0.0,0.0
Deepak Chahar,202608,2026-04-04,"Arun Jaitley Stadium, Delhi",MI,DC,0.0,0.0,0.0,0.0,0.0,0.0,0.0,0.0,0.0,0.0,0.0,0.0,0.0,0.0,0.0,0.0,0,0.0,0.0,0.0,0.0
Jasprit Bumrah,202608,2026-04-04,"Arun Jaitley Stadium, Delhi",MI,DC,0.0,0.0,0.0,1.3461538461538463,26.0,0.0,4.0,0.0,4.0,0.0,0.0,0.0,1.3461538461538463,26.0,0.0,4.0,1,0.0,0.0,0.0,0.0
Shardul Thakur,202608,2026-04-04,"Arun Jaitley Stadium, Delhi",MI,DC,0.0,0.0,0.0,1.625,24.0,3.0,15.285714285714286,0.0,43.5,0.0,0.0,0.0,1.625,24.0,3.0,83.0,1,0.0,0.0,0.0,0.0
Mayank Markande,202608,2026-04-04,"Arun Jaitley Stadium, Delhi",MI,DC,0.0,0.0,0.0,2.6666666666666665,6.0,0.0,4.0,0.0,4.0,0.0,0.0,0.0,2.6666666666666665,6.0,0.0,4.0,1,0.0,0.0,0.0,0.0
Yashasvi Jaiswal,202609,2026-04-04,"Narendra Modi Stadium, Ahmedabad",RR,GT,1.0555555555555556,36.0,0.0,0.0,0.0,0.0,11.285714285714286,0.0,8.0,1.0555555555555556,36.0,0.0,0.0,0.0,0.0,55.0,1,3.0,1.0,1.0,0.0
Vaibhav Sooryavanshi,202609,2026-04-04,"Narendra Modi Stadium, Ahmedabad",RR,GT,3.0588235294117645,17.0,1.0,0.0,0.0,0.0,14.571428571428571,0.0,4.0,3.0588235294117645,17.0,1.0,0.0,0.0,0.0,78.0,1,4.0,5.0,0.0,0.0
Dhruv Jurel,202609,2026-04-04,"Narendra Modi Stadium, Ahmedabad",RR,GT,2.0,9.0,1.0,0.0,0.0,0.0,8.285714285714286,0.0,8.0,2.0,9.0,1.0,0.0,0.0,0.0,34.0,1,4.0,0.0,1.0,0.0
Riyan Parag,202609,2026-04-04,"Narendra Modi Stadium, Ahmedabad",RR,GT,1.1666666666666667,12.0,0.0,0.0,0.0,0.0,6.428571428571429,0.0,4.0,1.1666666666666667,12.0,0.0,0.0,0.0,0.0,21.0,1,1.0,1.0,0.0,0.0
Shimron Hetmyer,202609,2026-04-04,"Narendra Modi Stadium, Ahmedabad",RR,GT,0.0,0.0,0.0,0.0,0.0,0.0,0.0,0.0,0.0,0.0,0.0,0.0,0.0,0.0,0.0,0.0,0,0.0,0.0,0.0,0.0
Donovan Ferreira,202609,2026-04-04,"Narendra Modi Stadium, Ahmedabad",RR,GT,0.0,0.0,0.0,0.0,0.0,0.0,0.0,0.0,0.0,0.0,0.0,0.0,0.0,0.0,0.0,0.0,0,0.0,0.0,0.0,0.0
Ravindra Jadeja,202609,2026-04-04,"Narendra Modi Stadium, Ahmedabad",RR,GT,0.0,0.0,0.0,1.0555555555555556,18.0,2.0,11.142857142857142,0.0,29.0,0.0,0.0,0.0,1.0555555555555556,18.0,2.0,54.0,1,0.0,0.0,0.0,0.0
Jofra Archer,202609,2026-04-04,"Narendra Modi Stadium, Ahmedabad",RR,GT,0.0,0.0,0.0,0.8,25.0,2.0,12.857142857142858,0.0,35.0,0.0,0.0,0.0,0.8,25.0,2.0,66.0,1,0.0,0.0,0.0,0.0
Sai Sudharsan,202609,2026-04-04,"Narendra Modi Stadium, Ahmedabad",RR,GT,1.0833333333333333,12.0,1.0,0.0,0.0,0.0,6.142857142857143,0.0,11.5,1.0833333333333333,12.0,1.0,0.0,0.0,0.0,19.0,1,2.0,0.0,0.0,0.0
Kumar Kushagra,202609,2026-04-04,"Narendra Modi Stadium, Ahmedabad",RR,GT,0.0,0.0,0.0,0.0,0.0,0.0,0.0,0.0,0.0,0.0,0.0,0.0,0.0,0.0,0.0,0.0,0,0.0,0.0,0.0,0.0
Jos Buttler,202609,2026-04-04,"Narendra Modi Stadium, Ahmedabad",RR,GT,1.1515151515151516,33.0,1.0,0.0,0.0,0.0,11.571428571428571,0.0,26.5,1.1515151515151516,33.0,1.0,0.0,0.0,0.0,57.0,1,3.0,2.0,1.0,0.0
Glenn Phillips,202609,2026-04-04,"Narendra Modi Stadium, Ahmedabad",RR,GT,1.4705882352941178,17.0,1.0,0.0,0.0,0.0,8.0,0.0,18.0,1.4705882352941178,17.0,1.0,0.0,0.0,0.0,32.0,1,1.0,1.0,0.0,0.0
Washington Sundar,202609,2026-04-04,"Narendra Modi Stadium, Ahmedabad",RR,GT,1.0,18.0,1.0,1.4210526315789473,19.0,1.0,11.571428571428571,0.0,14.0,1.0,18.0,1.0,1.4210526315789473,19.0,1.0,57.0,1,2.0,0.0,1.0,0.0
Rahul Tewatia,202609,2026-04-04,"Narendra Modi Stadium, Ahmedabad",RR,GT,0.9166666666666666,12.0,0.0,0.0,0.0,0.0,5.714285714285714,0.0,10.0,0.9166666666666666,12.0,0.0,0.0,0.0,0.0,16.0,1,1.0,0.0,0.0,0.0
Shahrukh Khan,202609,2026-04-04,"Narendra Modi Stadium, Ahmedabad",RR,GT,0.6666666666666666,6.0,1.0,0.0,0.0,0.0,4.571428571428571,0.0,6.0,0.6666666666666666,6.0,1.0,0.0,0.0,0.0,8.0,1,0.0,0.0,0.0,0.0
Rashid Khan,202609,2026-04-04,"Narendra Modi Stadium, Ahmedabad",RR,GT,0.0,4.0,0.0,1.2083333333333333,24.0,1.0,8.714285714285714,0.0,4.0,0.0,4.0,0.0,1.2083333333333333,24.0,1.0,37.0,1,0.0,0.0,1.0,0.0
Kagiso Rabada,202609,2026-04-04,"Narendra Modi Stadium, Ahmedabad",RR,GT,0.0,0.0,0.0,1.8888888888888888,18.0,1.0,7.571428571428571,0.0,4.0,0.0,0.0,0.0,1.8888888888888888,18.0,1.0,29.0,1,0.0,0.0,0.0,0.0
Ashok Sharma,202609,2026-04-04,"Narendra Modi Stadium, Ahmedabad",RR,GT,0.0,0.0,0.0,1.55,20.0,1.0,8.714285714285714,0.0,4.0,0.0,0.0,0.0,1.55,20.0,1.0,37.0,1,0.0,0.0,1.0,0.0
Mohammed Siraj,202609,2026-04-04,"Narendra Modi Stadium, Ahmedabad",RR,GT,0.0,0.0,0.0,1.25,12.0,0.0,4.0,0.0,4.0,0.0,0.0,0.0,1.25,12.0,0.0,4.0,1,0.0,0.0,0.0,0.0
Prasidh Krishna,202609,2026-04-04,"Narendra Modi Stadium, Ahmedabad",RR,GT,0.0,0.0,0.0,1.1153846153846154,26.0,3.0,16.428571428571427,0.0,4.0,0.0,0.0,0.0,1.1153846153846154,26.0,3.0,91.0,1,0.0,0.0,1.0,0.0
Nandre Burger,202609,2026-04-04,"Narendra Modi Stadium, Ahmedabad",RR,GT,0.0,0.0,0.0,1.1785714285714286,28.0,2.0,12.857142857142858,0.0,35.0,0.0,0.0,0.0,1.1785714285714286,28.0,2.0,66.0,1,0.0,0.0,0.0,0.0
Sandeep Sharma,202609,2026-04-04,"Narendra Modi Stadium, Ahmedabad",RR,GT,0.0,0.0,0.0,1.4375,16.0,2.0,7.571428571428571,0.0,16.5,0.0,0.0,0.0,1.4375,16.0,2.0,29.0,1,0.0,0.0,0.0,0.0
Tushar Deshpande,202609,2026-04-04,"Narendra Modi Stadium, Ahmedabad",RR,GT,0.0,0.0,0.0,0.0,0.0,0.0,0.0,0.0,0.0,0.0,0.0,0.0,0.0,0.0,0.0,0.0,0,0.0,0.0,0.0,0.0
Ravi Bishnoi,202609,2026-04-04,"Narendra Modi Stadium, Ahmedabad",RR,GT,0.0,0.0,0.0,0.8888888888888888,18.0,1.0,9.857142857142858,0.0,24.5,0.0,0.0,0.0,0.8888888888888888,18.0,1.0,45.0,1,0.0,0.0,2.0,0.0
Travis Head,202610,2026-04-05,"Rajiv Gandhi International Stadium, Hyderabad",SRH,LSG,1.78125,16.0,1.0,0.0,0.0,0.0,5.944444444444445,0.0,2.0,1.78125,16.0,1.0,0.0,0.0,0.0,39.5,2,4.0,1.5,0.0,0.0
Abhishek Sharma,202610,2026-04-05,"Rajiv Gandhi International Stadium, Hyderabad",SRH,LSG,1.6176470588235294,17.0,1.0,2.5,3.0,0.0,5.833333333333333,0.0,2.0,1.6176470588235294,17.0,1.0,2.5,3.0,0.0,38.5,2,2.0,2.5,0.0,0.0
Ishan Kishan,202610,2026-04-05,"Rajiv Gandhi International Stadium, Hyderabad",SRH,LSG,1.9791666666666667,24.0,1.0,0.0,0.0,0.0,9.777777777777779,0.0,4.666666666666667,1.9791666666666667,24.0,1.0,0.0,0.0,0.0,74.0,2,5.5,2.5,1.0,0.0
Liam Livingstone,202610,2026-04-05,"Rajiv Gandhi International Stadium, Hyderabad",SRH,LSG,0.0,0.0,0.0,0.0,0.0,0.0,0.0,0.0,0.0,0.0,0.0,0.0,0.0,0.0,0.0,0.0,0,0.0,0.0,0.0,0.0
Heinrich Klaasen,202610,2026-04-05,"Rajiv Gandhi International Stadium, Hyderabad",SRH,LSG,1.360655737704918,30.5,1.0,0.0,0.0,0.0,8.5,0.0,4.666666666666667,1.360655737704918,30.5,1.0,0.0,0.0,0.0,62.5,2,3.0,1.0,1.0,0.0
Nitish Reddy,202610,2026-04-05,"Rajiv Gandhi International Stadium, Hyderabad",SRH,LSG,1.3333333333333333,15.0,1.0,1.5833333333333333,12.0,1.0,7.333333333333333,0.0,10.333333333333334,1.3333333333333333,15.0,1.0,1.5833333333333333,12.0,1.0,52.0,2,2.0,0.5,0.0,0.0
Aniket Verma,202610,2026-04-05,"Rajiv Gandhi International Stadium, Hyderabad",SRH,LSG,1.9130434782608696,11.5,1.0,0.0,0.0,0.0,5.5,0.0,3.3333333333333335,1.9130434782608696,11.5,1.0,0.0,0.0,0.0,35.5,2,1.5,2.0,0.5,0.0
Harsh Dubey,202610,2026-04-05,"Rajiv Gandhi International Stadium, Hyderabad",SRH,LSG,1.5,4.0,0.5,1.6774193548387097,15.5,1.0,7.111111111111111,0.0,15.0,1.5,4.0,0.5,1.6774193548387097,15.5,1.0,50.0,2,1.0,0.0,1.0,0.0
Shivang Kumar,202610,2026-04-05,"Rajiv Gandhi International Stadium, Hyderabad",SRH,LSG,2.0,2.0,1.0,1.7083333333333333,24.0,1.0,4.555555555555555,0.0,4.0,2.0,2.0,1.0,1.7083333333333333,24.0,1.0,9.0,1,1.0,0.0,0.0,0.0
Harshal Patel,202610,2026-04-05,"Rajiv Gandhi International Stadium, Hyderabad",SRH,LSG,0.0,2.0,1.0,2.388888888888889,18.0,0.0,3.7777777777777777,0.0,4.0,0.0,2.0,1.0,2.388888888888889,18.0,0.0,2.0,1,0.0,0.0,0.0,0.0
Aiden Markram,202610,2026-04-05,"Rajiv Gandhi International Stadium, Hyderabad",SRH,LSG,1.375,8.0,1.0,2.1666666666666665,6.0,0.0,5.555555555555555,0.0,8.666666666666666,1.375,8.0,1.0,2.1666666666666665,6.0,0.0,18.0,1,1.0,1.0,0.0,0.0
Mitchell Marsh,202610,2026-04-05,"Rajiv Gandhi International Stadium, Hyderabad",SRH,LSG,1.206896551724138,29.0,2.0,0.0,0.0,0.0,8.777777777777779,0.0,18.333333333333332,1.206896551724138,29.0,2.0,0.0,0.0,0.0,47.0,1,2.0,3.0,0.0,0.0
Rishabh Pant,202610,2026-04-05,"Rajiv Gandhi International Stadium, Hyderabad",SRH,LSG,0.7,10.0,0.0,0.0,0.0,0.0,5.777777777777778,0.0,6.666666666666667,0.7,10.0,0.0,0.0,0.0,0.0,20.0,1,1.0,0.0,1.0,0.0
Ayush Badoni,202610,2026-04-05,"Rajiv Gandhi International Stadium, Hyderabad",SRH,LSG,0.0,3.0,1.0,0.0,0.0,0.0,3.7777777777777777,0.0,3.3333333333333335,0.0,3.0,1.0,0.0,0.0,0.0,2.0,1,0.0,0.0,0.0,0.0
Nicholas Pooran,202610,2026-04-05,"Rajiv Gandhi International Stadium, Hyderabad",SRH,LSG,1.0,8.0,1.0,0.0,0.0,0.0,5.0,0.0,7.0,1.0,8.0,1.0,0.0,0.0,0.0,13.0,1,1.0,0.0,0.0,0.0
Abdul Samad,202610,2026-04-05,"Rajiv Gandhi International Stadium, Hyderabad",SRH,LSG,1.44,25.0,1.0,6.0,1.0,0.0,9.444444444444445,0.0,17.666666666666668,1.44,25.0,1.0,6.0,1.0,0.0,53.0,1,3.0,1.0,1.0,0.0
Mukul Choudhary,202610,2026-04-05,"Rajiv Gandhi International Stadium, Hyderabad",SRH,LSG,1.2727272727272727,11.0,1.0,0.0,0.0,0.0,5.777777777777778,0.0,9.333333333333334,1.2727272727272727,11.0,1.0,0.0,0.0,0.0,20.0,1,2.0,0.0,0.0,0.0
Mohammed Shami,202610,2026-04-05,"Rajiv Gandhi International Stadium, Hyderabad",SRH,LSG,0.5,2.0,1.0,1.0,27.0,1.0,6.888888888888889,0.0,4.333333333333333,0.5,2.0,1.0,1.0,27.0,1.0,30.0,1,0.0,0.0,0.0,0.0
Digvesh Singh Rathi,202610,2026-04-05,"Rajiv Gandhi International Stadium, Hyderabad",SRH,LSG,0.0,0.0,0.0,0.0,0.0,0.0,0.0,0.0,0.0,0.0,0.0,0.0,0.0,0.0,0.0,0.0,0,0.0,0.0,0.0,0.0
Prince Yadav,202610,2026-04-05,"Rajiv Gandhi International Stadium, Hyderabad",SRH,LSG,0.0,0.0,0.0,0.9090909090909091,22.0,2.0,9.555555555555555,0.0,4.0,0.0,0.0,0.0,0.9090909090909091,22.0,2.0,54.0,1,0.0,0.0,0.0,0.0
Manimaran Siddharth,202610,2026-04-05,"Rajiv Gandhi International Stadium, Hyderabad",SRH,LSG,0.0,0.0,0.0,0.0,0.0,0.0,0.0,0.0,0.0,0.0,0.0,0.0,0.0,0.0,0.0,0.0,0,0.0,0.0,0.0,0.0
Avesh Khan,202610,2026-04-05,"Rajiv Gandhi International Stadium, Hyderabad",SRH,LSG,0.0,0.0,0.0,0.0,0.0,0.0,0.0,0.0,0.0,0.0,0.0,0.0,0.0,0.0,0.0,0.0,0,0.0,0.0,0.0,0.0
Jaydev Unadkat,202610,2026-04-05,"Rajiv Gandhi International Stadium, Hyderabad",SRH,LSG,1.3333333333333333,1.5,0.0,1.4864864864864864,18.5,2.0,9.333333333333334,0.0,23.333333333333332,1.3333333333333333,1.5,0.0,1.4864864864864864,18.5,2.0,70.0,2,0.0,0.0,1.5,0.0
Eshan Malinga,202610,2026-04-05,"Rajiv Gandhi International Stadium, Hyderabad",SRH,LSG,0.0,0.0,0.0,1.53125,16.0,1.5,5.888888888888889,0.0,13.666666666666666,0.0,0.0,0.0,1.53125,16.0,1.5,39.0,2,0.0,0.0,0.5,0.5
Phil Salt,202611,2026-04-05,"M.Chinnaswamy Stadium, Bengaluru",RCB,CSK,1.1428571428571428,7.0,1.0,0.0,0.0,0.0,8.222222222222221,42.0,13.333333333333334,1.1428571428571428,7.0,1.0,0.0,0.0,0.0,42.0,1,2.0,0.0,3.0,0.0
Virat Kohli,202611,2026-04-05,"M.Chinnaswamy Stadium, Bengaluru",RCB,CSK,1.6829268292682926,41.0,0.0,0.0,0.0,0.0,15.11111111111111,104.0,6.666666666666667,1.6829268292682926,41.0,0.0,0.0,0.0,0.0,104.0,1,5.0,5.0,1.0,0.0
Devdutt Padikkal,202611,2026-04-05,"M.Chinnaswamy Stadium, Bengaluru",RCB,CSK,2.3461538461538463,26.0,1.0,0.0,0.0,0.0,16.444444444444443,116.0,13.333333333333334,2.3461538461538463,26.0,1.0,0.0,0.0,0.0,116.0,1,7.0,4.0,3.0,0.0
Rajat Patidar,202611,2026-04-05,"M.Chinnaswamy Stadium, Bengaluru",RCB,CSK,2.066666666666667,15.0,1.0,0.0,0.0,0.0,8.333333333333334,43.0,4.0,2.066666666666667,15.0,1.0,0.0,0.0,0.0,43.0,1,2.0,3.0,0.0,0.0
Tim David,202611,2026-04-05,"M.Chinnaswamy Stadium, Bengaluru",RCB,CSK,1.3333333333333333,12.0,0.0,0.0,0.0,0.0,6.111111111111111,23.0,4.0,1.3333333333333333,12.0,0.0,0.0,0.0,0.0,23.0,1,1.0,1.0,0.0,0.0
Sanju Samson,202611,2026-04-05,"M.Chinnaswamy Stadium, Bengaluru",RCB,CSK,0.8666666666666667,7.5,1.0,0.0,0.0,0.0,2.8333333333333335,2.0,4.5,0.8666666666666667,7.5,1.0,0.0,0.0,0.0,11.5,2,1.0,0.0,0.0,0.0
Ruturaj Gaikwad,202611,2026-04-05,"M.Chinnaswamy Stadium, Bengaluru",RCB,CSK,0.9714285714285714,17.5,1.0,0.0,0.0,0.0,4.055555555555555,2.0,8.166666666666666,0.9714285714285714,17.5,1.0,0.0,0.0,0.0,22.5,2,1.5,0.0,0.0,0.0
Ayush Mhatre,202611,2026-04-05,"M.Chinnaswamy Stadium, Bengaluru",RCB,CSK,1.553191489361702,23.5,1.0,0.0,0.0,0.0,7.277777777777778,2.0,17.833333333333332,1.553191489361702,23.5,1.0,0.0,0.0,0.0,51.5,2,3.0,2.5,0.0,0.0
Sarfaraz Khan,202611,2026-04-05,"M.Chinnaswamy Stadium, Bengaluru",RCB,CSK,1.8846153846153846,13.0,1.0,0.0,0.0,0.0,5.833333333333333,2.0,12.166666666666666,1.8846153846153846,13.0,1.0,0.0,0.0,0.0,38.5,2,4.0,1.0,0.5,0.0
Kartik Sharma,202611,2026-04-05,"M.Chinnaswamy Stadium, Bengaluru",RCB,CSK,1.0,9.5,1.0,0.0,0.0,0.0,3.1666666666666665,2.0,5.5,1.0,9.5,1.0,0.0,0.0,0.0,14.5,2,0.0,0.5,0.0,0.0
Shivam Dube,202611,2026-04-05,"M.Chinnaswamy Stadium, Bengaluru",RCB,CSK,1.4166666666666667,18.0,0.5,0.0,0.0,0.0,5.333333333333333,2.0,12.0,1.4166666666666667,18.0,0.5,0.0,0.0,0.0,34.0,2,2.5,1.0,0.0,0.0
Prashant Veer,202611,2026-04-05,"M.Chinnaswamy Stadium, Bengaluru",RCB,CSK,0.8571428571428571,7.0,0.0,0.0,0.0,0.0,4.777777777777778,4.0,6.333333333333333,0.8571428571428571,7.0,0.0,0.0,0.0,0.0,11.0,1,1.0,0.0,0.0,0.0
Jamie Overton,202611,2026-04-05,"M.Chinnaswamy Stadium, Bengaluru",RCB,CSK,1.162162162162162,37.0,1.0,2.3333333333333335,6.0,0.0,9.444444444444445,4.0,20.333333333333332,1.162162162162162,37.0,1.0,2.3333333333333335,6.0,0.0,53.0,1,2.0,2.0,0.0,0.0
Anshul Kamboj,202611,2026-04-05,"M.Chinnaswamy Stadium, Bengaluru",RCB,CSK,0.8,5.0,0.0,1.6666666666666667,21.0,2.0,8.055555555555555,2.0,3.5,0.8,5.0,0.0,1.6666666666666667,21.0,2.0,58.5,2,0.5,0.0,0.0,0.0
Noor Ahmad,202611,2026-04-05,"M.Chinnaswamy Stadium, Bengaluru",RCB,CSK,0.1111111111111111,4.5,0.5,1.736842105263158,19.0,0.5,2.5,2.0,2.1666666666666665,0.1111111111111111,4.5,0.5,1.736842105263158,19.0,0.5,8.5,2,0.0,0.0,0.5,0.0
Matt Henry,202611,2026-04-05,"M.Chinnaswamy Stadium, Bengaluru",RCB,CSK,0.7142857142857143,3.5,0.5,2.2093023255813953,21.5,1.0,6.222222222222222,2.0,3.0,0.7142857142857143,3.5,0.5,2.2093023255813953,21.5,1.0,42.0,2,0.5,0.0,0.5,0.0
Khaleel Ahmed,202611,2026-04-05,"M.Chinnaswamy Stadium, Bengaluru",RCB,CSK,0.0,0.0,0.0,1.1842105263157894,19.0,0.0,2.6666666666666665,2.0,2.0,0.0,0.0,0.0,1.1842105263157894,19.0,0.0,10.0,2,0.0,0.0,0.0,0.0
Jacob Duffy,202611,2026-04-05,"M.Chinnaswamy Stadium, Bengaluru",RCB,CSK,0.0,0.0,0.0,0.8846153846153846,26.0,3.0,12.777777777777779,83.0,30.333333333333332,0.0,0.0,0.0,0.8846153846153846,26.0,3.0,83.0,1,0.0,0.0,0.0,0.0
Bhuvneshwar Kumar,202611,2026-04-05,"M.Chinnaswamy Stadium, Bengaluru",RCB,CSK,0.0,0.0,0.0,1.2692307692307692,26.0,1.0,6.777777777777778,29.0,12.333333333333334,0.0,0.0,0.0,1.2692307692307692,26.0,1.0,29.0,1,0.0,0.0,0.0,0.0
Abhinandan Singh,202611,2026-04-05,"M.Chinnaswamy Stadium, Bengaluru",RCB,CSK,0.0,0.0,0.0,2.111111111111111,18.0,1.0,7.666666666666667,37.0,15.0,0.0,0.0,0.0,2.111111111111111,18.0,1.0,37.0,1,0.0,0.0,1.0,0.0
Krunal Pandya,202611,2026-04-05,"M.Chinnaswamy Stadium, Bengaluru",RCB,CSK,0.0,0.0,0.0,2.076923076923077,13.0,0.0,4.0,4.0,4.0,0.0,0.0,0.0,2.076923076923077,13.0,0.0,4.0,1,0.0,0.0,0.0,0.0
Suyash Sharma,202611,2026-04-05,"M.Chinnaswamy Stadium, Bengaluru",RCB,CSK,0.0,0.0,0.0,1.5555555555555556,18.0,1.0,6.777777777777778,29.0,12.333333333333334,0.0,0.0,0.0,1.5555555555555556,18.0,1.0,29.0,1,0.0,0.0,0.0,0.0
Romario Shepherd,202611,2026-04-05,"M.Chinnaswamy Stadium, Bengaluru",RCB,CSK,0.0,0.0,0.0,2.16,25.0,3.0,12.777777777777779,83.0,30.333333333333332,0.0,0.0,0.0,2.16,25.0,3.0,83.0,1,0.0,0.0,0.0,0.0
Ajinkya Rahane,202612,2026-04-06,"Eden Gardens, Kolkata",KKR,PBKS,1.3888888888888888,27.0,1.0,0.0,0.0,0.0,6.7272727272727275,10.0,3.0,1.3888888888888888,27.0,1.0,0.0,0.0,0.0,56.0,2,1.5,2.5,0.5,0.0
Finn Allen,202612,2026-04-06,"Eden Gardens, Kolkata",KKR,PBKS,2.6,12.5,1.0,0.0,0.0,0.0,5.7727272727272725,20.0,2.0,2.6,12.5,1.0,0.0,0.0,0.0,45.5,2,5.0,2.0,0.0,0.0
Cameron Green,202612,2026-04-06,"Eden Gardens, Kolkata",KKR,PBKS,1.5384615384615385,6.5,0.5,0.0,0.0,0.0,3.409090909090909,7.0,3.0,1.5384615384615385,6.5,0.5,0.0,0.0,0.0,19.5,2,0.5,0.5,0.5,0.0
Angkrish Raghuvanshi,202612,2026-04-06,"Eden Gardens, Kolkata",KKR,PBKS,1.6885245901639345,30.5,1.0,0.0,0.0,0.0,8.318181818181818,37.0,2.0,1.6885245901639345,30.5,1.0,0.0,0.0,0.0,73.5,2,6.0,2.0,0.0,0.0
Arshdeep Singh,202612,2026-04-06,"Eden Gardens, Kolkata",KKR,PBKS,0.0,0.0,0.0,1.423728813559322,29.5,0.0,3.272727272727273,2.0,2.0,0.0,0.0,0.0,1.423728813559322,29.5,0.0,18.0,2,0.0,0.0,1.0,0.0
Xavier Bartlett,202612,2026-04-06,"Eden Gardens, Kolkata",KKR,PBKS,2.2,2.5,0.0,1.6470588235294117,25.5,0.5,4.636363636363637,2.0,3.625,2.2,2.5,0.0,1.6470588235294117,25.5,0.5,33.0,2,0.0,0.5,0.5,0.0
Yashasvi Jaiswal,202613,2026-04-07,"Barsapara Cricket Stadium, Guwahati",RR,MI,1.273972602739726,36.5,0.5,0.0,0.0,0.0,7.25,27.5,3.0,1.273972602739726,36.5,0.5,0.0,0.0,0.0,67.0,2,4.5,2.0,0.5,0.0
Vaibhav Sooryavanshi,202613,2026-04-07,"Barsapara Cricket Stadium, Guwahati",RR,MI,2.2432432432432434,18.5,1.0,0.0,0.0,0.0,6.666666666666667,39.0,2.0,2.2432432432432434,18.5,1.0,0.0,0.0,0.0,60.0,2,4.5,3.0,0.0,0.0
Dhruv Jurel,202613,2026-04-07,"Barsapara Cricket Stadium, Guwahati",RR,MI,1.690909090909091,27.5,1.0,0.0,0.0,0.0,7.666666666666667,17.0,4.0,1.690909090909091,27.5,1.0,0.0,0.0,0.0,72.0,2,4.5,2.5,1.0,0.0
Riyan Parag,202613,2026-04-07,"Barsapara Cricket Stadium, Guwahati",RR,MI,1.375,8.0,0.5,1.8333333333333333,3.0,0.5,4.166666666666667,10.5,5.125,1.375,8.0,0.5,1.8333333333333333,3.0,0.5,30.0,2,0.5,1.0,0.0,0.0
Shimron Hetmyer,202613,2026-04-07,"Barsapara Cricket Stadium, Guwahati",RR,MI,2.0,9.0,1.0,0.0,0.0,0.0,6.583333333333333,4.0,6.0,2.0,9.0,1.0,0.0,0.0,0.0,35.0,1,1.0,2.0,1.0,0.0
Ryan Rickelton,202613,2026-04-07,"Barsapara Cricket Stadium, Guwahati",RR,MI,1.6363636363636365,27.5,1.0,0.0,0.0,0.0,7.333333333333333,2.0,17.0,1.6363636363636365,27.5,1.0,0.0,0.0,0.0,68.0,2,3.0,4.0,0.5,0.0
Rohit Sharma,202613,2026-04-07,"Barsapara Cricket Stadium, Guwahati",RR,MI,1.7121212121212122,33.0,1.0,0.0,0.0,0.0,8.083333333333334,2.0,20.25,1.7121212121212122,33.0,1.0,0.0,0.0,0.0,77.0,2,5.5,3.5,0.0,0.0
Suryakumar Yadav,202613,2026-04-07,"Barsapara Cricket Stadium, Guwahati",RR,MI,1.425531914893617,23.5,1.0,0.0,0.0,0.0,5.541666666666667,2.0,12.625,1.425531914893617,23.5,1.0,0.0,0.0,0.0,46.5,2,3.0,1.0,0.0,0.0
Tilak Varma,202613,2026-04-07,"Barsapara Cricket Stadium, Guwahati",RR,MI,1.25,8.0,1.0,0.0,0.0,0.0,3.9166666666666665,2.0,4.75,1.25,8.0,1.0,0.0,0.0,0.0,27.0,2,2.0,0.0,1.5,0.0
Hardik Pandya,202613,2026-04-07,"Barsapara Cricket Stadium, Guwahati",RR,MI,1.6363636363636365,11.0,0.0,2.0,20.0,1.0,8.5,4.0,9.25,1.6363636363636365,11.0,0.0,2.0,20.0,1.0,58.0,1,3.0,0.0,1.0,0.0
Naman Dhir,202613,2026-04-07,"Barsapara Cricket Stadium, Guwahati",RR,MI,1.434782608695652,11.5,0.5,0.0,0.0,0.0,3.5833333333333335,2.0,6.75,1.434782608695652,11.5,0.5,0.0,0.0,0.0,23.0,2,1.5,0.5,0.0,0.0
Sherfane Rutherford,202613,2026-04-07,"Barsapara Cricket Stadium, Guwahati",RR,MI,0.7142857142857143,3.5,0.5,0.0,0.0,0.0,2.5833333333333335,2.0,2.75,0.7142857142857143,3.5,0.5,0.0,0.0,0.0,11.0,2,0.5,0.0,0.5,0.0
Shardul Thakur,202613,2026-04-07,"Barsapara Cricket Stadium, Guwahati",RR,MI,0.0,0.0,0.0,1.8604651162790697,21.5,1.5,5.291666666666667,2.0,2.0,0.0,0.0,0.0,1.8604651162790697,21.5,1.5,43.5,2,0.0,0.0,0.0,0.0
Deepak Chahar,202613,2026-04-07,"Barsapara Cricket Stadium, Guwahati",RR,MI,0.0,0.0,0.0,1.1111111111111112,18.0,1.0,6.083333333333333,4.0,4.0,0.0,0.0,0.0,1.1111111111111112,18.0,1.0,29.0,1,0.0,0.0,0.0,0.0
Trent Boult,202613,2026-04-07,"Barsapara Cricket Stadium, Guwahati",RR,MI,0.0,0.0,0.0,1.4074074074074074,27.0,0.0,4.0,4.0,4.0,0.0,0.0,0.0,1.4074074074074074,27.0,0.0,4.0,1,0.0,0.0,0.0,0.0
Jasprit Bumrah,202613,2026-04-07,"Barsapara Cricket Stadium, Guwahati",RR,MI,0.0,0.0,0.0,1.0980392156862746,25.5,0.5,2.5,2.0,2.0,0.0,0.0,0.0,1.0980392156862746,25.5,0.5,10.0,2,0.0,0.0,0.0,0.5
AM Ghazanfar,202613,2026-04-07,"Barsapara Cricket Stadium, Guwahati",RR,MI,0.0,0.0,0.0,2.08,25.0,0.0,4.0,4.0,4.0,0.0,0.0,0.0,2.08,25.0,0.0,4.0,1,0.0,0.0,0.0,0.0
Jofra Archer,202613,2026-04-07,"Barsapara Cricket Stadium, Guwahati",RR,MI,0.5,1.0,0.0,1.18,25.0,1.0,5.291666666666667,33.0,11.75,0.5,1.0,0.0,1.18,25.0,1.0,43.5,2,0.0,0.0,1.0,0.0
Nandre Burger,202613,2026-04-07,"Barsapara Cricket Stadium, Guwahati",RR,MI,0.0,0.0,0.0,1.3404255319148937,23.5,1.5,5.625,33.0,12.875,0.0,0.0,0.0,1.3404255319148937,23.5,1.5,47.5,2,0.0,0.0,0.0,0.0
Sandeep Sharma,202613,2026-04-07,"Barsapara Cricket Stadium, Guwahati",RR,MI,0.0,0.0,0.0,1.6764705882352942,17.0,1.0,3.375,14.5,6.125,0.0,0.0,0.0,1.6764705882352942,17.0,1.0,20.5,2,0.0,0.0,0.5,0.0
Tushar Deshpande,202613,2026-04-07,"Barsapara Cricket Stadium, Guwahati",RR,MI,0.0,0.0,0.0,1.263157894736842,19.0,1.0,6.75,4.0,12.25,0.0,0.0,0.0,1.263157894736842,19.0,1.0,37.0,1,0.0,0.0,1.0,0.0
Ravi Bishnoi,202613,2026-04-07,"Barsapara Cricket Stadium, Guwahati",RR,MI,0.0,0.0,0.0,1.3255813953488371,21.5,3.0,8.208333333333334,22.5,20.625,0.0,0.0,0.0,1.3255813953488371,21.5,3.0,78.5,2,0.0,0.0,1.0,0.0
Sai Sudharsan,202614,2026-04-08,"Arun Jaitley Stadium, Delhi",GT,DC,1.4827586206896552,29.0,1.0,0.0,0.0,0.0,6.269230769230769,2.0,2.0,1.4827586206896552,29.0,1.0,0.0,0.0,0.0,59.5,2,5.5,1.5,0.0,0.0
Shubman Gill,202614,2026-04-08,"Arun Jaitley Stadium, Delhi",GT,DC,1.3448275862068966,29.0,1.0,0.0,0.0,0.0,8.692307692307692,4.0,8.0,1.3448275862068966,29.0,1.0,0.0,0.0,0.0,65.0,1,6.0,0.0,2.0,0.0
Jos Buttler,202614,2026-04-08,"Arun Jaitley Stadium, Delhi",GT,DC,1.3617021276595744,23.5,1.0,0.0,0.0,0.0,5.538461538461538,2.0,4.0,1.3617021276595744,23.5,1.0,0.0,0.0,0.0,50.0,2,4.0,1.0,1.0,0.0
Washington Sundar,202614,2026-04-08,"Arun Jaitley Stadium, Delhi",GT,DC,1.1,10.0,1.0,1.4210526315789473,9.5,0.5,4.230769230769231,2.0,6.125,1.1,10.0,1.0,1.4210526315789473,9.5,0.5,33.0,2,1.5,0.0,0.5,0.0
Glenn Phillips,202614,2026-04-08,"Arun Jaitley Stadium, Delhi",GT,DC,1.3333333333333333,10.5,1.0,0.0,0.0,0.0,3.8076923076923075,2.0,4.0,1.3333333333333333,10.5,1.0,0.0,0.0,0.0,27.5,2,0.5,0.5,1.0,0.0
Rahul Tewatia,202614,2026-04-08,"Arun Jaitley Stadium, Delhi",GT,DC,1.2777777777777777,9.0,0.5,0.0,0.0,0.0,3.0384615384615383,2.0,2.0,1.2777777777777777,9.0,0.5,0.0,0.0,0.0,17.5,2,1.0,0.5,0.0,0.0
Pathum Nissanka,202614,2026-04-08,"Arun Jaitley Stadium, Delhi",GT,DC,1.2162162162162162,18.5,1.0,0.0,0.0,0.0,4.038461538461538,28.0,8.625,1.2162162162162162,18.5,1.0,0.0,0.0,0.0,30.5,2,3.0,0.5,0.0,0.0
Rahul,202614,2026-04-08,"Arun Jaitley Stadium, Delhi",GT,DC,0.25,2.0,1.0,0.0,0.0,0.0,2.269230769230769,2.5,1.875,0.25,2.0,1.0,0.0,0.0,0.0,7.5,2,0.0,0.0,0.5,0.0
Nitish Rana,202614,2026-04-08,"Arun Jaitley Stadium, Delhi",GT,DC,0.6521739130434783,11.5,1.0,0.0,0.0,0.0,2.9615384615384617,5.0,4.125,0.6521739130434783,11.5,1.0,0.0,0.0,0.0,16.5,2,1.0,0.5,0.5,0.0
Sameer Rizvi,202614,2026-04-08,"Arun Jaitley Stadium, Delhi",GT,DC,1.5238095238095237,52.5,0.5,0.0,0.0,0.0,10.076923076923077,61.5,28.25,1.5238095238095237,52.5,0.5,0.0,0.0,0.0,109.0,2,6.0,5.5,0.0,0.0
David Miller,202614,2026-04-08,"Arun Jaitley Stadium, Delhi",GT,DC,1.105263157894737,9.5,0.0,0.0,0.0,0.0,3.269230769230769,14.5,5.125,1.105263157894737,9.5,0.0,0.0,0.0,0.0,20.5,2,2.0,0.0,0.5,0.0
Axar Patel,202614,2026-04-08,"Arun Jaitley Stadium, Delhi",GT,DC,0.0,1.0,0.5,1.0,21.5,1.0,4.153846153846154,18.5,1.75,0.0,1.0,0.5,1.0,21.5,1.0,32.0,2,0.0,0.0,0.5,0.0
Tristan Stubbs,202614,2026-04-08,"Arun Jaitley Stadium, Delhi",GT,DC,1.135135135135135,18.5,0.0,0.0,0.0,0.0,4.115384615384615,7.5,7.875,1.135135135135135,18.5,0.0,0.0,0.0,0.0,31.5,2,1.5,0.5,0.5,0.0
Vipraj Nigam,202614,2026-04-08,"Arun Jaitley Stadium, Delhi",GT,DC,0.0,0.0,0.0,1.44,12.5,0.5,2.9615384615384617,14.5,2.0,0.0,0.0,0.0,1.44,12.5,0.5,16.5,2,0.0,0.0,0.0,0.0
Kuldeep Yadav,202614,2026-04-08,"Arun Jaitley Stadium, Delhi",GT,DC,0.0,0.0,0.0,1.5,21.0,1.0,4.230769230769231,2.0,2.0,0.0,0.0,0.0,1.5,21.0,1.0,33.0,2,0.0,0.0,0.5,0.0
Mukesh Kumar,202614,2026-04-08,"Arun Jaitley Stadium, Delhi",GT,DC,0.0,0.0,0.0,1.205128205128205,19.5,1.5,5.0,35.0,2.0,0.0,0.0,0.0,1.205128205128205,19.5,1.5,43.0,2,0.0,0.0,1.0,0.5
Lungi Ngidi,202614,2026-04-08,"Arun Jaitley Stadium, Delhi",GT,DC,0.0,0.0,0.0,1.297872340425532,23.5,2.0,6.0,14.5,2.0,0.0,0.0,0.0,1.297872340425532,23.5,2.0,56.0,2,0.0,0.0,0.0,0.0
Natarajan,202614,2026-04-08,"Arun Jaitley Stadium, Delhi",GT,DC,0.0,0.0,0.0,1.2619047619047619,21.0,2.0,6.0,14.5,2.0,0.0,0.0,0.0,1.2619047619047619,21.0,2.0,56.0,2,0.0,0.0,0.0,0.0
Mohammed Siraj,202614,2026-04-08,"Arun Jaitley Stadium, Delhi",GT,DC,0.0,0.0,0.0,1.7297297297297298,18.5,0.5,3.269230769230769,2.0,6.125,0.0,0.0,0.0,1.7297297297297298,18.5,0.5,20.5,2,0.0,0.0,0.5,0.0
Kagiso Rabada,202614,2026-04-08,"Arun Jaitley Stadium, Delhi",GT,DC,1.3529411764705883,8.5,0.0,1.6888888888888889,22.5,1.5,5.961538461538462,2.0,11.375,1.3529411764705883,8.5,0.0,1.6888888888888889,22.5,1.5,55.5,2,0.5,1.0,0.0,0.0
Rashid Khan,202614,2026-04-08,"Arun Jaitley Stadium, Delhi",GT,DC,1.2,10.0,1.0,1.36,25.0,1.0,5.269230769230769,2.0,9.25,1.2,10.0,1.0,1.36,25.0,1.0,46.5,2,1.5,0.0,0.5,0.0
Ashok Sharma,202614,2026-04-08,"Arun Jaitley Stadium, Delhi",GT,DC,0.0,0.5,0.0,1.4782608695652173,23.0,1.0,4.6923076923076925,2.0,10.75,0.0,0.5,0.0,1.4782608695652173,23.0,1.0,39.0,2,0.0,0.0,0.5,0.0
Prasidh Krishna,202614,2026-04-08,"Arun Jaitley Stadium, Delhi",GT,DC,0.0,0.0,0.0,1.411764705882353,25.5,2.0,6.3076923076923075,2.0,16.0,0.0,0.0,0.0,1.411764705882353,25.5,2.0,60.0,2,0.0,0.0,0.5,0.0
Ajinkya Rahane,202615,2026-04-09,"Eden Gardens, Kolkata",KKR,LSG,1.3833333333333333,20.0,0.6666666666666666,0.0,0.0,0.0,4.023809523809524,5.5,2.0,1.3833333333333333,20.0,0.6666666666666666,0.0,0.0,0.0,41.666666666666664,3,1.3333333333333333,1.6666666666666667,0.3333333333333333,0.0
Finn Allen,202615,2026-04-09,"Eden Gardens, Kolkata",KKR,LSG,2.21875,10.666666666666666,1.0,0.0,0.0,0.0,3.4761904761904763,8.5,1.3333333333333333,2.21875,10.666666666666666,1.0,0.0,0.0,0.0,34.0,3,3.6666666666666665,1.3333333333333333,0.0,0.0
Angkrish Raghuvanshi,202615,2026-04-09,"Eden Gardens, Kolkata",KKR,LSG,1.6176470588235294,22.666666666666668,0.6666666666666666,0.0,0.0,0.0,4.809523809523809,14.166666666666666,1.3333333333333333,1.6176470588235294,22.666666666666668,0.6666666666666666,0.0,0.0,0.0,52.666666666666664,3,4.0,1.3333333333333333,0.0,0.0
Cameron Green,202615,2026-04-09,"Eden Gardens, Kolkata",KKR,LSG,1.6,5.0,0.6666666666666666,0.0,0.0,0.0,2.1904761904761902,3.8333333333333335,2.0,1.6,5.0,0.6666666666666666,0.0,0.0,0.0,16.0,3,0.6666666666666666,0.3333333333333333,0.3333333333333333,0.0
Rinku Singh,202615,2026-04-09,"Eden Gardens, Kolkata",KKR,LSG,1.4166666666666667,24.0,1.0,0.0,0.0,0.0,5.642857142857143,16.25,5.0,1.4166666666666667,24.0,1.0,0.0,0.0,0.0,55.0,2,4.0,0.5,1.5,0.0
Rovman Powell,202615,2026-04-09,"Eden Gardens, Kolkata",KKR,LSG,0.0,0.0,0.0,0.0,0.0,0.0,0.0,0.0,0.0,0.0,0.0,0.0,0.0,0.0,0.0,0.0,0,0.0,0.0,0.0,0.0
Mitchell Marsh,202615,2026-04-09,"Eden Gardens, Kolkata",KKR,LSG,1.1951219512195121,20.5,1.5,0.0,0.0,0.0,4.107142857142857,2.0,9.375,1.1951219512195121,20.5,1.5,0.0,0.0,0.0,33.5,2,2.0,1.5,0.0,0.0
Aiden Markram,202615,2026-04-09,"Eden Gardens, Kolkata",KKR,LSG,1.6,17.5,1.0,2.1666666666666665,3.0,0.0,4.75,2.0,10.625,1.6,17.5,1.0,2.1666666666666665,3.0,0.0,42.5,2,3.5,1.5,0.5,0.0
Rishabh Pant,202615,2026-04-09,"Eden Gardens, Kolkata",KKR,LSG,1.2295081967213115,30.5,0.0,0.0,0.0,0.0,6.607142857142857,2.0,13.625,1.2295081967213115,30.5,0.0,0.0,0.0,0.0,68.5,2,5.0,0.0,1.5,0.5
Ayush Badoni,202615,2026-04-09,"Eden Gardens, Kolkata",KKR,LSG,1.0,6.0,1.0,0.0,0.0,0.0,2.392857142857143,2.0,3.375,1.0,6.0,1.0,0.0,0.0,0.0,9.5,2,0.5,0.0,0.0,0.0
Nicholas Pooran,202615,2026-04-09,"Eden Gardens, Kolkata",KKR,LSG,0.75,6.0,1.0,0.0,0.0,0.0,2.357142857142857,2.0,3.25,0.75,6.0,1.0,0.0,0.0,0.0,9.0,2,0.5,0.0,0.0,0.0
Abdul Samad,202615,2026-04-09,"Eden Gardens, Kolkata",KKR,LSG,1.4054054054054055,18.5,1.0,6.0,0.5,0.0,4.392857142857143,2.0,9.375,1.4054054054054055,18.5,1.0,6.0,0.5,0.0,37.5,2,2.5,0.5,0.5,0.0
Mukul Choudhary,202615,2026-04-09,"Eden Gardens, Kolkata",KKR,LSG,1.0,8.0,0.5,0.0,0.0,0.0,2.642857142857143,2.0,4.25,1.0,8.0,0.5,0.0,0.0,0.0,13.0,2,1.0,0.0,0.0,0.0
Mohammed Shami,202615,2026-04-09,"Eden Gardens, Kolkata",KKR,LSG,0.5,1.0,0.5,0.6923076923076923,26.0,1.5,4.714285714285714,2.0,2.125,0.5,1.0,0.5,0.6923076923076923,26.0,1.5,42.0,2,0.0,0.0,0.0,0.0
Avesh Khan,202615,2026-04-09,"Eden Gardens, Kolkata",KKR,LSG,0.0,0.0,0.0,1.5,24.0,2.0,7.571428571428571,4.0,4.0,0.0,0.0,0.0,1.5,24.0,2.0,54.0,1,0.0,0.0,0.0,0.0
Prince Yadav,202615,2026-04-09,"Eden Gardens, Kolkata",KKR,LSG,0.0,0.0,0.0,1.2173913043478262,23.0,2.5,5.857142857142857,2.0,2.0,0.0,0.0,0.0,1.2173913043478262,23.0,2.5,58.0,2,0.0,0.0,0.5,0.0
Manimaran Siddharth,202615,2026-04-09,"Eden Gardens, Kolkata",KKR,LSG,0.0,0.0,0.0,1.16,25.0,1.0,6.357142857142857,4.0,4.0,0.0,0.0,0.0,1.16,25.0,1.0,37.0,1,0.0,0.0,1.0,0.0
Digvesh Singh Rathi,202615,2026-04-09,"Eden Gardens, Kolkata",KKR,LSG,0.0,0.0,0.0,1.84,25.0,1.0,5.785714285714286,4.0,4.0,0.0,0.0,0.0,1.84,25.0,1.0,29.0,1,0.0,0.0,0.0,0.0
Vaibhav Arora,202615,2026-04-09,"Eden Gardens, Kolkata",KKR,LSG,0.5,1.0,0.0,1.9607843137254901,25.5,1.5,5.142857142857143,17.75,12.875,0.5,1.0,0.0,1.9607843137254901,25.5,1.5,48.0,2,0.0,0.0,0.0,0.0
Anukul Roy,202615,2026-04-09,"Eden Gardens, Kolkata",KKR,LSG,0.0,1.0,0.5,1.4090909090909092,11.0,0.5,3.5357142857142856,7.75,7.625,0.0,1.0,0.5,1.4090909090909092,11.0,0.5,25.5,2,0.0,0.0,0.5,0.5
Navdeep Saini,202615,2026-04-09,"Eden Gardens, Kolkata",KKR,LSG,0.0,0.0,0.0,0.0,0.0,0.0,0.0,0.0,0.0,0.0,0.0,0.0,0.0,0.0,0.0,0.0,0,0.0,0.0,0.0,0.0
Sunil Narine,202615,2026-04-09,"Eden Gardens, Kolkata",KKR,LSG,2.4,2.5,0.5,1.6428571428571428,21.0,0.5,3.4642857142857144,6.0,5.125,2.4,2.5,0.5,1.6428571428571428,21.0,0.5,24.5,2,0.0,1.0,0.0,0.0
Kartik Tyagi,202615,2026-04-09,"Eden Gardens, Kolkata",KKR,LSG,1.0,2.5,0.5,1.803921568627451,25.5,1.0,4.0,9.75,8.25,1.0,2.5,0.5,1.803921568627451,25.5,1.0,32.0,2,0.5,0.0,0.0,0.0
Phil Salt,202616,2026-04-10,"Barsapara Cricket Stadium, Guwahati",RCB,RR,1.4210526315789473,19.0,1.0,0.0,0.0,0.0,5.3,2.0,5.6,1.4210526315789473,19.0,1.0,0.0,0.0,0.0,53.5,2,2.5,1.0,2.0,0.0
Devdutt Padikkal,202616,2026-04-10,"Barsapara Cricket Stadium, Guwahati",RCB,RR,1.9821428571428572,28.0,1.0,0.0,0.0,0.0,8.5,2.0,6.4,1.9821428571428572,28.0,1.0,0.0,0.0,0.0,101.5,2,6.0,3.0,2.5,0.0
Virat Kohli,202616,2026-04-10,"Barsapara Cricket Stadium, Guwahati",RCB,RR,1.6440677966101696,29.5,0.5,0.0,0.0,0.0,6.666666666666667,2.0,3.6,1.6440677966101696,29.5,0.5,0.0,0.0,0.0,74.0,2,3.5,3.0,1.0,0.0
Rajat Patidar,202616,2026-04-10,"Barsapara Cricket Stadium, Guwahati",RCB,RR,2.257142857142857,17.5,0.5,0.0,0.0,0.0,5.866666666666666,2.0,3.6,2.257142857142857,17.5,0.5,0.0,0.0,0.0,62.0,2,1.5,4.5,1.0,0.0
Krunal Pandya,202616,2026-04-10,"Barsapara Cricket Stadium, Guwahati",RCB,RR,0.0,0.0,0.0,2.032258064516129,15.5,1.0,3.6666666666666665,2.0,7.0,0.0,0.0,0.0,2.032258064516129,15.5,1.0,29.0,2,0.0,0.0,0.0,0.0
Jitesh Sharma,202616,2026-04-10,"Barsapara Cricket Stadium, Guwahati",RCB,RR,0.0,0.5,0.5,0.0,0.0,0.0,2.466666666666667,2.0,3.6,0.0,0.5,0.5,0.0,0.0,0.0,11.0,2,0.0,0.0,1.0,0.0
Tim David,202616,2026-04-10,"Barsapara Cricket Stadium, Guwahati",RCB,RR,2.324324324324324,18.5,0.0,0.0,0.0,0.0,5.866666666666666,2.0,2.0,2.324324324324324,18.5,0.0,0.0,0.0,0.0,62.0,2,2.0,4.5,0.0,0.0
Romario Shepherd,202616,2026-04-10,"Barsapara Cricket Stadium, Guwahati",RCB,RR,0.0,0.0,0.0,2.3548387096774195,15.5,1.5,4.633333333333334,2.0,9.9,0.0,0.0,0.0,2.3548387096774195,15.5,1.5,43.5,2,0.0,0.0,0.0,0.0
Venkatesh Iyer,202616,2026-04-10,"Barsapara Cricket Stadium, Guwahati",RCB,RR,0.0,0.0,0.0,0.0,0.0,0.0,0.0,0.0,0.0,0.0,0.0,0.0,0.0,0.0,0.0,0.0,0,0.0,0.0,0.0,0.0
Bhuvneshwar Kumar,202616,2026-04-10,"Barsapara Cricket Stadium, Guwahati",RCB,RR,0.0,0.0,0.0,1.4423076923076923,26.0,2.0,5.866666666666666,2.0,13.6,0.0,0.0,0.0,1.4423076923076923,26.0,2.0,62.0,2,0.0,0.0,0.0,0.0
Yashasvi Jaiswal,202616,2026-04-10,"Barsapara Cricket Stadium, Guwahati",RCB,RR,1.5596330275229358,36.333333333333336,0.3333333333333333,0.0,0.0,0.0,6.6000000000000005,28.333333333333332,16.066666666666666,1.5596330275229358,36.333333333333336,0.3333333333333333,0.0,0.0,0.0,83.0,3,6.333333333333333,2.6666666666666665,0.6666666666666666,0.0
Vaibhav Sooryavanshi,202616,2026-04-10,"Barsapara Cricket Stadium, Guwahati",RCB,RR,2.3461538461538463,17.333333333333332,1.0,0.0,0.0,0.0,4.933333333333334,22.0,12.133333333333333,2.3461538461538463,17.333333333333332,1.0,0.0,0.0,0.0,58.0,3,3.3333333333333335,3.6666666666666665,0.0,0.0
Dhruv Jurel,202616,2026-04-10,"Barsapara Cricket Stadium, Guwahati",RCB,RR,1.6379310344827587,19.333333333333332,1.0,0.0,0.0,0.0,4.7555555555555555,9.333333333333334,9.466666666666667,1.6379310344827587,19.333333333333332,1.0,0.0,0.0,0.0,55.333333333333336,3,3.0,1.6666666666666667,1.3333333333333333,0.0
Shimron Hetmyer,202616,2026-04-10,"Barsapara Cricket Stadium, Guwahati",RCB,RR,1.411764705882353,8.5,0.5,0.0,0.0,0.0,3.5,5.5,4.9,1.411764705882353,8.5,0.5,0.0,0.0,0.0,26.5,2,0.5,1.0,1.0,0.0
Riyan Parag,202616,2026-04-10,"Barsapara Cricket Stadium, Guwahati",RCB,RR,1.6153846153846154,8.666666666666666,0.6666666666666666,1.8333333333333333,2.0,0.3333333333333333,3.0444444444444443,8.333333333333334,4.8,1.6153846153846154,8.666666666666666,0.6666666666666666,1.8333333333333333,2.0,0.3333333333333333,29.666666666666668,3,0.6666666666666666,1.3333333333333333,0.0,0.0
Ravindra Jadeja,202616,2026-04-10,"Barsapara Cricket Stadium, Guwahati",RCB,RR,0.875,4.0,0.0,1.4666666666666666,15.0,1.0,4.2,14.5,2.8,0.875,4.0,0.0,1.4666666666666666,15.0,1.0,37.0,2,0.5,0.0,0.5,0.0
Jofra Archer,202616,2026-04-10,"Barsapara Cricket Stadium, Guwahati",RCB,RR,0.5,0.6666666666666666,0.0,1.2258064516129032,20.666666666666668,1.3333333333333333,4.0888888888888895,19.166666666666668,1.4000000000000001,0.5,0.6666666666666666,0.0,1.2258064516129032,20.666666666666668,1.3333333333333333,45.333333333333336,3,0.0,0.0,1.0,0.3333333333333333
Nandre Burger,202616,2026-04-10,"Barsapara Cricket Stadium, Guwahati",RCB,RR,0.0,0.0,0.0,1.4666666666666666,20.0,1.6666666666666667,4.377777777777777,20.0,1.3333333333333333,0.0,0.0,0.0,1.4666666666666666,20.0,1.6666666666666667,49.666666666666664,3,0.0,0.0,0.0,0.0
Sandeep Sharma,202616,2026-04-10,"Barsapara Cricket Stadium, Guwahati",RCB,RR,0.0,0.0,0.0,1.509090909090909,18.333333333333332,1.3333333333333333,3.3555555555555556,15.166666666666666,1.3333333333333333,0.0,0.0,0.0,1.509090909090909,18.333333333333332,1.3333333333333333,34.333333333333336,3,0.0,0.0,0.6666666666666666,0.0
Ravi Bishnoi,202616,2026-04-10,"Barsapara Cricket Stadium, Guwahati",RCB,RR,0.0,0.0,0.0,1.4642857142857142,18.666666666666668,2.6666666666666665,5.933333333333334,17.833333333333332,1.3333333333333333,0.0,0.0,0.0,1.4642857142857142,18.666666666666668,2.6666666666666665,73.0,3,0.0,0.0,1.0,0.0
Brijesh Sharma,202616,2026-04-10,"Barsapara Cricket Stadium, Guwahati",RCB,RR,0.0,0.0,0.0,0.85,20.0,1.0,5.666666666666667,16.5,4.0,0.0,0.0,0.0,0.85,20.0,1.0,29.0,1,0.0,0.0,0.0,0.0
Josh Hazlewood,202616,2026-04-10,"Barsapara Cricket Stadium, Guwahati",RCB,RR,0.0,0.0,0.0,0.0,0.0,0.0,0.0,0.0,0.0,0.0,0.0,0.0,0.0,0.0,0.0,0.0,0,0.0,0.0,0.0,0.0
Abhinandan Singh,202616,2026-04-10,"Barsapara Cricket Stadium, Guwahati",RCB,RR,0.0,0.0,0.0,1.7,20.0,1.5,5.033333333333333,2.0,11.1,0.0,0.0,0.0,1.7,20.0,1.5,49.5,2,0.0,0.0,1.0,0.0
Abhishek Sharma,202617,2026-04-11,"Maharaja Yadavindra Singh International Cricket Stadium, Mullanpur, New Chandigarh",SRH,PBKS,1.5277777777777777,12.0,1.0,2.5,2.0,0.0,2.7291666666666665,1.3333333333333333,1.3333333333333333,1.5277777777777777,12.0,1.0,2.5,2.0,0.0,26.333333333333332,3,1.3333333333333333,1.6666666666666667,0.0,0.0
Travis Head,202617,2026-04-11,"Maharaja Yadavindra Singh International Cricket Stadium, Mullanpur, New Chandigarh",SRH,PBKS,1.6,13.333333333333334,1.0,0.0,0.0,0.0,2.9791666666666665,1.3333333333333333,1.3333333333333333,1.6,13.333333333333334,1.0,0.0,0.0,0.0,30.333333333333332,3,3.0,1.0,0.0,0.0
Ishan Kishan,202617,2026-04-11,"Maharaja Yadavindra Singh International Cricket Stadium, Mullanpur, New Chandigarh",SRH,PBKS,1.8461538461538463,17.333333333333332,1.0,0.0,0.0,0.0,4.520833333333333,1.3333333333333333,3.1999999999999997,1.8461538461538463,17.333333333333332,1.0,0.0,0.0,0.0,55.0,3,3.6666666666666665,1.6666666666666667,0.6666666666666666,0.3333333333333333
Heinrich Klaasen,202617,2026-04-11,"Maharaja Yadavindra Singh International Cricket Stadium, Mullanpur, New Chandigarh",SRH,PBKS,1.4077669902912622,34.333333333333336,1.0,0.0,0.0,0.0,5.416666666666667,1.3333333333333333,2.4,1.4077669902912622,34.333333333333336,1.0,0.0,0.0,0.0,69.33333333333333,3,3.6666666666666665,1.3333333333333333,0.6666666666666666,0.0
Aniket Verma,202617,2026-04-11,"Maharaja Yadavindra Singh International Cricket Stadium, Mullanpur, New Chandigarh",SRH,PBKS,1.6428571428571428,9.333333333333334,1.0,0.0,0.0,0.0,2.6875,1.3333333333333333,1.8666666666666665,1.6428571428571428,9.333333333333334,1.0,0.0,0.0,0.0,25.666666666666668,3,1.0,1.3333333333333333,0.3333333333333333,0.0
Salil Arora,202617,2026-04-11,"Maharaja Yadavindra Singh International Cricket Stadium, Mullanpur, New Chandigarh",SRH,PBKS,1.2857142857142858,3.5,1.0,0.0,0.0,0.0,2.28125,2.0,2.0,1.2857142857142858,3.5,1.0,0.0,0.0,0.0,8.5,2,0.0,0.5,0.0,0.0
Nitish Reddy,202617,2026-04-11,"Maharaja Yadavindra Singh International Cricket Stadium, Mullanpur, New Chandigarh",SRH,PBKS,1.5,21.333333333333332,1.0,1.7333333333333334,10.0,0.6666666666666666,5.104166666666667,1.3333333333333333,5.2,1.5,21.333333333333332,1.0,1.7333333333333334,10.0,0.6666666666666666,64.33333333333333,3,2.3333333333333335,2.0,0.3333333333333333,0.0
Harsh Dubey,202617,2026-04-11,"Maharaja Yadavindra Singh International Cricket Stadium, Mullanpur, New Chandigarh",SRH,PBKS,1.3333333333333333,3.0,0.6666666666666666,1.290909090909091,18.333333333333332,1.3333333333333333,4.25,1.3333333333333333,9.866666666666667,1.3333333333333333,3.0,0.6666666666666666,1.290909090909091,18.333333333333332,1.3333333333333333,50.666666666666664,3,0.6666666666666666,0.0,0.6666666666666666,0.0
Priyansh Arya,202617,2026-04-11,"Maharaja Yadavindra Singh International Cricket Stadium, Mullanpur, New Chandigarh",SRH,PBKS,2.3,10.0,1.0,0.0,0.0,0.0,3.84375,6.5,7.9,2.3,10.0,1.0,0.0,0.0,0.0,33.5,2,1.5,2.5,0.0,0.0
Prabhsimran Singh,202617,2026-04-11,"Maharaja Yadavindra Singh International Cricket Stadium, Mullanpur, New Chandigarh",SRH,PBKS,1.3559322033898304,19.666666666666668,0.6666666666666666,0.0,0.0,0.0,3.8541666666666665,16.666666666666668,7.8,1.3559322033898304,19.666666666666668,0.6666666666666666,0.0,0.0,0.0,44.333333333333336,3,2.3333333333333335,1.6666666666666667,1.0,0.0
Cooper Connolly,202617,2026-04-11,"Maharaja Yadavindra Singh International Cricket Stadium, Mullanpur, New Chandigarh",SRH,PBKS,1.588235294117647,34.0,0.5,0.0,0.0,0.0,6.53125,53.5,15.7,1.588235294117647,34.0,0.5,0.0,0.0,0.0,76.5,2,5.5,2.5,0.5,0.0
Shreyas Iyer,202617,2026-04-11,"Maharaja Yadavindra Singh International Cricket Stadium, Mullanpur, New Chandigarh",SRH,PBKS,1.619047619047619,21.0,1.0,0.0,0.0,0.0,5.0625,17.0,11.0,1.619047619047619,21.0,1.0,0.0,0.0,0.0,53.0,2,2.0,2.5,0.5,0.0
Nehal Wadhera,202617,2026-04-11,"Maharaja Yadavindra Singh International Cricket Stadium, Mullanpur, New Chandigarh",SRH,PBKS,0.8666666666666667,7.5,1.0,0.0,0.0,0.0,2.71875,3.5,3.5,0.8666666666666667,7.5,1.0,0.0,0.0,0.0,15.5,2,0.0,0.5,0.5,0.0
Shashank Singh,202617,2026-04-11,"Maharaja Yadavindra Singh International Cricket Stadium, Mullanpur, New Chandigarh",SRH,PBKS,1.5,6.0,0.5,0.0,0.0,0.0,2.625,4.0,4.0,1.5,6.0,0.5,0.0,0.0,0.0,14.0,2,1.0,0.0,0.0,0.0
Arshdeep Singh,202617,2026-04-11,"Maharaja Yadavindra Singh International Cricket Stadium, Mullanpur, New Chandigarh",SRH,PBKS,0.0,0.0,0.0,1.408450704225352,23.666666666666668,0.0,1.9166666666666667,10.666666666666666,1.3333333333333333,0.0,0.0,0.0,1.408450704225352,23.666666666666668,0.0,13.333333333333334,3,0.0,0.0,0.6666666666666666,0.0
Xavier Bartlett,202617,2026-04-11,"Maharaja Yadavindra Singh International Cricket Stadium, Mullanpur, New Chandigarh",SRH,PBKS,2.2,1.6666666666666667,0.0,1.5245901639344261,20.333333333333332,1.0,3.5833333333333335,8.333333333333334,2.1999999999999997,2.2,1.6666666666666667,0.0,1.5245901639344261,20.333333333333332,1.0,40.0,3,0.0,0.3333333333333333,0.3333333333333333,0.0
Marco Jansen,202617,2026-04-11,"Maharaja Yadavindra Singh International Cricket Stadium, Mullanpur, New Chandigarh",SRH,PBKS,0.75,6.0,0.5,1.26,25.0,1.0,4.15625,24.0,3.1,0.75,6.0,0.5,1.26,25.0,1.0,38.5,2,0.0,0.5,0.5,0.0
Vijaykumar Vyshak,202617,2026-04-11,"Maharaja Yadavindra Singh International Cricket Stadium, Mullanpur, New Chandigarh",SRH,PBKS,0.0,0.0,0.0,1.489795918367347,24.5,2.5,6.03125,41.5,2.0,0.0,0.0,0.0,1.489795918367347,24.5,2.5,68.5,2,0.0,0.0,0.0,0.0
Yuzvendra Chahal,202617,2026-04-11,"Maharaja Yadavindra Singh International Cricket Stadium, Mullanpur, New Chandigarh",SRH,PBKS,0.0,0.0,0.0,1.0869565217391304,23.0,1.5,4.96875,27.0,2.0,0.0,0.0,0.0,1.0869565217391304,23.0,1.5,51.5,2,0.0,0.0,0.5,0.0
Jaydev Unadkat,202617,2026-04-11,"Maharaja Yadavindra Singh International Cricket Stadium, Mullanpur, New Chandigarh",SRH,PBKS,1.3333333333333333,1.0,0.0,1.75,20.0,1.3333333333333333,4.083333333333333,1.3333333333333333,9.866666666666667,1.3333333333333333,1.0,0.0,1.75,20.0,1.3333333333333333,48.0,3,0.0,0.0,1.0,0.0
Eshan Malinga,202617,2026-04-11,"Maharaja Yadavindra Singh International Cricket Stadium, Mullanpur, New Chandigarh",SRH,PBKS,0.0,0.0,0.0,1.4107142857142858,18.666666666666668,1.3333333333333333,3.3125,1.3333333333333333,7.666666666666667,0.0,0.0,0.0,1.4107142857142858,18.666666666666668,1.3333333333333333,35.666666666666664,3,0.0,0.0,0.3333333333333333,0.3333333333333333
Harshal Patel,202617,2026-04-11,"Maharaja Yadavindra Singh International Cricket Stadium, Mullanpur, New Chandigarh",SRH,PBKS,1.0,2.0,0.5,1.5945945945945945,18.5,0.0,2.09375,2.0,2.0,1.0,2.0,0.5,1.5945945945945945,18.5,0.0,5.5,2,0.5,0.0,0.0,0.0
Shivang Kumar,202617,2026-04-11,"Maharaja Yadavindra Singh International Cricket Stadium, Mullanpur, New Chandigarh",SRH,PBKS,1.5,3.0,1.0,1.5,24.0,1.5,3.125,2.0,4.5,1.5,3.0,1.0,1.5,24.0,1.5,22.0,2,1.0,0.0,0.0,0.0
Sanju Samson,202618,2026-04-11,"MA Chidambaram Stadium, Chennai",CSK,DC,1.1,6.666666666666667,1.0,0.0,0.0,0.0,1.875,4.0,1.3333333333333333,1.1,6.666666666666667,1.0,0.0,0.0,0.0,12.666666666666666,3,0.6666666666666666,0.3333333333333333,0.0,0.0
Ruturaj Gaikwad,202618,2026-04-11,"MA Chidambaram Stadium, Chennai",CSK,DC,1.0789473684210527,12.666666666666666,1.0,0.0,0.0,0.0,2.2916666666666665,11.333333333333334,1.3333333333333333,1.0789473684210527,12.666666666666666,1.0,0.0,0.0,0.0,19.333333333333332,3,1.0,0.3333333333333333,0.0,0.0
Ayush Mhatre,202618,2026-04-11,"MA Chidambaram Stadium, Chennai",CSK,DC,1.48,16.666666666666668,1.0,0.0,0.0,0.0,3.3333333333333335,33.666666666666664,1.3333333333333333,1.48,16.666666666666668,1.0,0.0,0.0,0.0,36.0,3,2.0,1.6666666666666667,0.0,0.0
Shivam Dube,202618,2026-04-11,"MA Chidambaram Stadium, Chennai",CSK,DC,1.4081632653061225,16.333333333333332,0.6666666666666666,2.3076923076923075,4.333333333333333,0.3333333333333333,3.7291666666666665,18.666666666666668,3.1666666666666665,1.4081632653061225,16.333333333333332,0.6666666666666666,2.3076923076923075,4.333333333333333,0.3333333333333333,42.333333333333336,3,2.3333333333333335,1.0,0.3333333333333333,0.0
Pathum Nissanka,202618,2026-04-11,"MA Chidambaram Stadium, Chennai",CSK,DC,1.3870967741935485,20.666666666666668,1.0,0.0,0.0,0.0,3.4583333333333335,1.3333333333333333,7.0,1.3870967741935485,20.666666666666668,1.0,0.0,0.0,0.0,38.0,3,4.0,0.6666666666666666,0.0,0.0
Rahul,202618,2026-04-11,"MA Chidambaram Stadium, Chennai",CSK,DC,1.55,20.0,1.3333333333333333,0.0,0.0,0.0,3.9583333333333335,1.3333333333333333,7.888888888888889,1.55,20.0,1.3333333333333333,0.0,0.0,0.0,46.0,3,3.6666666666666665,1.3333333333333333,0.3333333333333333,0.0
Axar Patel,202618,2026-04-11,"MA Chidambaram Stadium, Chennai",CSK,DC,0.4,1.6666666666666667,0.6666666666666666,1.2096774193548387,20.666666666666668,0.6666666666666666,2.5416666666666665,1.3333333333333333,1.3333333333333333,0.4,1.6666666666666667,0.6666666666666666,1.2096774193548387,20.666666666666668,0.6666666666666666,23.333333333333332,3,0.0,0.0,0.3333333333333333,0.0
Sameer Rizvi,202618,2026-04-11,"MA Chidambaram Stadium, Chennai",CSK,DC,1.509433962264151,35.333333333333336,0.6666666666666666,0.0,0.0,0.0,5.666666666666667,1.3333333333333333,12.888888888888888,1.509433962264151,35.333333333333336,0.6666666666666666,0.0,0.0,0.0,73.33333333333333,3,4.0,3.6666666666666665,0.0,0.0
David Miller,202618,2026-04-11,"MA Chidambaram Stadium, Chennai",CSK,DC,1.5121951219512195,13.666666666666666,0.3333333333333333,0.0,0.0,0.0,3.0625,1.3333333333333333,5.5,1.5121951219512195,13.666666666666666,0.3333333333333333,0.0,0.0,0.0,31.666666666666668,3,2.3333333333333335,1.0,0.3333333333333333,0.0
Tristan Stubbs,202618,2026-04-11,"MA Chidambaram Stadium, Chennai",CSK,DC,1.1395348837209303,14.333333333333334,0.0,0.0,0.0,0.0,2.625,1.3333333333333333,4.333333333333333,1.1395348837209303,14.333333333333334,0.0,0.0,0.0,0.0,24.666666666666668,3,1.0,0.3333333333333333,0.3333333333333333,0.0
Ashutosh Sharma,202618,2026-04-11,"MA Chidambaram Stadium, Chennai",CSK,DC,0.0,0.0,0.0,0.0,0.0,0.0,0.0,0.0,0.0,0.0,0.0,0.0,0.0,0.0,0.0,0.0,0,0.0,0.0,0.0,0.0
Auqib Nabi,202618,2026-04-11,"MA Chidambaram Stadium, Chennai",CSK,DC,0.0,0.0,0.0,0.0,0.0,0.0,0.0,0.0,0.0,0.0,0.0,0.0,0.0,0.0,0.0,0.0,0,0.0,0.0,0.0,0.0
Kuldeep Yadav,202618,2026-04-11,"MA Chidambaram Stadium, Chennai",CSK,DC,1.0,0.3333333333333333,0.0,1.5909090909090908,22.0,1.0,3.0833333333333335,1.3333333333333333,1.388888888888889,1.0,0.3333333333333333,0.0,1.5909090909090908,22.0,1.0,32.0,3,0.0,0.0,0.3333333333333333,0.0
Lungi Ngidi,202618,2026-04-11,"MA Chidambaram Stadium, Chennai",CSK,DC,0.0,0.0,0.0,1.1643835616438356,24.333333333333332,1.6666666666666667,4.020833333333333,1.3333333333333333,1.3333333333333333,0.0,0.0,0.0,1.1643835616438356,24.333333333333332,1.6666666666666667,47.0,3,0.0,0.0,0.0,0.0
Natarajan,202618,2026-04-11,"MA Chidambaram Stadium, Chennai",CSK,DC,0.0,0.0,0.0,1.3181818181818181,22.0,1.3333333333333333,3.5,1.3333333333333333,1.3333333333333333,0.0,0.0,0.0,1.3181818181818181,22.0,1.3333333333333333,38.666666666666664,3,0.0,0.0,0.0,0.0
Mukesh Kumar,202618,2026-04-11,"MA Chidambaram Stadium, Chennai",CSK,DC,0.0,0.0,0.0,1.5692307692307692,21.666666666666668,1.6666666666666667,4.0,1.3333333333333333,1.3333333333333333,0.0,0.0,0.0,1.5692307692307692,21.666666666666668,1.6666666666666667,46.666666666666664,3,0.0,0.0,0.6666666666666666,0.3333333333333333
Akeal Hosein,202618,2026-04-11,"MA Chidambaram Stadium, Chennai",CSK,DC,0.0,0.0,0.0,0.0,0.0,0.0,0.0,0.0,0.0,0.0,0.0,0.0,0.0,0.0,0.0,0.0,0,0.0,0.0,0.0,0.0
Khaleel Ahmed,202618,2026-04-11,"MA Chidambaram Stadium, Chennai",CSK,DC,0.0,0.0,0.0,1.3174603174603174,21.0,0.0,1.5833333333333333,5.333333333333333,2.0,0.0,0.0,0.0,1.3174603174603174,21.0,0.0,8.0,3,0.0,0.0,0.0,0.0
Anshul Kamboj,202618,2026-04-11,"MA Chidambaram Stadium, Chennai",CSK,DC,1.173913043478261,7.666666666666667,0.0,1.7941176470588236,22.666666666666668,1.6666666666666667,4.583333333333333,18.0,8.277777777777777,1.173913043478261,7.666666666666667,0.0,1.7941176470588236,22.666666666666668,1.6666666666666667,56.0,3,0.6666666666666666,0.3333333333333333,0.0,0.0
Gurjapneet Singh,202618,2026-04-11,"MA Chidambaram Stadium, Chennai",CSK,DC,0.0,0.0,0.0,0.0,0.0,0.0,0.0,0.0,0.0,0.0,0.0,0.0,0.0,0.0,0.0,0.0,0,0.0,0.0,0.0,0.0
Jamie Overton,202618,2026-04-11,"MA Chidambaram Stadium, Chennai",CSK,DC,1.509433962264151,26.5,1.0,2.375,12.0,0.5,5.71875,2.0,4.083333333333333,1.509433962264151,26.5,1.0,2.375,12.0,0.5,63.5,2,3.0,2.0,0.0,0.0
Noor Ahmad,202618,2026-04-11,"MA Chidambaram Stadium, Chennai",CSK,DC,0.5,6.0,0.6666666666666666,1.8870967741935485,20.666666666666668,0.3333333333333333,1.8958333333333333,4.0,2.2222222222222223,0.5,6.0,0.6666666666666666,1.8870967741935485,20.666666666666668,0.3333333333333333,13.0,3,0.0,0.3333333333333333,0.6666666666666666,0.0
Aiden Markram,202619,2026-04-12,"Bharat Ratna Shri Atal Bihari Vajpayee Ekana Cricket Stadium, Lucknow",LSG,GT,1.5294117647058822,17.0,1.0,2.1666666666666665,2.0,0.0,3.388888888888889,6.0,2.2222222222222223,1.5294117647058822,17.0,1.0,2.1666666666666665,2.0,0.0,41.0,3,3.0,1.3333333333333333,0.6666666666666666,0.0
Mitchell Marsh,202619,2026-04-12,"Bharat Ratna Shri Atal Bihari Vajpayee Ekana Cricket Stadium, Lucknow",LSG,GT,1.2075471698113207,17.666666666666668,1.3333333333333333,0.0,0.0,0.0,2.7592592592592595,15.666666666666666,1.3333333333333333,1.2075471698113207,17.666666666666668,1.3333333333333333,0.0,0.0,0.0,29.666666666666668,3,1.6666666666666667,1.3333333333333333,0.0,0.0
Rishabh Pant,202619,2026-04-12,"Bharat Ratna Shri Atal Bihari Vajpayee Ekana Cricket Stadium, Lucknow",LSG,GT,1.2142857142857142,23.333333333333332,0.3333333333333333,0.0,0.0,0.0,3.925925925925926,6.666666666666667,3.3333333333333335,1.2142857142857142,23.333333333333332,0.3333333333333333,0.0,0.0,0.0,50.666666666666664,3,3.6666666666666665,0.0,1.0,0.3333333333333333
Ayush Badoni,202619,2026-04-12,"Bharat Ratna Shri Atal Bihari Vajpayee Ekana Cricket Stadium, Lucknow",LSG,GT,1.4042553191489362,15.666666666666666,1.0,0.0,0.0,0.0,2.888888888888889,0.6666666666666666,1.3333333333333333,1.4042553191489362,15.666666666666666,1.0,0.0,0.0,0.0,32.0,3,2.6666666666666665,0.6666666666666666,0.0,0.0
Nicholas Pooran,202619,2026-04-12,"Bharat Ratna Shri Atal Bihari Vajpayee Ekana Cricket Stadium, Lucknow",LSG,GT,0.7586206896551724,9.666666666666666,1.0,0.0,0.0,0.0,1.7962962962962965,4.333333333333333,1.3333333333333333,0.7586206896551724,9.666666666666666,1.0,0.0,0.0,0.0,12.333333333333334,3,0.3333333333333333,0.3333333333333333,0.0,0.0
Abdul Samad,202619,2026-04-12,"Bharat Ratna Shri Atal Bihari Vajpayee Ekana Cricket Stadium, Lucknow",LSG,GT,1.2857142857142858,14.0,1.0,6.0,0.3333333333333333,0.0,2.611111111111111,17.666666666666668,1.7777777777777777,1.2857142857142858,14.0,1.0,6.0,0.3333333333333333,0.0,27.0,3,1.6666666666666667,0.3333333333333333,0.3333333333333333,0.0
Mukul Choudhary,202619,2026-04-12,"Bharat Ratna Shri Atal Bihari Vajpayee Ekana Cricket Stadium, Lucknow",LSG,GT,1.627906976744186,14.333333333333334,0.3333333333333333,0.0,0.0,0.0,3.111111111111111,6.666666666666667,1.3333333333333333,1.627906976744186,14.333333333333334,0.3333333333333333,0.0,0.0,0.0,36.0,3,1.3333333333333333,2.3333333333333335,0.0,0.0
George Linde,202619,2026-04-12,"Bharat Ratna Shri Atal Bihari Vajpayee Ekana Cricket Stadium, Lucknow",LSG,GT,0.0,0.0,0.0,0.0,0.0,0.0,0.0,0.0,0.0,0.0,0.0,0.0,0.0,0.0,0.0,0.0,0,0.0,0.0,0.0,0.0
Mohammed Shami,202619,2026-04-12,"Bharat Ratna Shri Atal Bihari Vajpayee Ekana Cricket Stadium, Lucknow",LSG,GT,0.4,1.6666666666666667,0.6666666666666666,0.8311688311688312,25.666666666666668,1.0,2.907407407407407,10.0,5.944444444444444,0.4,1.6666666666666667,0.6666666666666666,0.8311688311688312,25.666666666666668,1.0,32.333333333333336,3,0.0,0.0,0.3333333333333333,0.0
Avesh Khan,202619,2026-04-12,"Bharat Ratna Shri Atal Bihari Vajpayee Ekana Cricket Stadium, Lucknow",LSG,GT,0.3333333333333333,1.5,0.0,1.653061224489796,24.5,1.5,4.111111111111111,2.0,8.25,0.3333333333333333,1.5,0.0,1.653061224489796,24.5,1.5,42.0,2,0.0,0.0,0.0,0.0
Sai Sudharsan,202619,2026-04-12,"Bharat Ratna Shri Atal Bihari Vajpayee Ekana Cricket Stadium, Lucknow",LSG,GT,1.4848484848484849,22.0,1.0,0.0,0.0,0.0,4.018518518518518,1.3333333333333333,8.277777777777777,1.4848484848484849,22.0,1.0,0.0,0.0,0.0,52.333333333333336,3,4.333333333333333,1.0,0.3333333333333333,0.3333333333333333
Shubman Gill,202619,2026-04-12,"Bharat Ratna Shri Atal Bihari Vajpayee Ekana Cricket Stadium, Lucknow",LSG,GT,1.4533333333333334,37.5,1.0,0.0,0.0,0.0,6.472222222222222,2.0,13.416666666666666,1.4533333333333334,37.5,1.0,0.0,0.0,0.0,84.5,2,5.0,2.5,1.5,0.0
Jos Buttler,202619,2026-04-12,"Bharat Ratna Shri Atal Bihari Vajpayee Ekana Cricket Stadium, Lucknow",LSG,GT,1.5466666666666666,25.0,1.0,0.0,0.0,0.0,4.7592592592592595,1.3333333333333333,9.61111111111111,1.5466666666666666,25.0,1.0,0.0,0.0,0.0,65.66666666666667,3,3.6666666666666665,2.3333333333333335,1.0,0.3333333333333333
Washington Sundar,202619,2026-04-12,"Bharat Ratna Shri Atal Bihari Vajpayee Ekana Cricket Stadium, Lucknow",LSG,GT,1.4528301886792452,17.666666666666668,1.0,1.52,8.333333333333334,0.3333333333333333,3.7592592592592595,1.3333333333333333,6.777777777777778,1.4528301886792452,17.666666666666668,1.0,1.52,8.333333333333334,0.3333333333333333,47.666666666666664,3,3.0,0.6666666666666666,0.3333333333333333,0.0
Rahul Tewatia,202619,2026-04-12,"Bharat Ratna Shri Atal Bihari Vajpayee Ekana Cricket Stadium, Lucknow",LSG,GT,1.263157894736842,6.333333333333333,0.3333333333333333,0.0,0.0,0.0,2.0,1.3333333333333333,2.888888888888889,1.263157894736842,6.333333333333333,0.3333333333333333,0.0,0.0,0.0,16.0,3,0.6666666666666666,0.3333333333333333,0.3333333333333333,0.0
Mohammed Siraj,202619,2026-04-12,"Bharat Ratna Shri Atal Bihari Vajpayee Ekana Cricket Stadium, Lucknow",LSG,GT,0.0,0.0,0.0,1.796875,21.333333333333332,1.0,2.6296296296296298,1.3333333333333333,1.3333333333333333,0.0,0.0,0.0,1.796875,21.333333333333332,1.0,27.333333333333332,3,0.0,0.0,0.3333333333333333,0.0
Kagiso Rabada,202619,2026-04-12,"Bharat Ratna Shri Atal Bihari Vajpayee Ekana Cricket Stadium, Lucknow",LSG,GT,1.3529411764705883,5.666666666666667,0.0,1.5211267605633803,23.666666666666668,1.0,3.2407407407407405,1.3333333333333333,2.888888888888889,1.3529411764705883,5.666666666666667,0.0,1.5211267605633803,23.666666666666668,1.0,38.333333333333336,3,0.3333333333333333,0.6666666666666666,0.0,0.0
Ashok Sharma,202619,2026-04-12,"Bharat Ratna Shri Atal Bihari Vajpayee Ekana Cricket Stadium, Lucknow",LSG,GT,0.0,0.3333333333333333,0.0,1.7121212121212122,22.0,0.6666666666666666,2.6296296296296298,1.3333333333333333,1.3333333333333333,0.0,0.3333333333333333,0.0,1.7121212121212122,22.0,0.6666666666666666,27.333333333333332,3,0.0,0.0,0.3333333333333333,0.0
Prasidh Krishna,202619,2026-04-12,"Bharat Ratna Shri Atal Bihari Vajpayee Ekana Cricket Stadium, Lucknow",LSG,GT,0.0,0.0,0.0,1.6533333333333333,25.0,2.3333333333333335,4.333333333333333,1.3333333333333333,1.3333333333333333,0.0,0.0,0.0,1.6533333333333333,25.0,2.3333333333333335,58.0,3,0.0,0.0,0.3333333333333333,0.0
Rashid Khan,202619,2026-04-12,"Bharat Ratna Shri Atal Bihari Vajpayee Ekana Cricket Stadium, Lucknow",LSG,GT,1.2,6.666666666666667,0.6666666666666666,1.1486486486486487,24.666666666666668,1.6666666666666667,4.37037037037037,1.3333333333333333,2.8333333333333335,1.2,6.666666666666667,0.6666666666666666,1.1486486486486487,24.666666666666668,1.6666666666666667,58.666666666666664,3,1.0,0.0,0.3333333333333333,0.0
Prince Yadav,202619,2026-04-12,"Bharat Ratna Shri Atal Bihari Vajpayee Ekana Cricket Stadium, Lucknow",LSG,GT,0.0,0.0,0.0,1.4246575342465753,24.333333333333332,2.0,3.7962962962962963,18.0,8.722222222222223,0.0,0.0,0.0,1.4246575342465753,24.333333333333332,2.0,48.333333333333336,3,0.0,0.0,0.3333333333333333,0.0
Digvesh Singh Rathi,202619,2026-04-12,"Bharat Ratna Shri Atal Bihari Vajpayee Ekana Cricket Stadium, Lucknow",LSG,GT,0.0,0.0,0.0,1.469387755102041,24.5,1.0,3.611111111111111,2.0,6.833333333333333,0.0,0.0,0.0,1.469387755102041,24.5,1.0,33.0,2,0.0,0.0,0.5,0.0
Phil Salt,202620,2026-04-12,"Wankhede Stadium, Mumbai",RCB,MI,1.3846153846153846,13.0,1.0,0.0,0.0,0.0,3.1296296296296298,1.3333333333333333,3.3333333333333335,1.3846153846153846,13.0,1.0,0.0,0.0,0.0,36.333333333333336,3,1.6666666666666667,0.6666666666666666,1.3333333333333333,0.0
Virat Kohli,202620,2026-04-12,"Wankhede Stadium, Mumbai",RCB,MI,1.6973684210526316,25.333333333333332,0.6666666666666666,0.0,0.0,0.0,4.796296296296297,1.3333333333333333,2.6666666666666665,1.6973684210526316,25.333333333333332,0.6666666666666666,0.0,0.0,0.0,66.33333333333333,3,4.666666666666667,2.0,1.0,0.0
Rajat Patidar,202620,2026-04-12,"Wankhede Stadium, Mumbai",RCB,MI,1.9054054054054055,24.666666666666668,0.6666666666666666,0.0,0.0,0.0,5.0,1.3333333333333333,2.2222222222222223,1.9054054054054055,24.666666666666668,0.6666666666666666,0.0,0.0,0.0,70.0,3,2.3333333333333335,4.333333333333333,0.6666666666666666,0.0
Tim David,202620,2026-04-12,"Wankhede Stadium, Mumbai",RCB,MI,2.152173913043478,15.333333333333334,0.3333333333333333,3.0,2.0,0.0,3.7592592592592595,1.3333333333333333,1.3333333333333333,2.152173913043478,15.333333333333334,0.3333333333333333,3.0,2.0,0.0,47.666666666666664,3,2.0,3.0,0.0,0.0
Jitesh Sharma,202620,2026-04-12,"Wankhede Stadium, Mumbai",RCB,MI,0.6,3.3333333333333335,0.6666666666666666,0.0,0.0,0.0,1.8518518518518519,1.3333333333333333,2.6666666666666665,0.6,3.3333333333333335,0.6666666666666666,0.0,0.0,0.0,13.333333333333334,3,0.0,0.0,1.0,0.0
Romario Shepherd,202620,2026-04-12,"Wankhede Stadium, Mumbai",RCB,MI,2.0,3.6666666666666665,0.3333333333333333,2.116279069767442,14.333333333333334,1.0,3.277777777777778,1.3333333333333333,5.722222222222222,2.0,3.6666666666666665,0.3333333333333333,2.116279069767442,14.333333333333334,1.0,39.0,3,0.6666666666666666,0.3333333333333333,0.0,0.0
Ryan Rickelton,202620,2026-04-12,"Wankhede Stadium, Mumbai",RCB,MI,1.6610169491525424,19.666666666666668,1.0,0.0,0.0,0.0,3.888888888888889,37.666666666666664,8.555555555555555,1.6610169491525424,19.666666666666668,1.0,0.0,0.0,0.0,50.0,3,2.0,3.0,0.3333333333333333,0.0
Rohit Sharma,202620,2026-04-12,"Wankhede Stadium, Mumbai",RCB,MI,1.6388888888888888,24.0,1.0,0.0,0.0,0.0,4.12962962962963,36.0,9.722222222222223,1.6388888888888888,24.0,1.0,0.0,0.0,0.0,54.333333333333336,3,3.6666666666666665,2.3333333333333335,0.0,0.0
Suryakumar Yadav,202620,2026-04-12,"Wankhede Stadium, Mumbai",RCB,MI,1.4313725490196079,17.0,1.0,0.0,0.0,0.0,3.0555555555555554,7.666666666666667,6.5,1.4313725490196079,17.0,1.0,0.0,0.0,0.0,35.0,3,2.0,1.0,0.0,0.0
Tilak Varma,202620,2026-04-12,"Wankhede Stadium, Mumbai",RCB,MI,1.2592592592592593,9.0,1.0,0.0,0.0,0.0,2.777777777777778,14.666666666666666,3.4444444444444446,1.2592592592592593,9.0,1.0,0.0,0.0,0.0,30.0,3,2.0,0.0,1.6666666666666667,0.0
Hardik Pandya,202620,2026-04-12,"Wankhede Stadium, Mumbai",RCB,MI,1.588235294117647,8.5,0.5,1.78125,16.0,0.5,3.8055555555555554,29.0,4.666666666666667,1.588235294117647,8.5,0.5,1.78125,16.0,0.5,36.5,2,2.5,0.0,0.5,0.0
Sherfane Rutherford,202620,2026-04-12,"Wankhede Stadium, Mumbai",RCB,MI,1.7647058823529411,5.666666666666667,0.6666666666666666,0.0,0.0,0.0,2.1666666666666665,4.0,3.388888888888889,1.7647058823529411,5.666666666666667,0.6666666666666666,0.0,0.0,0.0,19.0,3,1.0,0.6666666666666666,0.3333333333333333,0.0
Naman Dhir,202620,2026-04-12,"Wankhede Stadium, Mumbai",RCB,MI,1.6111111111111112,12.0,0.6666666666666666,0.0,0.0,0.0,2.5925925925925926,3.3333333333333335,5.111111111111112,1.6111111111111112,12.0,0.6666666666666666,0.0,0.0,0.0,26.666666666666668,3,2.0,0.6666666666666666,0.0,0.0
Mitchell Santner,202620,2026-04-12,"Wankhede Stadium, Mumbai",RCB,MI,1.2857142857142858,14.0,0.0,1.2777777777777777,18.0,1.0,6.5,4.0,7.333333333333333,1.2857142857142858,14.0,0.0,1.2777777777777777,18.0,1.0,49.0,1,2.0,0.0,0.0,0.0
Trent Boult,202620,2026-04-12,"Wankhede Stadium, Mumbai",RCB,MI,0.5,1.0,0.5,1.7647058823529411,17.0,0.0,2.0277777777777777,2.0,2.0833333333333335,0.5,1.0,0.5,1.7647058823529411,17.0,0.0,4.5,2,0.0,0.0,0.0,0.0
Jasprit Bumrah,202620,2026-04-12,"Wankhede Stadium, Mumbai",RCB,MI,2.5,0.6666666666666666,0.0,1.2571428571428571,23.333333333333332,0.3333333333333333,1.6666666666666667,1.3333333333333333,1.6666666666666667,2.5,0.6666666666666666,0.0,1.2571428571428571,23.333333333333332,0.3333333333333333,10.0,3,0.3333333333333333,0.0,0.0,0.3333333333333333
Mayank Markande,202620,2026-04-12,"Wankhede Stadium, Mumbai",RCB,MI,0.0,0.0,0.0,1.894736842105263,9.5,0.0,2.2222222222222223,2.0,2.0,0.0,0.0,0.0,1.894736842105263,9.5,0.0,8.0,2,0.0,0.0,0.5,0.0
Shardul Thakur,202620,2026-04-12,"Wankhede Stadium, Mumbai",RCB,MI,0.8888888888888888,3.0,0.3333333333333333,2.0,19.333333333333332,1.3333333333333333,3.425925925925926,27.666666666666668,1.8333333333333333,0.8888888888888888,3.0,0.3333333333333333,2.0,19.333333333333332,1.3333333333333333,41.666666666666664,3,0.3333333333333333,0.0,0.0,0.0
Jacob Duffy,202620,2026-04-12,"Wankhede Stadium, Mumbai",RCB,MI,0.0,0.0,0.0,1.5471698113207548,26.5,2.5,5.583333333333333,2.0,12.75,0.0,0.0,0.0,1.5471698113207548,26.5,2.5,68.5,2,0.0,0.0,0.0,0.0
Bhuvneshwar Kumar,202620,2026-04-12,"Wankhede Stadium, Mumbai",RCB,MI,1.125,2.6666666666666665,0.0,1.4736842105263157,25.333333333333332,1.3333333333333333,3.6666666666666665,1.3333333333333333,7.777777777777778,1.125,2.6666666666666665,0.0,1.4736842105263157,25.333333333333332,1.3333333333333333,46.0,3,0.3333333333333333,0.0,0.0,0.0
Rasikh Salam Dar,202620,2026-04-12,"Wankhede Stadium, Mumbai",RCB,MI,0.0,0.0,0.0,0.0,0.0,0.0,0.0,0.0,0.0,0.0,0.0,0.0,0.0,0.0,0.0,0.0,0,0.0,0.0,0.0,0.0
Krunal Pandya,202620,2026-04-12,"Wankhede Stadium, Mumbai",RCB,MI,0.16666666666666666,2.0,0.3333333333333333,1.690909090909091,18.333333333333332,1.3333333333333333,3.3518518518518516,1.3333333333333333,7.333333333333333,0.16666666666666666,2.0,0.3333333333333333,1.690909090909091,18.333333333333332,1.3333333333333333,40.333333333333336,3,0.0,0.0,0.3333333333333333,0.0
Suyash Sharma,202620,2026-04-12,"Wankhede Stadium, Mumbai",RCB,MI,0.0,0.0,0.0,1.1666666666666667,21.0,1.0,3.388888888888889,2.0,6.166666666666667,0.0,0.0,0.0,1.1666666666666667,21.0,1.0,29.0,2,0.0,0.0,0.0,0.0
Abhishek Sharma,202621,2026-04-13,"Rajiv Gandhi International Stadium, Hyderabad",SRH,RR,1.8970588235294117,17.0,1.0,2.0,2.75,0.0,3.125,0.5,1.0,1.8970588235294117,17.0,1.0,2.0,2.75,0.0,46.5,4,2.25,3.25,0.0,0.0
Ishan Kishan,202621,2026-04-13,"Rajiv Gandhi International Stadium, Hyderabad",SRH,RR,1.7826086956521738,17.25,1.0,0.0,0.0,0.0,3.3125,4.25,1.875,1.7826086956521738,17.25,1.0,0.0,0.0,0.0,50.25,4,3.5,1.5,0.5,0.25
Travis Head,202621,2026-04-13,"Rajiv Gandhi International Stadium, Hyderabad",SRH,RR,1.59375,16.0,1.0,0.0,0.0,0.0,2.55,3.0,1.0,1.59375,16.0,1.0,0.0,0.0,0.0,35.0,4,3.5,1.0,0.0,0.0
Heinrich Klaasen,202621,2026-04-13,"Rajiv Gandhi International Stadium, Hyderabad",SRH,RR,1.3237410071942446,34.75,1.0,0.0,0.0,0.0,4.075,20.75,1.75,1.3237410071942446,34.75,1.0,0.0,0.0,0.0,65.5,4,3.0,1.25,0.75,0.0
Nitish Reddy,202621,2026-04-13,"Rajiv Gandhi International Stadium, Hyderabad",SRH,RR,1.476923076923077,16.25,0.75,1.7142857142857142,10.5,0.5,3.3625,22.25,3.0625,1.476923076923077,16.25,0.75,1.7142857142857142,10.5,0.5,51.25,4,1.75,1.5,0.5,0.0
Salil Arora,202621,2026-04-13,"Rajiv Gandhi International Stadium, Hyderabad",SRH,RR,1.2,5.0,1.0,0.0,0.0,0.0,1.6666666666666667,1.3333333333333333,1.3333333333333333,1.2,5.0,1.0,0.0,0.0,0.0,10.666666666666666,3,0.0,0.6666666666666666,0.0,0.0
Aniket Verma,202621,2026-04-13,"Rajiv Gandhi International Stadium, Hyderabad",SRH,RR,1.7297297297297298,9.25,1.0,0.0,0.0,0.0,2.175,1.5,1.5,1.7297297297297298,9.25,1.0,0.0,0.0,0.0,27.5,4,1.0,1.25,0.5,0.0
Yashasvi Jaiswal,202621,2026-04-13,"Rajiv Gandhi International Stadium, Hyderabad",SRH,RR,1.564102564102564,29.25,0.5,0.0,0.0,0.0,4.175,1.0,8.4375,1.564102564102564,29.25,0.5,0.0,0.0,0.0,67.5,4,4.75,2.5,0.5,0.0
Vaibhav Sooryavanshi,202621,2026-04-13,"Rajiv Gandhi International Stadium, Hyderabad",SRH,RR,2.5641025641025643,19.5,1.0,0.0,0.0,0.0,4.375,1.0,9.4375,2.5641025641025643,19.5,1.0,0.0,0.0,0.0,71.5,4,4.5,4.5,0.0,0.0
Dhruv Jurel,202621,2026-04-13,"Rajiv Gandhi International Stadium, Hyderabad",SRH,RR,1.7254901960784315,25.5,0.75,0.0,0.0,0.0,4.3125,1.0,8.03125,1.7254901960784315,25.5,0.75,0.0,0.0,0.0,70.25,4,4.25,2.0,1.25,0.0
Lhuan-dre Pretorius,202621,2026-04-13,"Rajiv Gandhi International Stadium, Hyderabad",SRH,RR,0.0,0.0,0.0,0.0,0.0,0.0,0.0,0.0,0.0,0.0,0.0,0.0,0.0,0.0,0.0,0.0,0,0.0,0.0,0.0,0.0
Ravindra Jadeja,202621,2026-04-13,"Rajiv Gandhi International Stadium, Hyderabad",SRH,RR,0.9117647058823529,11.333333333333334,0.0,1.380952380952381,14.0,1.0,3.266666666666667,1.3333333333333333,2.7083333333333335,0.9117647058823529,11.333333333333334,0.0,1.380952380952381,14.0,1.0,42.666666666666664,3,0.6666666666666666,0.0,0.3333333333333333,0.0
Riyan Parag,202621,2026-04-13,"Rajiv Gandhi International Stadium, Hyderabad",SRH,RR,1.4516129032258065,7.75,0.75,1.8333333333333333,1.5,0.25,2.0,1.0,2.71875,1.4516129032258065,7.75,0.75,1.8333333333333333,1.5,0.25,24.0,4,0.5,1.0,0.0,0.0
Donovan Ferreira,202621,2026-04-13,"Rajiv Gandhi International Stadium, Hyderabad",SRH,RR,0.3333333333333333,1.5,0.5,0.0,0.0,0.0,2.225,2.0,2.0625,0.3333333333333333,1.5,0.5,0.0,0.0,0.0,8.5,2,0.0,0.0,0.5,0.0
Jofra Archer,202621,2026-04-13,"Rajiv Gandhi International Stadium, Hyderabad",SRH,RR,0.5,0.5,0.0,1.3625,20.0,1.5,3.175,1.0,1.03125,0.5,0.5,0.0,1.3625,20.0,1.5,47.5,4,0.0,0.0,0.75,0.25
Tushar Deshpande,202621,2026-04-13,"Rajiv Gandhi International Stadium, Hyderabad",SRH,RR,0.0,0.0,0.0,1.6875,16.0,1.0,3.45,2.0,2.0,0.0,0.0,0.0,1.6875,16.0,1.0,33.0,2,0.0,0.0,0.5,0.0
Ravi Bishnoi,202621,2026-04-13,"Rajiv Gandhi International Stadium, Hyderabad",SRH,RR,0.0,0.0,0.0,1.4375,20.0,2.5,4.2125,1.0,1.0,0.0,0.0,0.0,1.4375,20.0,2.5,68.25,4,0.0,0.0,0.75,0.0
Nandre Burger,202621,2026-04-13,"Rajiv Gandhi International Stadium, Hyderabad",SRH,RR,0.0,0.0,0.0,1.5696202531645569,19.75,1.25,2.7125,1.0,1.0,0.0,0.0,0.0,1.5696202531645569,19.75,1.25,38.25,4,0.0,0.0,0.0,0.0
Sandeep Sharma,202621,2026-04-13,"Rajiv Gandhi International Stadium, Hyderabad",SRH,RR,0.0,0.0,0.0,1.6049382716049383,20.25,1.25,2.45,1.0,1.0,0.0,0.0,0.0,1.6049382716049383,20.25,1.25,33.0,4,0.0,0.0,0.5,0.0
Praful Hinge,202621,2026-04-13,"Rajiv Gandhi International Stadium, Hyderabad",SRH,RR,0.0,0.0,0.0,0.0,0.0,0.0,0.0,0.0,0.0,0.0,0.0,0.0,0.0,0.0,0.0,0.0,0,0.0,0.0,0.0,0.0
Sakib Hussain,202621,2026-04-13,"Rajiv Gandhi International Stadium, Hyderabad",SRH,RR,0.0,0.0,0.0,0.0,0.0,0.0,0.0,0.0,0.0,0.0,0.0,0.0,0.0,0.0,0.0,0.0,0,0.0,0.0,0.0,0.0
Eshan Malinga,202621,2026-04-13,"Rajiv Gandhi International Stadium, Hyderabad",SRH,RR,0.0,0.0,0.0,1.644736842105263,19.0,1.0,2.1875,7.25,3.96875,0.0,0.0,0.0,1.644736842105263,19.0,1.0,27.75,4,0.0,0.0,0.25,0.25
Shivang Kumar,202621,2026-04-13,"Rajiv Gandhi International Stadium, Hyderabad",SRH,RR,1.5,2.0,0.6666666666666666,1.4383561643835616,24.333333333333332,2.0,3.25,11.666666666666666,5.666666666666667,1.5,2.0,0.6666666666666666,1.4383561643835616,24.333333333333332,2.0,42.333333333333336,3,0.6666666666666666,0.0,0.0,0.0
Harsh Dubey,202621,2026-04-13,"Rajiv Gandhi International Stadium, Hyderabad",SRH,RR,1.1818181818181819,2.75,0.5,1.345679012345679,20.25,1.25,3.075,13.0,5.78125,1.1818181818181819,2.75,0.5,1.345679012345679,20.25,1.25,45.5,4,0.5,0.0,0.5,0.0
Sanju Samson,202622,2026-04-14,"MA Chidambaram Stadium, Chennai",CSK,KKR,1.7341772151898733,19.75,0.75,0.0,0.0,0.0,3.238095238095238,22.25,1.0,1.7341772151898733,19.75,0.75,0.0,0.0,0.0,51.0,4,4.25,1.25,0.0,0.0
Ruturaj Gaikwad,202622,2026-04-14,"MA Chidambaram Stadium, Chennai",CSK,KKR,1.0,14.0,1.0,0.0,0.0,0.0,1.7380952380952381,6.75,1.0,1.0,14.0,1.0,0.0,0.0,0.0,19.5,4,1.0,0.25,0.0,0.0
Ayush Mhatre,202622,2026-04-14,"MA Chidambaram Stadium, Chennai",CSK,KKR,1.5465116279069768,21.5,0.75,0.0,0.0,0.0,3.0714285714285716,22.875,1.0,1.5465116279069768,21.5,0.75,0.0,0.0,0.0,47.5,4,2.25,2.25,0.0,0.0
Dewald Brevis,202622,2026-04-14,"MA Chidambaram Stadium, Chennai",CSK,KKR,0.0,0.0,0.0,0.0,0.0,0.0,5.333333333333333,18.0,7.5,0.0,0.0,0.0,0.0,0.0,0.0,32.0,1,0.0,0.0,3.0,0.0
Sarfaraz Khan,202622,2026-04-14,"MA Chidambaram Stadium, Chennai",CSK,KKR,1.9038461538461537,13.0,0.75,0.0,0.0,0.0,2.75,7.0,1.5,1.9038461538461537,13.0,0.75,0.0,0.0,0.0,40.75,4,4.0,1.0,0.5,0.0
Shivam Dube,202622,2026-04-14,"MA Chidambaram Stadium, Chennai",CSK,KKR,1.5084745762711864,14.75,0.5,2.3076923076923075,3.25,0.25,2.6547619047619047,10.5,2.03125,1.5084745762711864,14.75,0.5,2.3076923076923075,3.25,0.25,38.75,4,2.25,1.0,0.25,0.0
Jamie Overton,202622,2026-04-14,"MA Chidambaram Stadium, Chennai",CSK,KKR,1.509433962264151,17.666666666666668,0.6666666666666666,1.52,16.666666666666668,1.6666666666666667,5.063492063492063,20.666666666666668,7.208333333333333,1.509433962264151,17.666666666666668,0.6666666666666666,1.52,16.666666666666668,1.6666666666666667,82.33333333333333,3,2.0,1.3333333333333333,0.3333333333333333,0.0
Finn Allen,202622,2026-04-14,"MA Chidambaram Stadium, Chennai",CSK,KKR,1.951219512195122,10.25,1.0,0.0,0.0,0.0,2.2023809523809526,1.0,4.15625,1.951219512195122,10.25,1.0,0.0,0.0,0.0,29.25,4,3.25,1.0,0.0,0.0
Sunil Narine,202622,2026-04-14,"MA Chidambaram Stadium, Chennai",CSK,KKR,2.4,1.6666666666666667,0.3333333333333333,1.2424242424242424,22.0,0.6666666666666666,2.380952380952381,1.3333333333333333,2.0,2.4,1.6666666666666667,0.3333333333333333,1.2424242424242424,22.0,0.6666666666666666,26.0,3,0.0,0.6666666666666666,0.0,0.0
Ajinkya Rahane,202622,2026-04-14,"MA Chidambaram Stadium, Chennai",CSK,KKR,1.4761904761904763,21.0,0.75,0.0,0.0,0.0,2.9285714285714284,1.0,5.8125,1.4761904761904763,21.0,0.75,0.0,0.0,0.0,44.5,4,2.0,1.75,0.25,0.0
Angkrish Raghuvanshi,202622,2026-04-14,"MA Chidambaram Stadium, Chennai",CSK,KKR,1.5048543689320388,25.75,0.75,0.0,0.0,0.0,3.4761904761904763,1.0,7.25,1.5048543689320388,25.75,0.75,0.0,0.0,0.0,56.0,4,4.25,1.5,0.25,0.0
Rinku Singh,202622,2026-04-14,"MA Chidambaram Stadium, Chennai",CSK,KKR,1.309090909090909,18.333333333333332,1.0,0.0,0.0,0.0,3.142857142857143,1.3333333333333333,4.75,1.309090909090909,18.333333333333332,1.0,0.0,0.0,0.0,42.0,3,2.6666666666666665,0.3333333333333333,1.3333333333333333,0.0
Cameron Green,202622,2026-04-14,"MA Chidambaram Stadium, Chennai",CSK,KKR,1.4,10.0,0.5,2.0,3.5,0.25,2.1666666666666665,1.0,3.03125,1.4,10.0,0.5,2.0,3.5,0.25,28.5,4,1.25,0.5,0.25,0.0
Rovman Powell,202622,2026-04-14,"MA Chidambaram Stadium, Chennai",CSK,KKR,1.5,26.0,0.0,0.0,0.0,0.0,6.619047619047619,4.0,9.875,1.5,26.0,0.0,0.0,0.0,0.0,59.0,1,4.0,2.0,1.0,0.0
Ramandeep Singh,202622,2026-04-14,"MA Chidambaram Stadium, Chennai",CSK,KKR,1.0769230769230769,4.333333333333333,0.3333333333333333,0.0,0.0,0.0,1.8253968253968254,1.3333333333333333,1.9583333333333333,1.0769230769230769,4.333333333333333,0.3333333333333333,0.0,0.0,0.0,14.333333333333334,3,0.3333333333333333,0.0,0.6666666666666666,0.0
Anukul Roy,202622,2026-04-14,"MA Chidambaram Stadium, Chennai",CSK,KKR,0.0,0.6666666666666666,0.3333333333333333,1.28,16.666666666666668,1.0,2.8095238095238098,1.3333333333333333,1.25,0.0,0.6666666666666666,0.3333333333333333,1.28,16.666666666666668,1.0,35.0,3,0.0,0.0,0.3333333333333333,0.3333333333333333
Vaibhav Arora,202622,2026-04-14,"MA Chidambaram Stadium, Chennai",CSK,KKR,0.5,0.6666666666666666,0.0,1.8533333333333333,25.0,1.6666666666666667,3.5238095238095237,1.3333333333333333,1.375,0.5,0.6666666666666666,0.0,1.8533333333333333,25.0,1.6666666666666667,50.0,3,0.0,0.0,0.0,0.0
Varun Chakaravarthy,202622,2026-04-14,"MA Chidambaram Stadium, Chennai",CSK,KKR,0.0,0.5,0.5,2.0789473684210527,19.0,0.0,2.3333333333333335,2.0,1.875,0.0,0.5,0.5,2.0789473684210527,19.0,0.0,11.0,2,0.0,0.0,1.0,0.0
Kartik Tyagi,202622,2026-04-14,"MA Chidambaram Stadium, Chennai",CSK,KKR,1.0,1.6666666666666667,0.3333333333333333,1.7826086956521738,23.0,1.0,2.7460317460317456,1.3333333333333333,1.5833333333333333,1.0,1.6666666666666667,0.3333333333333333,1.7826086956521738,23.0,1.0,33.666666666666664,3,0.3333333333333333,0.0,0.3333333333333333,0.0
Khaleel Ahmed,202622,2026-04-14,"MA Chidambaram Stadium, Chennai",CSK,KKR,0.0,0.0,0.0,1.5,20.5,0.25,1.4404761904761905,5.625,2.15625,0.0,0.0,0.0,1.5,20.5,0.25,13.25,4,0.0,0.0,0.0,0.0
Anshul Kamboj,202622,2026-04-14,"MA Chidambaram Stadium, Chennai",CSK,KKR,1.173913043478261,5.75,0.0,1.6881720430107527,23.25,2.0,3.892857142857143,18.125,7.625,1.173913043478261,5.75,0.0,1.6881720430107527,23.25,2.0,64.75,4,0.5,0.25,0.25,0.0
Akeal Hosein,202622,2026-04-14,"MA Chidambaram Stadium, Chennai",CSK,KKR,0.0,0.0,0.0,1.4285714285714286,14.0,0.0,4.380952380952381,8.0,5.0,0.0,0.0,0.0,1.4285714285714286,14.0,0.0,12.0,1,0.0,0.0,1.0,0.0
Noor Ahmad,202622,2026-04-14,"MA Chidambaram Stadium, Chennai",CSK,KKR,0.5,4.5,0.5,1.8658536585365855,20.5,0.5,1.7142857142857142,6.125,2.53125,0.5,4.5,0.5,1.8658536585365855,20.5,0.5,19.0,4,0.0,0.25,0.75,0.0
Gurjapneet Singh,202622,2026-04-14,"MA Chidambaram Stadium, Chennai",CSK,KKR,0.0,0.0,0.0,1.56,25.0,1.0,5.571428571428571,20.5,8.125,0.0,0.0,0.0,1.56,25.0,1.0,37.0,1,0.0,0.0,1.0,0.0
Mitchell Marsh,202623,2026-04-15,"M.Chinnaswamy Stadium, Bengaluru",LSG,RCB,1.3157894736842106,14.25,1.25,0.0,0.0,0.0,2.034090909090909,1.0,1.0,1.3157894736842106,14.25,1.25,0.0,0.0,0.0,26.75,4,1.5,1.25,0.0,0.0
Aiden Markram,202623,2026-04-15,"M.Chinnaswamy Stadium, Bengaluru",LSG,RCB,1.5,18.0,1.0,1.75,4.0,0.0,2.772727272727273,1.0,1.75,1.5,18.0,1.0,1.75,4.0,0.0,43.0,4,3.5,1.25,0.75,0.0
Rishabh Pant,202623,2026-04-15,"M.Chinnaswamy Stadium, Bengaluru",LSG,RCB,1.271604938271605,20.25,0.5,0.0,0.0,0.0,2.9318181818181817,1.0,2.375,1.271604938271605,20.25,0.5,0.0,0.0,0.0,46.5,4,3.25,0.25,1.0,0.25
Nicholas Pooran,202623,2026-04-15,"M.Chinnaswamy Stadium, Bengaluru",LSG,RCB,0.82,12.5,1.0,0.0,0.0,0.0,1.5454545454545454,1.0,1.0,0.82,12.5,1.0,0.0,0.0,0.0,16.0,4,0.25,0.75,0.0,0.0
Ayush Badoni,202623,2026-04-15,"M.Chinnaswamy Stadium, Bengaluru",LSG,RCB,1.271186440677966,14.75,1.0,0.0,0.0,0.0,2.0681818181818183,1.0,1.0,1.271186440677966,14.75,1.0,0.0,0.0,0.0,27.5,4,2.25,0.5,0.0,0.0
Abdul Samad,202623,2026-04-15,"M.Chinnaswamy Stadium, Bengaluru",LSG,RCB,1.125,16.0,1.0,6.0,0.25,0.0,2.0113636363636362,1.0,1.25,1.125,16.0,1.0,6.0,0.25,0.0,26.25,4,1.75,0.25,0.25,0.0
Mukul Choudhary,202623,2026-04-15,"M.Chinnaswamy Stadium, Bengaluru",LSG,RCB,1.543859649122807,14.25,0.5,0.0,0.0,0.0,2.3295454545454546,1.0,1.0,1.543859649122807,14.25,0.5,0.0,0.0,0.0,33.25,4,1.25,2.0,0.0,0.0
George Linde,202623,2026-04-15,"M.Chinnaswamy Stadium, Bengaluru",LSG,RCB,1.6,10.0,1.0,1.5555555555555556,18.0,0.0,4.863636363636363,4.0,4.0,1.6,10.0,1.0,1.5555555555555556,18.0,0.0,23.0,1,3.0,0.0,0.0,0.0
Mohammed Shami,202623,2026-04-15,"M.Chinnaswamy Stadium, Bengaluru",LSG,RCB,1.4,2.5,0.5,0.9900990099009901,25.25,1.0,2.4204545454545454,1.0,4.375,1.4,2.5,0.5,0.9900990099009901,25.25,1.0,35.25,4,0.25,0.25,0.25,0.0
Avesh Khan,202623,2026-04-15,"M.Chinnaswamy Stadium, Bengaluru",LSG,RCB,1.0,1.6666666666666667,0.0,1.6935483870967742,20.666666666666668,1.0,2.6818181818181817,1.3333333333333333,4.791666666666667,1.0,1.6666666666666667,0.0,1.6935483870967742,20.666666666666668,1.0,33.666666666666664,3,0.3333333333333333,0.0,0.3333333333333333,0.0
Digvesh Singh Rathi,202623,2026-04-15,"M.Chinnaswamy Stadium, Bengaluru",LSG,RCB,0.0,0.0,0.0,1.3918918918918919,24.666666666666668,1.0,2.590909090909091,1.3333333333333333,4.791666666666667,0.0,0.0,0.0,1.3918918918918919,24.666666666666668,1.0,31.666666666666668,3,0.0,0.0,0.3333333333333333,0.0
Phil Salt,202623,2026-04-15,"M.Chinnaswamy Stadium, Bengaluru",LSG,RCB,1.7142857142857142,19.25,1.0,0.0,0.0,0.0,3.284090909090909,13.375,6.15625,1.7142857142857142,19.25,1.0,0.0,0.0,0.0,54.25,4,2.75,2.0,1.0,0.0
Virat Kohli,202623,2026-04-15,"M.Chinnaswamy Stadium, Bengaluru",LSG,RCB,1.5299145299145298,29.25,0.75,0.0,0.0,0.0,3.8636363636363638,18.5,8.125,1.5299145299145298,29.25,0.75,0.0,0.0,0.0,67.0,4,4.75,1.75,0.75,0.0
Devdutt Padikkal,202623,2026-04-15,"M.Chinnaswamy Stadium, Bengaluru",LSG,RCB,1.9841269841269842,21.0,1.0,0.0,0.0,0.0,4.545454545454546,33.833333333333336,8.333333333333334,1.9841269841269842,21.0,1.0,0.0,0.0,0.0,74.66666666666667,3,5.0,2.0,1.6666666666666667,0.0
Rajat Patidar,202623,2026-04-15,"M.Chinnaswamy Stadium, Bengaluru",LSG,RCB,1.9595959595959596,24.75,0.75,0.0,0.0,0.0,4.193181818181818,15.5,9.03125,1.9595959595959596,24.75,0.75,0.0,0.0,0.0,74.25,4,2.75,4.5,0.75,0.0
Jitesh Sharma,202623,2026-04-15,"M.Chinnaswamy Stadium, Bengaluru",LSG,RCB,0.8421052631578947,4.75,0.75,0.0,0.0,0.0,1.4431818181818181,2.75,1.46875,0.8421052631578947,4.75,0.75,0.0,0.0,0.0,13.75,4,0.25,0.0,0.75,0.0
Tim David,202623,2026-04-15,"M.Chinnaswamy Stadium, Bengaluru",LSG,RCB,2.1451612903225805,15.5,0.25,3.0,1.5,0.0,2.965909090909091,15.5,6.40625,2.1451612903225805,15.5,0.25,3.0,1.5,0.0,47.25,4,2.0,3.0,0.0,0.0
Romario Shepherd,202623,2026-04-15,"M.Chinnaswamy Stadium, Bengaluru",LSG,RCB,1.8461538461538463,3.25,0.25,2.2452830188679247,13.25,0.75,2.3068181818181817,10.875,1.875,1.8461538461538463,3.25,0.25,2.2452830188679247,13.25,0.75,32.75,4,0.5,0.25,0.25,0.0
Bhuvneshwar Kumar,202623,2026-04-15,"M.Chinnaswamy Stadium, Bengaluru",LSG,RCB,1.125,2.0,0.0,1.4705882352941178,25.5,1.0,2.522727272727273,15.5,1.3125,1.125,2.0,0.0,1.4705882352941178,25.5,1.0,37.5,4,0.25,0.0,0.25,0.0
Josh Hazlewood,202623,2026-04-15,"M.Chinnaswamy Stadium, Bengaluru",LSG,RCB,0.0,0.0,0.0,1.875,24.0,2.0,6.636363636363637,4.0,4.0,0.0,0.0,0.0,1.875,24.0,2.0,62.0,1,0.0,0.0,1.0,0.0
Rasikh Salam Dar,202623,2026-04-15,"M.Chinnaswamy Stadium, Bengaluru",LSG,RCB,0.0,0.0,0.0,1.3529411764705883,17.0,2.0,6.636363636363637,4.0,4.0,0.0,0.0,0.0,1.3529411764705883,17.0,2.0,62.0,1,0.0,0.0,1.0,0.0
Krunal Pandya,202623,2026-04-15,"M.Chinnaswamy Stadium, Bengaluru",LSG,RCB,0.16666666666666666,1.5,0.25,1.5125,20.0,1.25,2.522727272727273,7.25,1.03125,0.16666666666666666,1.5,0.25,1.5125,20.0,1.25,37.5,4,0.0,0.0,0.25,0.0
Suyash Sharma,202623,2026-04-15,"M.Chinnaswamy Stadium, Bengaluru",LSG,RCB,0.0,0.0,0.0,1.4545454545454546,22.0,1.3333333333333333,2.848484848484848,9.666666666666666,1.3333333333333333,0.0,0.0,0.0,1.4545454545454546,22.0,1.3333333333333333,37.333333333333336,3,0.0,0.0,0.0,0.0
Prince Yadav,202623,2026-04-15,"M.Chinnaswamy Stadium, Bengaluru",LSG,RCB,0.0,0.0,0.0,1.3775510204081634,24.5,1.75,2.7954545454545454,1.0,5.9375,0.0,0.0,0.0,1.3775510204081634,24.5,1.75,43.5,4,0.0,0.0,0.25,0.0
Ryan Rickelton,202624,2026-04-16,"Wankhede Stadium, Mumbai",MI,PBKS,1.6666666666666667,20.25,1.0,0.0,0.0,0.0,3.0,20.375,1.2857142857142858,1.6666666666666667,20.25,1.0,0.0,0.0,0.0,50.0,4,2.25,3.0,0.25,0.0
Quinton de Kock,202624,2026-04-16,"Wankhede Stadium, Mumbai",MI,PBKS,0.0,0.0,0.0,0.0,0.0,0.0,0.0,0.0,0.0,0.0,0.0,0.0,0.0,0.0,0.0,0.0,0,0.0,0.0,0.0,0.0
Suryakumar Yadav,202624,2026-04-16,"Wankhede Stadium, Mumbai",MI,PBKS,1.452054794520548,18.25,1.0,0.0,0.0,0.0,2.510869565217391,9.125,1.2857142857142858,1.452054794520548,18.25,1.0,0.0,0.0,0.0,38.75,4,2.75,0.75,0.25,0.0
Naman Dhir,202624,2026-04-16,"Wankhede Stadium, Mumbai",MI,PBKS,1.5526315789473684,9.5,0.75,0.0,0.0,0.0,1.75,1.875,1.0,1.5526315789473684,9.5,0.75,0.0,0.0,0.0,21.25,4,1.5,0.5,0.0,0.0
Hardik Pandya,202624,2026-04-16,"Wankhede Stadium, Mumbai",MI,PBKS,1.6341463414634145,13.666666666666666,0.6666666666666666,1.6551724137931034,19.333333333333332,0.6666666666666666,3.4492753623188404,23.833333333333332,4.476190476190476,1.6341463414634145,13.666666666666666,0.6666666666666666,1.6551724137931034,19.333333333333332,0.6666666666666666,52.666666666666664,3,3.6666666666666665,0.3333333333333333,0.6666666666666666,0.0
Sherfane Rutherford,202624,2026-04-16,"Wankhede Stadium, Mumbai",MI,PBKS,1.9056603773584906,13.25,0.5,0.0,0.0,0.0,2.5543478260869565,14.25,1.2857142857142858,1.9056603773584906,13.25,0.5,0.0,0.0,0.0,39.75,4,1.0,2.75,0.25,0.0
Tilak Varma,202624,2026-04-16,"Wankhede Stadium, Mumbai",MI,PBKS,1.1666666666666667,7.5,1.0,0.0,0.0,0.0,1.9456521739130435,7.125,2.7142857142857144,1.1666666666666667,7.5,1.0,0.0,0.0,0.0,25.75,4,1.5,0.0,1.5,0.0
Priyansh Arya,202624,2026-04-16,"Wankhede Stadium, Mumbai",MI,PBKS,2.5121951219512195,13.666666666666666,1.0,0.0,0.0,0.0,3.3478260869565215,1.3333333333333333,7.9523809523809526,2.5121951219512195,13.666666666666666,1.0,0.0,0.0,0.0,50.333333333333336,3,2.6666666666666665,3.3333333333333335,0.0,0.0
Prabhsimran Singh,202624,2026-04-16,"Wankhede Stadium, Mumbai",MI,PBKS,1.5232558139534884,21.5,0.75,0.0,0.0,0.0,3.0869565217391304,1.0,7.0,1.5232558139534884,21.5,0.75,0.0,0.0,0.0,52.0,4,2.75,2.25,0.75,0.0
Cooper Connolly,202624,2026-04-16,"Wankhede Stadium, Mumbai",MI,PBKS,1.4691358024691359,27.0,0.6666666666666666,0.0,0.0,0.0,3.7246376811594204,1.3333333333333333,8.428571428571429,1.4691358024691359,27.0,0.6666666666666666,0.0,0.0,0.0,59.0,3,4.0,1.6666666666666667,0.6666666666666666,0.0
Shreyas Iyer,202624,2026-04-16,"Wankhede Stadium, Mumbai",MI,PBKS,1.8026315789473684,25.333333333333332,0.6666666666666666,0.0,0.0,0.0,4.08695652173913,1.3333333333333333,10.0,1.8026315789473684,25.333333333333332,0.6666666666666666,0.0,0.0,0.0,67.33333333333333,3,3.0,3.3333333333333335,0.3333333333333333,0.0
Marcus Stoinis,202624,2026-04-16,"Wankhede Stadium, Mumbai",MI,PBKS,1.8,2.5,0.5,2.4285714285714284,3.5,0.0,2.1956521739130435,2.0,2.642857142857143,1.8,2.5,0.5,2.4285714285714284,3.5,0.0,8.5,2,1.0,0.0,0.0,0.0
Arshdeep Singh,202624,2026-04-16,"Wankhede Stadium, Mumbai",MI,PBKS,0.0,0.0,0.0,1.494949494949495,24.75,0.5,1.934782608695652,1.0,1.0,0.0,0.0,0.0,1.494949494949495,24.75,0.5,25.5,4,0.0,0.0,0.75,0.0
Marco Jansen,202624,2026-04-16,"Wankhede Stadium, Mumbai",MI,PBKS,0.75,4.0,0.3333333333333333,1.3733333333333333,25.0,0.6666666666666666,2.4492753623188404,1.3333333333333333,1.857142857142857,0.75,4.0,0.3333333333333333,1.3733333333333333,25.0,0.6666666666666666,29.666666666666668,3,0.0,0.3333333333333333,0.6666666666666666,0.0
Xavier Bartlett,202624,2026-04-16,"Wankhede Stadium, Mumbai",MI,PBKS,2.2,1.25,0.0,1.5813953488372092,21.5,1.0,2.619565217391304,1.0,1.4642857142857142,2.2,1.25,0.0,1.5813953488372092,21.5,1.0,41.25,4,0.0,0.25,0.75,0.0
Vijaykumar Vyshak,202624,2026-04-16,"Wankhede Stadium, Mumbai",MI,PBKS,0.0,0.0,0.0,1.7377049180327868,20.333333333333332,1.6666666666666667,3.2028985507246372,1.3333333333333333,1.3333333333333333,0.0,0.0,0.0,1.7377049180327868,20.333333333333332,1.6666666666666667,47.0,3,0.0,0.0,0.0,0.0
Yuzvendra Chahal,202624,2026-04-16,"Wankhede Stadium, Mumbai",MI,PBKS,0.0,0.0,0.0,1.2424242424242424,22.0,1.3333333333333333,2.710144927536232,1.3333333333333333,1.3333333333333333,0.0,0.0,0.0,1.2424242424242424,22.0,1.3333333333333333,35.666666666666664,3,0.0,0.0,0.3333333333333333,0.0
Shashank Singh,202624,2026-04-16,"Wankhede Stadium, Mumbai",MI,PBKS,1.619047619047619,7.0,0.3333333333333333,1.0526315789473684,6.333333333333333,0.6666666666666666,2.6231884057971016,1.3333333333333333,3.1904761904761902,1.619047619047619,7.0,0.3333333333333333,1.0526315789473684,6.333333333333333,0.6666666666666666,33.666666666666664,3,1.0,0.3333333333333333,0.0,0.0
Deepak Chahar,202624,2026-04-16,"Wankhede Stadium, Mumbai",MI,PBKS,1.2,2.5,0.0,1.75,12.0,0.5,2.6956521739130435,2.0,3.7857142857142856,1.2,2.5,0.0,1.75,12.0,0.5,20.0,2,0.5,0.0,0.0,0.0
Jasprit Bumrah,202624,2026-04-16,"Wankhede Stadium, Mumbai",MI,PBKS,2.5,0.5,0.0,1.305263157894737,23.75,0.25,1.1956521739130435,1.0,1.4285714285714286,2.5,0.5,0.0,1.305263157894737,23.75,0.25,8.5,4,0.25,0.0,0.0,0.25
AM Ghazanfar,202624,2026-04-16,"Wankhede Stadium, Mumbai",MI,PBKS,0.0,0.0,0.0,1.9210526315789473,19.0,1.0,3.0869565217391304,2.0,5.571428571428571,0.0,0.0,0.0,1.9210526315789473,19.0,1.0,29.0,2,0.0,0.0,0.0,0.0
Shardul Thakur,202624,2026-04-16,"Wankhede Stadium, Mumbai",MI,PBKS,0.8888888888888888,2.25,0.25,1.96,18.75,1.25,2.5,14.0,5.607142857142857,0.8888888888888888,2.25,0.25,1.96,18.75,1.25,38.5,4,0.25,0.0,0.0,0.0
Tim Seifert,202625,2026-04-17,"Narendra Modi Stadium, Ahmedabad",KKR,GT,0.0,0.0,0.0,0.0,0.0,0.0,0.0,0.0,0.0,0.0,0.0,0.0,0.0,0.0,0.0,0.0,0,0.0,0.0,0.0,0.0
Ajinkya Rahane,202625,2026-04-17,"Narendra Modi Stadium, Ahmedabad",KKR,GT,1.4205607476635513,21.4,0.8,0.0,0.0,0.0,2.416666666666667,0.8,1.0,1.4205607476635513,21.4,0.8,0.0,0.0,0.0,42.8,5,1.6,1.8,0.2,0.0
Angkrish Raghuvanshi,202625,2026-04-17,"Narendra Modi Stadium, Ahmedabad",KKR,GT,1.4918032786885247,24.4,0.8,0.0,0.0,0.0,2.8,0.8,1.0,1.4918032786885247,24.4,0.8,0.0,0.0,0.0,52.0,5,4.0,1.4,0.2,0.0
Cameron Green,202625,2026-04-17,"Narendra Modi Stadium, Ahmedabad",KKR,GT,1.3658536585365855,8.2,0.6,2.185185185185185,5.4,0.2,1.6,0.8,1.625,1.3658536585365855,8.2,0.6,2.185185185185185,5.4,0.2,23.2,5,1.0,0.4,0.2,0.0
Rovman Powell,202625,2026-04-17,"Narendra Modi Stadium, Ahmedabad",KKR,GT,1.4,25.0,0.0,0.0,0.0,0.0,4.0625,2.0,3.0,1.4,25.0,0.0,0.0,0.0,0.0,53.5,2,2.5,2.0,1.0,0.0
Anukul Roy,202625,2026-04-17,"Narendra Modi Stadium, Ahmedabad",KKR,GT,0.3333333333333333,0.75,0.25,1.1805555555555556,18.0,1.0,2.2395833333333335,1.0,4.75,0.3333333333333333,0.75,0.25,1.1805555555555556,18.0,1.0,33.75,4,0.0,0.0,0.25,0.25
Rinku Singh,202625,2026-04-17,"Narendra Modi Stadium, Ahmedabad",KKR,GT,1.164179104477612,16.75,1.0,0.0,0.0,0.0,2.25,1.0,2.0,1.164179104477612,16.75,1.0,0.0,0.0,0.0,34.0,4,2.0,0.25,1.0,0.0
Ramandeep Singh,202625,2026-04-17,"Narendra Modi Stadium, Ahmedabad",KKR,GT,1.2894736842105263,9.5,0.5,0.0,0.0,0.0,1.8333333333333333,1.0,1.75,1.2894736842105263,9.5,0.5,0.0,0.0,0.0,24.0,4,1.25,0.25,0.75,0.0
Sunil Narine,202625,2026-04-17,"Narendra Modi Stadium, Ahmedabad",KKR,GT,1.6363636363636365,5.5,0.5,1.1777777777777778,22.5,0.75,2.2604166666666665,1.0,3.34375,1.6363636363636365,5.5,0.5,1.1777777777777778,22.5,0.75,34.25,4,0.5,1.0,0.0,0.0
Kartik Tyagi,202625,2026-04-17,"Narendra Modi Stadium, Ahmedabad",KKR,GT,1.0,1.25,0.25,1.6808510638297873,23.5,1.25,2.4479166666666665,1.0,5.15625,1.0,1.25,0.25,1.6808510638297873,23.5,1.25,38.75,4,0.25,0.0,0.25,0.0
Vaibhav Arora,202625,2026-04-17,"Narendra Modi Stadium, Ahmedabad",KKR,GT,0.5,0.5,0.0,1.892156862745098,25.5,1.5,2.78125,1.0,6.3125,0.5,0.5,0.0,1.892156862745098,25.5,1.5,46.75,4,0.0,0.0,0.25,0.0
Sai Sudharsan,202625,2026-04-17,"Narendra Modi Stadium, Ahmedabad",KKR,GT,1.4125,20.0,1.0,0.0,0.0,0.0,2.6979166666666665,25.0,5.46875,1.4125,20.0,1.0,0.0,0.0,0.0,44.75,4,4.0,0.75,0.25,0.25
Shubman Gill,202625,2026-04-17,"Narendra Modi Stadium, Ahmedabad",KKR,GT,1.4224137931034482,38.666666666666664,1.0,0.0,0.0,0.0,4.680555555555555,1.3333333333333333,10.041666666666666,1.4224137931034482,38.666666666666664,1.0,0.0,0.0,0.0,84.33333333333333,3,5.333333333333333,2.0,1.3333333333333333,0.0
Jos Buttler,202625,2026-04-17,"Narendra Modi Stadium, Ahmedabad",KKR,GT,1.5575221238938053,28.25,1.0,0.0,0.0,0.0,3.75,10.75,8.125,1.5575221238938053,28.25,1.0,0.0,0.0,0.0,70.0,4,5.5,1.75,0.75,0.25
Washington Sundar,202625,2026-04-17,"Narendra Modi Stadium, Ahmedabad",KKR,GT,1.4848484848484849,16.5,0.75,1.52,6.25,0.25,2.7083333333333335,2.25,4.84375,1.4848484848484849,16.5,0.75,1.52,6.25,0.25,45.0,4,2.75,0.75,0.5,0.0
Glenn Phillips,202625,2026-04-17,"Narendra Modi Stadium, Ahmedabad",KKR,GT,1.3548387096774193,7.75,0.5,0.0,0.0,0.0,1.9166666666666667,5.75,2.5,1.3548387096774193,7.75,0.5,0.0,0.0,0.0,26.0,4,0.5,0.5,1.25,0.0
Rahul Tewatia,202625,2026-04-17,"Narendra Modi Stadium, Ahmedabad",KKR,GT,1.2142857142857142,7.0,0.25,0.0,0.0,0.0,1.5729166666666667,4.75,2.21875,1.2142857142857142,7.0,0.25,0.0,0.0,0.0,17.75,4,0.75,0.25,0.5,0.0
Shahrukh Khan,202625,2026-04-17,"Narendra Modi Stadium, Ahmedabad",KKR,GT,1.5,5.0,0.5,0.0,0.0,0.0,2.375,9.0,3.125,1.5,5.0,0.5,0.0,0.0,0.0,13.0,2,0.5,0.5,0.0,0.0
Mohammed Siraj,202625,2026-04-17,"Narendra Modi Stadium, Ahmedabad",KKR,GT,0.0,0.0,0.0,1.5280898876404494,22.25,1.0,2.1145833333333335,9.25,1.0,0.0,0.0,0.0,1.5280898876404494,22.25,1.0,30.75,4,0.0,0.0,0.25,0.0
Kagiso Rabada,202625,2026-04-17,"Narendra Modi Stadium, Ahmedabad",KKR,GT,1.3529411764705883,4.25,0.0,1.7052631578947368,23.75,1.0,2.3333333333333335,20.5,1.875,1.3529411764705883,4.25,0.0,1.7052631578947368,23.75,1.0,36.0,4,0.25,0.5,0.0,0.0
Prasidh Krishna,202625,2026-04-17,"Narendra Modi Stadium, Ahmedabad",KKR,GT,0.0,0.0,0.0,1.5353535353535352,24.75,2.75,3.8125,7.25,1.0,0.0,0.0,0.0,1.5353535353535352,24.75,2.75,71.5,4,0.0,0.0,0.25,0.0
Ashok Sharma,202625,2026-04-17,"Narendra Modi Stadium, Ahmedabad",KKR,GT,0.0,0.25,0.0,1.6373626373626373,22.75,1.0,2.375,10.25,1.0,0.0,0.25,0.0,1.6373626373626373,22.75,1.0,37.0,4,0.0,0.0,0.25,0.0
Rashid Khan,202625,2026-04-17,"Narendra Modi Stadium, Ahmedabad",KKR,GT,1.2,5.0,0.5,1.1224489795918366,24.5,1.25,2.7083333333333335,14.0,1.84375,1.2,5.0,0.5,1.1224489795918366,24.5,1.25,45.0,4,0.75,0.0,0.25,0.0
Varun Chakaravarthy,202625,2026-04-17,"Narendra Modi Stadium, Ahmedabad",KKR,GT,0.0,0.3333333333333333,0.3333333333333333,1.875,18.666666666666668,0.0,1.5277777777777777,1.3333333333333333,2.0,0.0,0.3333333333333333,0.3333333333333333,1.875,18.666666666666668,0.0,8.666666666666666,3,0.0,0.0,0.6666666666666666,0.0
Phil Salt,202626,2026-04-18,"M.Chinnaswamy Stadium, Bengaluru",RCB,DC,1.6352941176470588,17.0,1.0,0.0,0.0,0.0,2.536,8.466666666666667,1.777777777777778,1.6352941176470588,17.0,1.0,0.0,0.0,0.0,47.4,5,2.4,1.6,1.0,0.0
Virat Kohli,202626,2026-04-18,"M.Chinnaswamy Stadium, Bengaluru",RCB,DC,1.5,30.4,0.8,0.0,0.0,0.0,3.272,13.933333333333334,1.3333333333333335,1.5,30.4,0.8,0.0,0.0,0.0,65.8,5,5.0,1.6,0.6,0.0
Devdutt Padikkal,202626,2026-04-18,"M.Chinnaswamy Stadium, Bengaluru",RCB,DC,1.8243243243243243,18.5,1.0,0.0,0.0,0.0,3.31,18.833333333333332,2.4444444444444446,1.8243243243243243,18.5,1.0,0.0,0.0,0.0,61.75,4,4.0,1.5,1.5,0.0
Tim David,202626,2026-04-18,"M.Chinnaswamy Stadium, Bengaluru",RCB,DC,2.1,14.0,0.2,3.0,1.2,0.0,2.384,10.2,0.9777777777777779,2.1,14.0,0.2,3.0,1.2,0.0,43.6,5,1.8,2.6,0.2,0.0
Rajat Patidar,202626,2026-04-18,"M.Chinnaswamy Stadium, Bengaluru",RCB,DC,1.9732142857142858,22.4,0.8,0.0,0.0,0.0,3.3840000000000003,11.333333333333332,1.511111111111111,1.9732142857142858,22.4,0.8,0.0,0.0,0.0,68.6,5,2.4,4.2,0.8,0.0
Jitesh Sharma,202626,2026-04-18,"M.Chinnaswamy Stadium, Bengaluru",RCB,DC,1.3928571428571428,5.6,0.8,0.0,0.0,0.0,1.408,4.2,1.511111111111111,1.3928571428571428,5.6,0.8,0.0,0.0,0.0,19.2,5,0.6,0.4,0.8,0.0
Romario Shepherd,202626,2026-04-18,"M.Chinnaswamy Stadium, Bengaluru",RCB,DC,1.8095238095238095,4.2,0.2,2.2452830188679247,10.6,0.6,1.8559999999999999,7.2,2.7333333333333334,1.8095238095238095,4.2,0.2,2.2452830188679247,10.6,0.6,30.4,5,0.6,0.4,0.2,0.0
Krunal Pandya,202626,2026-04-18,"M.Chinnaswamy Stadium, Bengaluru",RCB,DC,0.16666666666666666,1.2,0.2,1.5,21.2,1.4,2.272,7.466666666666667,4.866666666666666,0.16666666666666666,1.2,0.2,1.5,21.2,1.4,40.8,5,0.0,0.0,0.2,0.0
Bhuvneshwar Kumar,202626,2026-04-18,"M.Chinnaswamy Stadium, Bengaluru",RCB,DC,1.125,1.6,0.0,1.3937007874015748,25.4,1.4,2.504,13.8,5.311111111111112,1.125,1.6,0.0,1.3937007874015748,25.4,1.4,46.6,5,0.2,0.0,0.2,0.0
Pathum Nissanka,202626,2026-04-18,"M.Chinnaswamy Stadium, Bengaluru",RCB,DC,1.4651162790697674,21.5,1.0,0.0,0.0,0.0,2.59,1.0,5.194444444444445,1.4651162790697674,21.5,1.0,0.0,0.0,0.0,43.75,4,4.25,1.0,0.25,0.0
Rahul,202626,2026-04-18,"M.Chinnaswamy Stadium, Bengaluru",RCB,DC,1.5857142857142856,17.5,1.25,0.0,0.0,0.0,2.48,1.0,4.888888888888889,1.5857142857142856,17.5,1.25,0.0,0.0,0.0,41.0,4,3.25,1.25,0.25,0.0
Karun Nair,202626,2026-04-18,"M.Chinnaswamy Stadium, Bengaluru",RCB,DC,0.0,0.0,0.0,0.0,0.0,0.0,0.0,0.0,0.0,0.0,0.0,0.0,0.0,0.0,0.0,0.0,0,0.0,0.0,0.0,0.0
Sameer Rizvi,202626,2026-04-18,"M.Chinnaswamy Stadium, Bengaluru",RCB,DC,1.4434782608695653,28.75,0.75,0.0,0.0,0.0,3.15,1.0,6.972222222222222,1.4434782608695653,28.75,0.75,0.0,0.0,0.0,57.75,4,3.25,2.75,0.0,0.0
Tristan Stubbs,202626,2026-04-18,"M.Chinnaswamy Stadium, Bengaluru",RCB,DC,1.3132530120481927,20.75,0.25,0.0,0.0,0.0,2.4,1.0,4.666666666666667,1.3132530120481927,20.75,0.25,0.0,0.0,0.0,39.0,4,1.75,1.0,0.25,0.0
Axar Patel,202626,2026-04-18,"M.Chinnaswamy Stadium, Bengaluru",RCB,DC,0.42857142857142855,1.75,0.75,1.3255813953488371,21.5,0.75,1.84,1.0,1.0277777777777777,0.42857142857142855,1.75,0.75,1.3255813953488371,21.5,0.75,25.0,4,0.0,0.0,0.25,0.0
David Miller,202626,2026-04-18,"M.Chinnaswamy Stadium, Bengaluru",RCB,DC,1.3389830508474576,14.75,0.5,0.0,0.0,0.0,2.03,1.0,3.638888888888889,1.3389830508474576,14.75,0.5,0.0,0.0,0.0,29.75,4,2.0,1.0,0.25,0.0
Auqib Nabi,202626,2026-04-18,"M.Chinnaswamy Stadium, Bengaluru",RCB,DC,2.0,2.0,1.0,1.3076923076923077,13.0,0.0,4.2,4.0,4.555555555555555,2.0,2.0,1.0,1.3076923076923077,13.0,0.0,9.0,1,1.0,0.0,0.0,0.0
Mukesh Kumar,202626,2026-04-18,"M.Chinnaswamy Stadium, Bengaluru",RCB,DC,0.0,0.0,0.0,1.5444444444444445,22.5,1.25,2.28,1.0,1.0,0.0,0.0,0.0,1.5444444444444445,22.5,1.25,36.0,4,0.0,0.0,0.5,0.25
Lungi Ngidi,202626,2026-04-18,"M.Chinnaswamy Stadium, Bengaluru",RCB,DC,0.6,1.25,0.25,1.2989690721649485,24.25,1.25,2.32,1.0,1.0833333333333333,0.6,1.25,0.25,1.2989690721649485,24.25,1.25,37.0,4,0.0,0.0,0.0,0.0
Kuldeep Yadav,202626,2026-04-18,"M.Chinnaswamy Stadium, Bengaluru",RCB,DC,0.625,2.0,0.25,1.6538461538461537,19.5,0.75,1.88,1.0,1.1388888888888888,0.625,2.0,0.25,1.6538461538461537,19.5,0.75,26.0,4,0.0,0.0,0.25,0.0
Natarajan,202626,2026-04-18,"M.Chinnaswamy Stadium, Bengaluru",RCB,DC,0.5,0.5,0.0,1.5494505494505495,22.75,1.0,2.05,1.0,1.0277777777777777,0.5,0.5,0.0,1.5494505494505495,22.75,1.0,30.25,4,0.0,0.0,0.0,0.0
Josh Hazlewood,202626,2026-04-18,"M.Chinnaswamy Stadium, Bengaluru",RCB,DC,0.0,0.0,0.0,1.3673469387755102,24.5,1.5,3.66,6.166666666666667,6.611111111111111,0.0,0.0,0.0,1.3673469387755102,24.5,1.5,45.5,2,0.0,0.0,0.5,0.0
Rasikh Salam Dar,202626,2026-04-18,"M.Chinnaswamy Stadium, Bengaluru",RCB,DC,0.0,0.0,0.0,1.170731707317073,20.5,3.0,5.32,20.0,11.222222222222221,0.0,0.0,0.0,1.170731707317073,20.5,3.0,87.0,2,0.0,0.0,0.5,0.0
Suyash Sharma,202626,2026-04-18,"M.Chinnaswamy Stadium, Bengaluru",RCB,DC,0.0,0.0,0.0,1.4444444444444444,22.5,1.0,2.0,5.166666666666667,3.7777777777777777,0.0,0.0,0.0,1.4444444444444444,22.5,1.0,29.0,4,0.0,0.0,0.0,0.0
Abhishek Sharma,202627,2026-04-18,"Rajiv Gandhi International Stadium, Hyderabad",SRH,CSK,1.8695652173913044,13.8,1.0,2.0,2.2,0.0,2.2079999999999997,1.2,0.96,1.8695652173913044,13.8,1.0,2.0,2.2,0.0,39.2,5,1.8,2.6,0.2,0.0
Travis Head,202627,2026-04-18,"Rajiv Gandhi International Stadium, Hyderabad",SRH,CSK,1.4634146341463414,16.4,1.0,0.0,0.0,0.0,1.9600000000000002,3.7,0.8,1.4634146341463414,16.4,1.0,0.0,0.0,0.0,33.0,5,3.4,0.8,0.0,0.0
Ishan Kishan,202627,2026-04-18,"Rajiv Gandhi International Stadium, Hyderabad",SRH,CSK,1.8608695652173912,23.0,1.0,0.0,0.0,0.0,3.3600000000000003,15.6,1.6800000000000002,1.8608695652173912,23.0,1.0,0.0,0.0,0.0,68.0,5,4.4,2.4,0.8,0.2
Heinrich Klaasen,202627,2026-04-18,"Rajiv Gandhi International Stadium, Hyderabad",SRH,CSK,1.3493975903614457,33.2,1.0,0.0,0.0,0.0,3.144,13.4,1.28,1.3493975903614457,33.2,1.0,0.0,0.0,0.0,62.6,5,2.6,1.6,0.6,0.0
Aniket Verma,202627,2026-04-18,"Rajiv Gandhi International Stadium, Hyderabad",SRH,CSK,1.627906976744186,8.6,0.8,0.0,0.0,0.0,1.6079999999999999,1.7,1.1199999999999999,1.627906976744186,8.6,0.8,0.0,0.0,0.0,24.2,5,1.0,1.0,0.4,0.0
Nitish Reddy,202627,2026-04-18,"Rajiv Gandhi International Stadium, Hyderabad",SRH,CSK,1.5696202531645569,15.8,0.8,1.6545454545454545,11.0,0.4,2.728,14.5,2.44,1.5696202531645569,15.8,0.8,1.6545454545454545,11.0,0.4,52.2,5,1.4,2.0,0.8,0.0
Salil Arora,202627,2026-04-18,"Rajiv Gandhi International Stadium, Hyderabad",SRH,CSK,1.4482758620689655,7.25,0.75,0.0,0.0,0.0,1.66,6.75,1.4,1.4482758620689655,7.25,0.75,0.0,0.0,0.0,20.5,4,0.5,1.0,0.5,0.0
Liam Livingstone,202627,2026-04-18,"Rajiv Gandhi International Stadium, Hyderabad",SRH,CSK,0.6666666666666666,21.0,1.0,0.0,0.0,0.0,5.28,20.0,5.6,0.6666666666666666,21.0,1.0,0.0,0.0,0.0,36.0,1,0.0,1.0,2.0,0.0
Shivang Kumar,202627,2026-04-18,"Rajiv Gandhi International Stadium, Hyderabad",SRH,CSK,1.5,1.5,0.5,1.4615384615384615,22.75,1.5,2.15,4.875,3.6,1.5,1.5,0.5,1.4615384615384615,22.75,1.5,32.75,4,0.5,0.0,0.0,0.0
Praful Hinge,202627,2026-04-18,"Rajiv Gandhi International Stadium, Hyderabad",SRH,CSK,0.0,0.0,0.0,1.3076923076923077,26.0,4.0,8.64,62.0,15.6,0.0,0.0,0.0,1.3076923076923077,26.0,4.0,120.0,1,0.0,0.0,1.0,0.0
Sanju Samson,202627,2026-04-18,"Rajiv Gandhi International Stadium, Hyderabad",SRH,CSK,1.6666666666666667,22.2,0.8,0.0,0.0,0.0,2.768,0.8,5.720000000000001,1.6666666666666667,22.2,0.8,0.0,0.0,0.0,53.2,5,4.2,1.6,0.0,0.0
Ruturaj Gaikwad,202627,2026-04-18,"Rajiv Gandhi International Stadium, Hyderabad",SRH,CSK,0.984375,12.8,1.0,0.0,0.0,0.0,1.424,0.8,2.2,0.984375,12.8,1.0,0.0,0.0,0.0,19.6,5,1.0,0.2,0.2,0.0
Ayush Mhatre,202627,2026-04-18,"Rajiv Gandhi International Stadium, Hyderabad",SRH,CSK,1.6601941747572815,20.6,0.8,0.0,0.0,0.0,2.576,0.8,5.24,1.6601941747572815,20.6,0.8,0.0,0.0,0.0,48.4,5,3.0,2.2,0.0,0.0
Matthew Short,202627,2026-04-18,"Rajiv Gandhi International Stadium, Hyderabad",SRH,CSK,0.25,8.0,1.0,1.0,1.0,0.0,4.08,4.0,4.2,0.25,8.0,1.0,1.0,1.0,0.0,6.0,1,0.0,0.0,0.0,0.0
Sarfaraz Khan,202627,2026-04-18,"Rajiv Gandhi International Stadium, Hyderabad",SRH,CSK,1.7183098591549295,14.2,0.8,0.0,0.0,0.0,2.2640000000000002,0.8,3.9799999999999995,1.7183098591549295,14.2,0.8,0.0,0.0,0.0,40.6,5,3.4,1.2,0.6,0.0
Dewald Brevis,202627,2026-04-18,"Rajiv Gandhi International Stadium, Hyderabad",SRH,CSK,1.2424242424242424,16.5,0.5,0.0,0.0,0.0,3.7,2.0,4.45,1.2424242424242424,16.5,0.5,0.0,0.0,0.0,46.5,2,2.0,1.0,2.0,0.0
Shivam Dube,202627,2026-04-18,"Rajiv Gandhi International Stadium, Hyderabad",SRH,CSK,1.3972602739726028,14.6,0.4,2.3076923076923075,2.6,0.2,2.152,0.8,3.2,1.3972602739726028,14.6,0.4,2.3076923076923075,2.6,0.2,37.8,5,2.0,0.8,0.6,0.0
Jamie Overton,202627,2026-04-18,"Rajiv Gandhi International Stadium, Hyderabad",SRH,CSK,1.4745762711864407,14.75,0.5,1.542857142857143,17.5,1.25,3.43,1.0,3.55,1.4745762711864407,14.75,0.5,1.542857142857143,17.5,1.25,64.75,4,1.75,1.0,0.25,0.0
Anshul Kamboj,202627,2026-04-18,"Rajiv Gandhi International Stadium, Hyderabad",SRH,CSK,1.173913043478261,4.6,0.0,1.588235294117647,23.8,2.0,3.144,0.8,1.42,1.173913043478261,4.6,0.0,1.588235294117647,23.8,2.0,62.6,5,0.4,0.2,0.2,0.0
Noor Ahmad,202627,2026-04-18,"Rajiv Gandhi International Stadium, Hyderabad",SRH,CSK,0.5,3.6,0.4,1.650943396226415,21.2,1.0,1.9120000000000001,0.8,1.02,0.5,3.6,0.4,1.650943396226415,21.2,1.0,31.8,5,0.0,0.2,0.6,0.0
Mukesh Choudhary,202627,2026-04-18,"Rajiv Gandhi International Stadium, Hyderabad",SRH,CSK,0.0,0.0,0.0,0.0,0.0,0.0,0.0,0.0,0.0,0.0,0.0,0.0,0.0,0.0,0.0,0.0,0,0.0,0.0,0.0,0.0
Gurjapneet Singh,202627,2026-04-18,"Rajiv Gandhi International Stadium, Hyderabad",SRH,CSK,0.0,0.0,0.0,1.878787878787879,16.5,0.5,2.82,2.0,2.0,0.0,0.0,0.0,1.878787878787879,16.5,0.5,24.5,2,0.0,0.0,1.0,0.0
Sakib Hussain,202627,2026-04-18,"Rajiv Gandhi International Stadium, Hyderabad",SRH,CSK,0.0,0.0,0.0,0.8888888888888888,27.0,4.0,8.32,58.0,14.8,0.0,0.0,0.0,0.8888888888888888,27.0,4.0,112.0,1,0.0,0.0,0.0,0.0
Eshan Malinga,202627,2026-04-18,"Rajiv Gandhi International Stadium, Hyderabad",SRH,CSK,0.0,0.0,0.0,1.5544554455445545,20.2,1.2,1.9600000000000002,8.3,3.7,0.0,0.0,0.0,1.5544554455445545,20.2,1.2,33.0,5,0.0,0.0,0.2,0.2
Yashasvi Jaiswal,202628,2026-04-19,"Eden Gardens, Kolkata",RR,KKR,1.4959349593495934,24.6,0.6,0.0,0.0,0.0,2.688888888888889,0.8,1.0909090909090908,1.4959349593495934,24.6,0.6,0.0,0.0,0.0,55.0,5,3.8,2.0,0.4,0.0
Vaibhav Sooryavanshi,202628,2026-04-19,"Eden Gardens, Kolkata",RR,KKR,2.5316455696202533,15.8,1.0,0.0,0.0,0.0,2.785185185185185,0.8,0.8,2.5316455696202533,15.8,1.0,0.0,0.0,0.0,57.6,5,3.6,3.6,0.0,0.0
Dhruv Jurel,202628,2026-04-19,"Eden Gardens, Kolkata",RR,KKR,1.6923076923076923,20.8,0.8,0.0,0.0,0.0,2.8074074074074074,0.8,1.6727272727272726,1.6923076923076923,20.8,0.8,0.0,0.0,0.0,58.2,5,3.4,1.6,1.2,0.0
Jaiswal,202628,2026-04-19,"Eden Gardens, Kolkata",RR,KKR,0.0,0.0,0.0,0.0,0.0,0.0,0.0,0.0,0.0,0.0,0.0,0.0,0.0,0.0,0.0,0.0,0,0.0,0.0,0.0,0.0
Riyan Parag,202628,2026-04-19,"Eden Gardens, Kolkata",RR,KKR,1.2894736842105263,7.6,0.8,1.3333333333333333,2.4,0.4,1.674074074074074,0.8,1.8545454545454547,1.2894736842105263,7.6,0.8,1.3333333333333333,2.4,0.4,27.6,5,0.6,0.8,0.2,0.0
Shimron Hetmyer,202628,2026-04-19,"Eden Gardens, Kolkata",RR,KKR,1.3333333333333333,6.0,0.6666666666666666,0.0,0.0,0.0,2.2098765432098766,1.3333333333333333,2.6666666666666665,1.3333333333333333,6.0,0.6666666666666666,0.0,0.0,0.0,27.666666666666668,3,0.3333333333333333,0.6666666666666666,1.6666666666666667,0.0
Donovan Ferreira,202628,2026-04-19,"Eden Gardens, Kolkata",RR,KKR,1.4583333333333333,16.0,0.6666666666666666,0.0,0.0,0.0,2.6666666666666665,1.3333333333333333,1.8181818181818181,1.4583333333333333,16.0,0.6666666666666666,0.0,0.0,0.0,40.0,3,2.6666666666666665,1.0,0.6666666666666666,0.0
Ravindra Jadeja,202628,2026-04-19,"Eden Gardens, Kolkata",RR,KKR,1.0704225352112675,17.75,0.25,1.380952380952381,10.5,0.75,2.537037037037037,1.0,2.8863636363636362,1.0704225352112675,17.75,0.25,1.380952380952381,10.5,0.75,45.5,4,1.75,0.0,0.25,0.0
Jofra Archer,202628,2026-04-19,"Eden Gardens, Kolkata",RR,KKR,0.375,1.6,0.2,1.4038461538461537,20.8,1.6,2.474074074074074,0.8,4.8545454545454545,0.375,1.6,0.2,1.4038461538461537,20.8,1.6,49.2,5,0.0,0.0,0.6,0.2
Ravi Bishnoi,202628,2026-04-19,"Eden Gardens, Kolkata",RR,KKR,0.0,0.2,0.2,1.530612244897959,19.6,2.0,2.748148148148148,0.8,5.618181818181818,0.0,0.2,0.2,1.530612244897959,19.6,2.0,56.6,5,0.0,0.0,0.8,0.0
Brijesh Sharma,202628,2026-04-19,"Eden Gardens, Kolkata",RR,KKR,0.0,0.0,0.0,1.25,22.0,1.5,3.537037037037037,2.0,5.7727272727272725,0.0,0.0,0.0,1.25,22.0,1.5,45.5,2,0.0,0.0,0.5,0.0
Tim Seifert,202628,2026-04-19,"Eden Gardens, Kolkata",RR,KKR,1.3571428571428572,14.0,1.0,0.0,0.0,0.0,4.851851851851852,4.0,6.090909090909091,1.3571428571428572,14.0,1.0,0.0,0.0,0.0,27.0,1,2.0,1.0,0.0,0.0
Angkrish Raghuvanshi,202628,2026-04-19,"Eden Gardens, Kolkata",RR,KKR,1.4960629921259843,21.166666666666668,0.8333333333333334,0.0,0.0,0.0,2.2098765432098766,8.38888888888889,4.333333333333333,1.4329896907216495,19.4,0.8,0.0,0.0,0.0,40.2,6,3.6666666666666665,1.1666666666666667,0.16666666666666666,0.0
Ajinkya Rahane,202628,2026-04-19,"Eden Gardens, Kolkata",RR,KKR,1.4074074074074074,18.0,0.8333333333333334,0.0,0.0,0.0,1.8518518518518519,4.777777777777778,3.4545454545454546,1.3076923076923077,13.0,0.8,0.0,0.0,0.0,24.8,6,1.3333333333333333,1.5,0.16666666666666666,0.0
Cameron Green,202628,2026-04-19,"Eden Gardens, Kolkata",RR,KKR,1.35,16.666666666666668,0.6666666666666666,2.185185185185185,4.5,0.16666666666666666,1.9876543209876543,4.944444444444445,3.1666666666666665,1.3,18.0,0.6,2.185185185185185,5.4,0.2,42.6,6,2.0,1.0,0.5,0.0
Rovman Powell,202628,2026-04-19,"Eden Gardens, Kolkata",RR,KKR,1.3661971830985915,23.666666666666668,0.3333333333333333,0.0,0.0,0.0,2.9629629629629632,7.444444444444444,4.848484848484849,1.3661971830985915,23.666666666666668,0.3333333333333333,0.0,0.0,0.0,48.0,3,2.3333333333333335,2.0,0.6666666666666666,0.0
Rinku Singh,202628,2026-04-19,"Eden Gardens, Kolkata",RR,KKR,1.144927536231884,13.8,1.0,0.0,0.0,0.0,1.7555555555555558,5.4,2.4181818181818184,1.144927536231884,13.8,1.0,0.0,0.0,0.0,29.8,5,1.6,0.2,1.0,0.0
Ramandeep Singh,202628,2026-04-19,"Eden Gardens, Kolkata",RR,KKR,1.434782608695652,9.2,0.6,1.0,1.0,0.2,1.7333333333333332,2.6,2.2,1.434782608695652,9.2,0.6,1.0,1.0,0.2,29.2,5,1.4,0.4,0.6,0.0
Anukul Roy,202628,2026-04-19,"Eden Gardens, Kolkata",RR,KKR,1.0,2.0,0.4,1.3406593406593406,18.2,0.8,1.7555555555555558,5.666666666666666,0.9636363636363636,1.0,2.0,0.4,1.3406593406593406,18.2,0.8,29.8,5,0.2,0.0,0.2,0.2
Vaibhav Arora,202628,2026-04-19,"Eden Gardens, Kolkata",RR,KKR,0.3333333333333333,0.6,0.0,1.8031496062992125,25.4,1.4,2.340740740740741,8.333333333333332,0.8181818181818181,0.3333333333333333,0.6,0.0,1.8031496062992125,25.4,1.4,45.6,5,0.0,0.0,0.2,0.0
Kartik Tyagi,202628,2026-04-19,"Eden Gardens, Kolkata",RR,KKR,1.2222222222222223,1.8,0.4,1.6722689075630253,23.8,1.0,2.007407407407407,5.066666666666666,1.0545454545454545,1.2222222222222223,1.8,0.4,1.6722689075630253,23.8,1.0,36.6,5,0.2,0.2,0.6,0.0
Sunil Narine,202628,2026-04-19,"Eden Gardens, Kolkata",RR,KKR,1.3333333333333333,5.4,0.6,1.1754385964912282,22.8,0.8,1.8666666666666667,3.5333333333333337,1.6,1.3333333333333333,5.4,0.6,1.1754385964912282,22.8,0.8,32.8,5,0.4,0.8,0.0,0.0
Varun Chakaravarthy,202628,2026-04-19,"Eden Gardens, Kolkata",RR,KKR,0.0,0.25,0.25,1.7375,20.0,0.5,1.5925925925925926,2.1666666666666665,0.9545454545454546,0.0,0.25,0.25,1.7375,20.0,0.5,20.0,4,0.0,0.0,0.5,0.0
Nandre Burger,202628,2026-04-19,"Eden Gardens, Kolkata",RR,KKR,0.6,1.0,0.0,1.5145631067961165,20.6,1.0,1.837037037037037,0.8,3.2909090909090906,0.6,1.0,0.0,1.5145631067961165,20.6,1.0,32.0,5,0.0,0.0,0.0,0.0
Yash Raj Punja,202628,2026-04-19,"Eden Gardens, Kolkata",RR,KKR,0.0,0.0,0.0,0.0,0.0,0.0,0.0,0.0,0.0,0.0,0.0,0.0,0.0,0.0,0.0,0.0,0,0.0,0.0,0.0,0.0
Bishnoi,202628,2026-04-19,"Eden Gardens, Kolkata",RR,KKR,0.0,0.0,0.0,0.0,0.0,0.0,0.0,0.0,0.0,0.0,0.0,0.0,0.0,0.0,0.0,0.0,0,0.0,0.0,0.0,0.0
Priyansh Arya,202629,2026-04-19,"Maharaja Yadavindra Singh International Cricket Stadium, Mullanpur, New Chandigarh",PBKS,LSG,2.3137254901960786,12.75,1.0,0.0,0.0,0.0,2.462962962962963,12.125,1.0,2.3137254901960786,12.75,1.0,0.0,0.0,0.0,43.5,4,2.5,2.75,0.0,0.0
Prabhsimran Singh,202629,2026-04-19,"Maharaja Yadavindra Singh International Cricket Stadium, Mullanpur, New Chandigarh",PBKS,LSG,1.6484375,25.6,0.6,0.0,0.0,0.0,2.985185185185185,12.5,1.28,1.6484375,25.6,0.6,0.0,0.0,0.0,63.0,5,4.4,2.2,0.6,0.0
Cooper Connolly,202629,2026-04-19,"Maharaja Yadavindra Singh International Cricket Stadium, Mullanpur, New Chandigarh",PBKS,LSG,1.4623655913978495,23.25,0.75,0.0,0.0,0.0,2.7314814814814814,16.375,1.4,1.4623655913978495,23.25,0.75,0.0,0.0,0.0,50.75,4,3.25,1.75,0.5,0.0
Shreyas Iyer,202629,2026-04-19,"Maharaja Yadavindra Singh International Cricket Stadium, Mullanpur, New Chandigarh",PBKS,LSG,1.7964601769911503,28.25,0.75,0.0,0.0,0.0,3.564814814814815,16.25,1.2,1.7964601769911503,28.25,0.75,0.0,0.0,0.0,73.25,4,3.5,3.5,0.25,0.0
Marcus Stoinis,202629,2026-04-19,"Maharaja Yadavindra Singh International Cricket Stadium, Mullanpur, New Chandigarh",PBKS,LSG,1.4615384615384615,4.333333333333333,0.3333333333333333,2.4285714285714284,2.3333333333333335,0.0,1.5925925925925926,1.0,1.3333333333333333,1.4615384615384615,4.333333333333333,0.3333333333333333,2.4285714285714284,2.3333333333333335,0.0,11.0,3,1.3333333333333333,0.0,0.0,0.0
Nehal Wadhera,202629,2026-04-19,"Maharaja Yadavindra Singh International Cricket Stadium, Mullanpur, New Chandigarh",PBKS,LSG,0.9310344827586207,9.666666666666666,1.0,0.0,0.0,0.0,1.8148148148148149,4.5,1.5999999999999999,0.9310344827586207,9.666666666666666,1.0,0.0,0.0,0.0,17.0,3,0.0,0.6666666666666666,0.3333333333333333,0.0
Shashank Singh,202629,2026-04-19,"Maharaja Yadavindra Singh International Cricket Stadium, Mullanpur, New Chandigarh",PBKS,LSG,1.619047619047619,5.25,0.25,1.2580645161290323,7.75,0.75,2.1296296296296298,10.125,3.075,1.619047619047619,5.25,0.25,1.2580645161290323,7.75,0.75,34.5,4,0.75,0.25,0.25,0.0
Marco Jansen,202629,2026-04-19,"Maharaja Yadavindra Singh International Cricket Stadium, Mullanpur, New Chandigarh",PBKS,LSG,0.75,3.0,0.25,1.37,25.0,0.75,1.9444444444444444,7.5,3.275,0.75,3.0,0.25,1.37,25.0,0.75,29.5,4,0.0,0.25,0.5,0.0
Mitchell Marsh,202629,2026-04-19,"Maharaja Yadavindra Singh International Cricket Stadium, Mullanpur, New Chandigarh",PBKS,LSG,1.2637362637362637,18.2,1.2,0.0,0.0,0.0,1.8222222222222222,0.8,3.56,1.2637362637362637,18.2,1.2,0.0,0.0,0.0,31.6,5,1.8,1.4,0.0,0.0
Ayush Badoni,202629,2026-04-19,"Maharaja Yadavindra Singh International Cricket Stadium, Mullanpur, New Chandigarh",PBKS,LSG,1.3614457831325302,16.6,1.0,0.0,0.0,0.0,1.8222222222222222,0.8,3.56,1.3614457831325302,16.6,1.0,0.0,0.0,0.0,31.6,5,2.6,0.6,0.0,0.0
Rishabh Pant,202629,2026-04-19,"Maharaja Yadavindra Singh International Cricket Stadium, Mullanpur, New Chandigarh",PBKS,LSG,1.1954022988505748,17.4,0.6,0.0,0.0,0.0,2.066666666666667,0.8,3.34,1.1954022988505748,17.4,0.6,0.0,0.0,0.0,38.2,5,2.6,0.2,0.8,0.2
Nicholas Pooran,202629,2026-04-19,"Maharaja Yadavindra Singh International Cricket Stadium, Mullanpur, New Chandigarh",PBKS,LSG,0.7368421052631579,11.4,1.0,0.0,0.0,0.0,1.222222222222222,0.8,1.78,0.7368421052631579,11.4,1.0,0.0,0.0,0.0,15.4,5,0.2,0.6,0.2,0.0
Aiden Markram,202629,2026-04-19,"Maharaja Yadavindra Singh International Cricket Stadium, Mullanpur, New Chandigarh",PBKS,LSG,1.5,16.0,1.0,1.75,3.2,0.0,2.0592592592592593,0.8,3.72,1.5,16.0,1.0,1.75,3.2,0.0,38.0,5,2.8,1.2,0.6,0.0
Mukul Choudhary,202629,2026-04-19,"Maharaja Yadavindra Singh International Cricket Stadium, Mullanpur, New Chandigarh",PBKS,LSG,1.4597701149425288,17.4,0.6,0.0,0.0,0.0,2.066666666666667,0.8,4.0600000000000005,1.4597701149425288,17.4,0.6,0.0,0.0,0.0,38.2,5,1.6,2.0,0.2,0.0
Himmat Singh,202629,2026-04-19,"Maharaja Yadavindra Singh International Cricket Stadium, Mullanpur, New Chandigarh",PBKS,LSG,0.0,0.0,0.0,0.0,0.0,0.0,0.0,0.0,0.0,0.0,0.0,0.0,0.0,0.0,0.0,0.0,0,0.0,0.0,0.0,0.0
Mohammed Shami,202629,2026-04-19,"Maharaja Yadavindra Singh International Cricket Stadium, Mullanpur, New Chandigarh",PBKS,LSG,1.2727272727272727,2.2,0.6,1.1260504201680672,23.8,0.8,1.711111111111111,0.8,1.1,1.2727272727272727,2.2,0.6,1.1260504201680672,23.8,0.8,28.6,5,0.2,0.2,0.2,0.0
Mohsin Khan,202629,2026-04-19,"Maharaja Yadavindra Singh International Cricket Stadium, Mullanpur, New Chandigarh",PBKS,LSG,0.0,1.0,1.0,0.92,25.0,1.0,5.592592592592593,4.0,3.8,0.0,1.0,1.0,0.92,25.0,1.0,47.0,1,0.0,0.0,1.0,0.0
Prince Yadav,202629,2026-04-19,"Maharaja Yadavindra Singh International Cricket Stadium, Mullanpur, New Chandigarh",PBKS,LSG,0.0,0.0,0.0,1.4273504273504274,23.4,2.0,2.555555555555556,0.8,0.8,0.0,0.0,0.0,1.4273504273504274,23.4,2.0,51.4,5,0.0,0.0,0.2,0.0
Avesh Khan,202629,2026-04-19,"Maharaja Yadavindra Singh International Cricket Stadium, Mullanpur, New Chandigarh",PBKS,LSG,0.8571428571428571,1.75,0.25,1.4883720930232558,21.5,1.25,2.2962962962962963,1.0,1.175,0.8571428571428571,1.75,0.25,1.4883720930232558,21.5,1.25,39.0,4,0.25,0.0,0.25,0.0
Manimaran Siddharth,202629,2026-04-19,"Maharaja Yadavindra Singh International Cricket Stadium, Mullanpur, New Chandigarh",PBKS,LSG,0.0,0.0,0.0,1.26,25.0,1.0,3.074074074074074,2.0,2.0,0.0,0.0,0.0,1.26,25.0,1.0,33.0,2,0.0,0.0,0.5,0.0
Arshdeep Singh,202629,2026-04-19,"Maharaja Yadavindra Singh International Cricket Stadium, Mullanpur, New Chandigarh",PBKS,LSG,0.0,0.0,0.0,1.3709677419354838,24.8,1.0,2.022222222222222,9.4,4.1,0.0,0.0,0.0,1.3709677419354838,24.8,1.0,37.0,5,0.0,0.0,0.6,0.0
Xavier Bartlett,202629,2026-04-19,"Maharaja Yadavindra Singh International Cricket Stadium, Mullanpur, New Chandigarh",PBKS,LSG,2.2,1.0,0.0,1.5909090909090908,22.0,0.8,2.022222222222222,7.0,3.84,2.2,1.0,0.0,1.5909090909090908,22.0,0.8,37.0,5,0.0,0.2,1.0,0.0
Vijaykumar Vyshak,202629,2026-04-19,"Maharaja Yadavindra Singh International Cricket Stadium, Mullanpur, New Chandigarh",PBKS,LSG,0.0,0.0,0.0,1.775,20.0,1.5,2.3055555555555554,10.875,4.525,0.0,0.0,0.0,1.775,20.0,1.5,39.25,4,0.0,0.0,0.0,0.25
Yuzvendra Chahal,202629,2026-04-19,"Maharaja Yadavindra Singh International Cricket Stadium, Mullanpur, New Chandigarh",PBKS,LSG,0.0,0.0,0.0,1.4941176470588236,21.25,1.0,1.9537037037037037,7.25,3.575,0.0,0.0,0.0,1.4941176470588236,21.25,1.0,29.75,4,0.0,0.0,0.5,0.0
Quinton de Kock,202630,2026-04-20,"Narendra Modi Stadium, Ahmedabad",MI,GT,1.75,64.0,0.0,0.0,0.0,0.0,9.724137931034482,4.0,4.8,1.75,64.0,0.0,0.0,0.0,0.0,170.0,1,8.0,7.0,1.0,0.0
Danish Malewar,202630,2026-04-20,"Narendra Modi Stadium, Ahmedabad",MI,GT,0.0,0.0,0.0,0.0,0.0,0.0,0.0,0.0,0.0,0.0,0.0,0.0,0.0,0.0,0.0,0.0,0,0.0,0.0,0.0,0.0
Naman Dhir,202630,2026-04-20,"Narendra Modi Stadium, Ahmedabad",MI,GT,1.5797101449275361,13.8,0.8,0.0,0.0,0.0,1.7931034482758619,0.8,0.96,1.5797101449275361,13.8,0.8,0.0,0.0,0.0,32.8,5,1.8,1.0,0.2,0.0
Suryakumar Yadav,202630,2026-04-20,"Narendra Modi Stadium, Ahmedabad",MI,GT,1.4324324324324325,14.8,1.0,0.0,0.0,0.0,1.7448275862068965,0.8,0.96,1.4324324324324325,14.8,1.0,0.0,0.0,0.0,31.4,5,2.2,0.6,0.2,0.0
Tilak Varma,202630,2026-04-20,"Narendra Modi Stadium, Ahmedabad",MI,GT,1.303030303030303,6.6,1.0,0.0,0.0,0.0,1.4689655172413794,0.8,1.7600000000000002,1.303030303030303,6.6,1.0,0.0,0.0,0.0,23.4,5,1.6,0.0,1.2,0.0
Hardik Pandya,202630,2026-04-20,"Narendra Modi Stadium, Ahmedabad",MI,GT,1.528301886792453,13.25,0.75,1.7532467532467533,19.25,0.5,2.396551724137931,1.0,2.65,1.528301886792453,13.25,0.75,1.7532467532467533,19.25,0.5,44.5,4,2.75,0.5,0.5,0.0
Sherfane Rutherford,202630,2026-04-20,"Narendra Modi Stadium, Ahmedabad",MI,GT,1.7586206896551724,11.6,0.6,0.0,0.0,0.0,1.7931034482758619,0.8,0.96,1.7586206896551724,11.6,0.6,0.0,0.0,0.0,32.8,5,0.8,2.2,0.2,0.0
Sai Sudharsan,202630,2026-04-20,"Narendra Modi Stadium, Ahmedabad",MI,GT,1.40625,19.2,1.0,0.0,0.0,0.0,2.1103448275862067,13.1,4.2,1.40625,19.2,1.0,0.0,0.0,0.0,42.0,5,3.4,1.0,0.2,0.2
Jos Buttler,202630,2026-04-20,"Narendra Modi Stadium, Ahmedabad",MI,GT,1.5703125,25.6,1.0,0.0,0.0,0.0,3.0827586206896553,11.4,5.9799999999999995,1.5703125,25.6,1.0,0.0,0.0,0.0,70.2,5,4.8,1.8,1.4,0.2
Shubman Gill,202630,2026-04-20,"Narendra Modi Stadium, Ahmedabad",MI,GT,1.5029940119760479,41.75,1.0,0.0,0.0,0.0,4.025862068965517,14.75,8.975,1.5029940119760479,41.75,1.0,0.0,0.0,0.0,91.75,4,6.0,2.5,1.0,0.0
Washington Sundar,202630,2026-04-20,"Narendra Modi Stadium, Ahmedabad",MI,GT,1.3875,16.0,0.8,1.52,5.0,0.2,2.027586206896552,2.7,3.54,1.3875,16.0,0.8,1.52,5.0,0.2,39.6,5,2.4,0.6,0.4,0.0
Glenn Phillips,202630,2026-04-20,"Narendra Modi Stadium, Ahmedabad",MI,GT,1.2448979591836735,9.8,0.6,0.0,0.0,0.0,1.6620689655172414,6.4,2.18,1.2448979591836735,9.8,0.6,0.0,0.0,0.0,29.0,5,0.8,0.4,1.4,0.0
Rahul Tewatia,202630,2026-04-20,"Narendra Modi Stadium, Ahmedabad",MI,GT,1.2058823529411764,6.8,0.2,0.0,0.0,0.0,1.2275862068965517,3.0,1.72,1.2058823529411764,6.8,0.2,0.0,0.0,0.0,16.4,5,0.6,0.2,0.4,0.0
Shahrukh Khan,202630,2026-04-20,"Narendra Modi Stadium, Ahmedabad",MI,GT,1.5,4.0,0.3333333333333333,0.0,0.0,0.0,1.574712643678161,4.166666666666667,2.033333333333333,1.5,4.0,0.3333333333333333,0.0,0.0,0.0,11.0,3,0.3333333333333333,0.3333333333333333,0.0,0.0
Rashid Khan,202630,2026-04-20,"Narendra Modi Stadium, Ahmedabad",MI,GT,1.2,4.0,0.4,1.3008130081300813,24.6,1.2,2.103448275862069,8.5,1.34,1.2,4.0,0.4,1.3008130081300813,24.6,1.2,41.8,5,0.6,0.0,0.2,0.0
Kagiso Rabada,202630,2026-04-20,"Narendra Modi Stadium, Ahmedabad",MI,GT,1.3529411764705883,3.4,0.0,1.6,24.0,1.4,2.3655172413793104,18.5,1.3599999999999999,1.3529411764705883,3.4,0.0,1.6,24.0,1.4,49.4,5,0.2,0.4,0.2,0.0
Ashok Sharma,202630,2026-04-20,"Narendra Modi Stadium, Ahmedabad",MI,GT,0.0,0.2,0.0,1.6440677966101696,23.6,1.2,2.137931034482759,10.7,0.8,0.0,0.2,0.0,1.6440677966101696,23.6,1.2,42.8,5,0.0,0.0,0.2,0.0
Mohammed Siraj,202630,2026-04-20,"Narendra Modi Stadium, Ahmedabad",MI,GT,0.0,0.0,0.0,1.407079646017699,22.6,1.2,1.9931034482758618,10.7,0.8,0.0,0.0,0.0,1.407079646017699,22.6,1.2,38.6,5,0.0,0.0,0.6,0.0
Prasidh Krishna,202630,2026-04-20,"Narendra Modi Stadium, Ahmedabad",MI,GT,0.0,0.0,0.0,1.472,25.0,2.6,2.8344827586206898,5.8,0.8,0.0,0.0,0.0,1.472,25.0,2.6,63.0,5,0.0,0.0,0.2,0.0
Jasprit Bumrah,202630,2026-04-20,"Narendra Modi Stadium, Ahmedabad",MI,GT,2.5,0.4,0.0,1.3636363636363635,24.2,0.2,0.9241379310344827,0.8,1.04,2.5,0.4,0.0,1.3636363636363635,24.2,0.2,7.6,5,0.2,0.0,0.0,0.2
Krish Bhagat,202630,2026-04-20,"Narendra Modi Stadium, Ahmedabad",MI,GT,0.0,0.0,0.0,0.0,0.0,0.0,0.0,0.0,0.0,0.0,0.0,0.0,0.0,0.0,0.0,0.0,0,0.0,0.0,0.0,0.0
Ashwani Kumar,202630,2026-04-20,"Narendra Modi Stadium, Ahmedabad",MI,GT,0.0,0.0,0.0,0.0,0.0,0.0,0.0,0.0,0.0,0.0,0.0,0.0,0.0,0.0,0.0,0.0,0,0.0,0.0,0.0,0.0
AM Ghazanfar,202630,2026-04-20,"Narendra Modi Stadium, Ahmedabad",MI,GT,0.0,0.0,0.0,1.6774193548387097,20.666666666666668,1.3333333333333333,2.4827586206896552,1.3333333333333333,4.666666666666667,0.0,0.0,0.0,1.6774193548387097,20.666666666666668,1.3333333333333333,37.333333333333336,3,0.0,0.0,0.0,0.0
Mitchell Santner,202630,2026-04-20,"Narendra Modi Stadium, Ahmedabad",MI,GT,1.2380952380952381,10.5,0.0,1.5348837209302326,21.5,1.0,3.3620689655172415,2.0,4.5,1.2380952380952381,10.5,0.0,1.5348837209302326,21.5,1.0,43.5,2,1.5,0.0,0.0,0.0
Abhishek Sharma,202631,2026-04-21,"Rajiv Gandhi International Stadium, Hyderabad",SRH,DC,2.0434782608695654,15.333333333333334,1.0,2.0588235294117645,2.8333333333333335,0.0,2.0944444444444446,5.388888888888889,0.787878787878788,2.2625,16.0,1.0,2.0588235294117645,3.4,0.0,53.6,6,2.5,2.8333333333333335,0.16666666666666666,0.0
Travis Head,202631,2026-04-21,"Rajiv Gandhi International Stadium, Hyderabad",SRH,DC,1.3883495145631068,17.166666666666668,1.0,0.0,0.0,0.0,1.627777777777778,3.8333333333333335,0.6666666666666666,1.4042553191489362,18.8,1.0,0.0,0.0,0.0,36.0,6,3.3333333333333335,0.8333333333333334,0.0,0.0
Ishan Kishan,202631,2026-04-21,"Rajiv Gandhi International Stadium, Hyderabad",SRH,DC,1.8448275862068966,19.333333333333332,1.0,0.0,0.0,0.0,2.433333333333333,8.777777777777777,1.3333333333333333,1.7272727272727273,15.4,1.0,0.0,0.0,0.0,46.2,6,3.6666666666666665,2.0,0.6666666666666666,0.16666666666666666
Heinrich Klaasen,202631,2026-04-21,"Rajiv Gandhi International Stadium, Hyderabad",SRH,DC,1.3737864077669903,34.333333333333336,1.0,0.0,0.0,0.0,2.8111111111111113,12.833333333333334,1.2727272727272727,1.3695652173913044,36.8,1.0,0.0,0.0,0.0,71.0,6,3.1666666666666665,1.6666666666666667,0.8333333333333334,0.0
Pathum Nissanka,202631,2026-04-21,"Rajiv Gandhi International Stadium, Hyderabad",SRH,DC,1.4431818181818181,17.6,1.0,0.0,0.0,0.0,1.92,0.8,3.5636363636363635,1.4431818181818181,17.6,1.0,0.0,0.0,0.0,37.6,5,3.4,0.8,0.4,0.0
Rahul,202631,2026-04-21,"Rajiv Gandhi International Stadium, Hyderabad",SRH,DC,1.6,21.0,1.2,0.0,0.0,0.0,2.34,0.8,4.709090909090909,1.6,21.0,1.2,0.0,0.0,0.0,50.2,5,3.8,1.4,0.4,0.0
Nitish Rana,202631,2026-04-21,"Rajiv Gandhi International Stadium, Hyderabad",SRH,DC,0.6896551724137931,9.666666666666666,1.0,0.0,0.0,0.0,1.8555555555555554,1.3333333333333333,2.0303030303030303,0.6896551724137931,9.666666666666666,1.0,0.0,0.0,0.0,19.666666666666668,3,1.0,0.3333333333333333,1.0,0.0
Sameer Rizvi,202631,2026-04-21,"Rajiv Gandhi International Stadium, Hyderabad",SRH,DC,1.423728813559322,23.6,0.8,0.0,0.0,0.0,2.2466666666666666,0.8,4.745454545454545,1.423728813559322,23.6,0.8,0.0,0.0,0.0,47.4,5,2.6,2.2,0.0,0.0
David Miller,202631,2026-04-21,"Rajiv Gandhi International Stadium, Hyderabad",SRH,DC,1.463768115942029,13.8,0.4,0.0,0.0,0.0,1.7733333333333334,0.8,3.0181818181818185,1.463768115942029,13.8,0.4,0.0,0.0,0.0,33.2,5,1.8,1.2,0.6,0.0
Tristan Stubbs,202631,2026-04-21,"Rajiv Gandhi International Stadium, Hyderabad",SRH,DC,1.2900763358778626,26.2,0.2,0.0,0.0,0.0,2.2800000000000002,0.8,4.545454545454545,1.2900763358778626,26.2,0.2,0.0,0.0,0.0,48.4,5,2.2,1.0,0.4,0.0
Ashutosh Sharma,202631,2026-04-21,"Rajiv Gandhi International Stadium, Hyderabad",SRH,DC,1.9,10.0,1.0,0.0,0.0,0.0,4.8,4.0,6.181818181818182,1.9,10.0,1.0,0.0,0.0,0.0,28.0,1,1.0,2.0,0.0,0.0
Axar Patel,202631,2026-04-21,"Rajiv Gandhi International Stadium, Hyderabad",SRH,DC,1.1153846153846154,5.2,0.6,1.2692307692307692,20.8,1.0,1.8866666666666667,0.8,1.3454545454545455,1.1153846153846154,5.2,0.6,1.2692307692307692,20.8,1.0,36.6,5,0.6,0.0,0.2,0.0
Kuldeep Yadav,202631,2026-04-21,"Rajiv Gandhi International Stadium, Hyderabad",SRH,DC,0.625,1.6,0.2,1.5728155339805825,20.6,1.0,1.72,0.8,0.8909090909090909,0.625,1.6,0.2,1.5728155339805825,20.6,1.0,31.6,5,0.0,0.0,0.2,0.0
Lungi Ngidi,202631,2026-04-21,"Rajiv Gandhi International Stadium, Hyderabad",SRH,DC,0.6,1.0,0.2,1.3524590163934427,24.4,1.4,2.013333333333333,0.8,0.8545454545454545,0.6,1.0,0.2,1.3524590163934427,24.4,1.4,40.4,5,0.0,0.0,0.0,0.0
Mukesh Kumar,202631,2026-04-21,"Rajiv Gandhi International Stadium, Hyderabad",SRH,DC,0.0,0.0,0.0,1.4369747899159664,23.8,1.2,1.9,0.8,0.8,0.0,0.0,0.0,1.4369747899159664,23.8,1.2,37.0,5,0.0,0.0,0.4,0.2
Natarajan,202631,2026-04-21,"Rajiv Gandhi International Stadium, Hyderabad",SRH,DC,0.5,0.4,0.0,1.5096153846153846,20.8,0.8,1.5533333333333332,0.8,0.8181818181818181,0.5,0.4,0.0,1.5096153846153846,20.8,0.8,26.6,5,0.0,0.0,0.2,0.0
Dilshan Madushanka,202631,2026-04-21,"Rajiv Gandhi International Stadium, Hyderabad",SRH,DC,0.0,0.0,0.0,0.0,0.0,0.0,0.0,0.0,0.0,0.0,0.0,0.0,0.0,0.0,0.0,0.0,0,0.0,0.0,0.0,0.0
Nitish Reddy,202631,2026-04-21,"Rajiv Gandhi International Stadium, Hyderabad",SRH,DC,1.5632183908045978,14.5,0.8333333333333334,1.4878048780487805,13.666666666666666,0.6666666666666666,2.4055555555555554,12.277777777777779,2.7878787878787876,1.6666666666666667,16.2,0.8,1.4428571428571428,14.0,0.8,66.4,6,1.1666666666666667,1.8333333333333333,0.8333333333333334,0.0
Eshan Malinga,202631,2026-04-21,"Rajiv Gandhi International Stadium, Hyderabad",SRH,DC,0.0,0.0,0.0,1.4761904761904763,21.0,1.5,1.9111111111111112,9.222222222222223,4.0606060606060606,0.0,0.0,0.0,1.3727272727272728,22.0,1.8,48.8,6,0.0,0.0,0.16666666666666666,0.16666666666666666
Sakib Hussain,202631,2026-04-21,"Rajiv Gandhi International Stadium, Hyderabad",SRH,DC,0.0,0.0,0.0,1.0,28.0,2.5,4.216666666666667,24.166666666666668,8.045454545454545,0.0,0.0,0.0,1.0,28.0,2.5,70.5,2,0.0,0.0,0.0,0.0
Shivang Kumar,202631,2026-04-21,"Rajiv Gandhi International Stadium, Hyderabad",SRH,DC,1.4,3.0,0.6,1.385321100917431,21.8,1.4,1.8333333333333333,5.533333333333333,3.1454545454545455,1.4,3.0,0.6,1.385321100917431,21.8,1.4,35.0,5,0.6,0.2,0.0,0.0
Harsh Dubey,202631,2026-04-21,"Rajiv Gandhi International Stadium, Hyderabad",SRH,DC,1.1818181818181819,2.2,0.4,1.3789473684210527,19.0,1.0,1.9066666666666667,4.0,3.581818181818182,1.1818181818181819,2.2,0.4,1.3789473684210527,19.0,1.0,37.2,5,0.4,0.0,0.4,0.0
Yashasvi Jaiswal,202632,2026-04-22,"Bharat Ratna Shri Atal Bihari Vajpayee Ekana Cricket Stadium, Lucknow",RR,LSG,1.4322580645161291,25.833333333333332,0.6666666666666666,0.0,0.0,0.0,2.2849462365591395,0.6666666666666666,0.8888888888888888,1.546218487394958,23.8,0.8,0.0,0.0,0.0,54.0,6,3.8333333333333335,2.0,0.3333333333333333,0.0
Vaibhav Sooryavanshi,202632,2026-04-22,"Bharat Ratna Shri Atal Bihari Vajpayee Ekana Cricket Stadium, Lucknow",RR,LSG,2.2777777777777777,18.0,1.0,0.0,0.0,0.0,2.4086021505376345,0.6666666666666666,0.6666666666666666,2.131868131868132,18.2,1.0,0.0,0.0,0.0,54.0,6,4.0,3.3333333333333335,0.0,0.0
Dhruv Jurel,202632,2026-04-22,"Bharat Ratna Shri Atal Bihari Vajpayee Ekana Cricket Stadium, Lucknow",RR,LSG,1.6306306306306306,18.5,0.8333333333333334,0.0,0.0,0.0,2.1935483870967745,0.6666666666666666,1.4444444444444444,1.5980392156862746,20.4,0.8,0.0,0.0,0.0,54.8,6,2.8333333333333335,1.3333333333333333,1.1666666666666667,0.0
Riyan Parag,202632,2026-04-22,"Bharat Ratna Shri Atal Bihari Vajpayee Ekana Cricket Stadium, Lucknow",RR,LSG,1.1730769230769231,8.666666666666666,0.8333333333333334,1.368421052631579,3.1666666666666665,0.3333333333333333,1.370967741935484,0.6666666666666666,1.4722222222222223,1.175,8.0,1.0,1.368421052631579,3.8,0.4,26.8,6,0.6666666666666666,0.6666666666666666,0.16666666666666666,0.0
Shimron Hetmyer,202632,2026-04-22,"Bharat Ratna Shri Atal Bihari Vajpayee Ekana Cricket Stadium, Lucknow",RR,LSG,1.054054054054054,9.25,0.75,0.0,0.0,0.0,1.6935483870967742,1.0,1.9166666666666667,1.054054054054054,9.25,0.75,0.0,0.0,0.0,25.5,4,0.25,0.5,1.25,0.0
Ravindra Jadeja,202632,2026-04-22,"Bharat Ratna Shri Atal Bihari Vajpayee Ekana Cricket Stadium, Lucknow",RR,LSG,1.0759493670886076,15.8,0.4,1.1,12.0,1.0,2.2580645161290325,0.8,3.0166666666666666,1.0759493670886076,15.8,0.4,1.1,12.0,1.0,49.2,5,1.6,0.0,0.2,0.0
Donovan Ferreira,202632,2026-04-22,"Bharat Ratna Shri Atal Bihari Vajpayee Ekana Cricket Stadium, Lucknow",RR,LSG,1.4,13.75,0.75,0.0,0.0,0.0,2.0080645161290325,1.0,1.5,1.4,13.75,0.75,0.0,0.0,0.0,35.25,4,2.0,1.0,0.75,0.0
Shubham Dubey,202632,2026-04-22,"Bharat Ratna Shri Atal Bihari Vajpayee Ekana Cricket Stadium, Lucknow",RR,LSG,0.0,0.0,0.0,0.0,0.0,0.0,0.0,0.0,0.0,0.0,0.0,0.0,0.0,0.0,0.0,0.0,0,0.0,0.0,0.0,0.0
Mitchell Marsh,202632,2026-04-22,"Bharat Ratna Shri Atal Bihari Vajpayee Ekana Cricket Stadium, Lucknow",RR,LSG,1.2916666666666667,20.0,1.1666666666666667,0.0,0.0,0.0,1.7473118279569892,5.416666666666667,3.236111111111111,1.3186813186813187,18.2,1.0,0.0,0.0,0.0,35.6,6,2.0,1.5,0.3333333333333333,0.0
Ayush Badoni,202632,2026-04-22,"Bharat Ratna Shri Atal Bihari Vajpayee Ekana Cricket Stadium, Lucknow",RR,LSG,1.4095238095238096,17.5,1.0,2.3333333333333335,1.0,0.0,1.6344086021505377,1.3333333333333333,3.1666666666666665,1.4509803921568627,20.4,1.0,2.3333333333333335,1.2,0.0,40.4,6,3.0,0.6666666666666666,0.0,0.0
Rishabh Pant,202632,2026-04-22,"Bharat Ratna Shri Atal Bihari Vajpayee Ekana Cricket Stadium, Lucknow",RR,LSG,1.3125,18.666666666666668,0.6666666666666666,0.0,0.0,0.0,1.8655913978494623,4.5,3.152777777777778,1.3725490196078431,20.4,0.8,0.0,0.0,0.0,45.4,6,2.3333333333333335,0.8333333333333334,0.6666666666666666,0.16666666666666666
Aiden Markram,202632,2026-04-22,"Bharat Ratna Shri Atal Bihari Vajpayee Ekana Cricket Stadium, Lucknow",RR,LSG,1.5728155339805825,17.166666666666668,1.0,2.608695652173913,3.8333333333333335,0.0,1.8978494623655913,5.583333333333333,3.402777777777778,1.5894736842105264,19.0,1.0,2.764705882352941,3.4,0.0,47.0,6,2.8333333333333335,1.5,0.6666666666666666,0.0
Nicholas Pooran,202632,2026-04-22,"Bharat Ratna Shri Atal Bihari Vajpayee Ekana Cricket Stadium, Lucknow",RR,LSG,0.7611940298507462,11.166666666666666,1.0,0.0,0.0,0.0,1.1344086021505377,3.3333333333333335,1.486111111111111,0.7288135593220338,11.8,1.0,0.0,0.0,0.0,19.6,6,0.3333333333333333,0.5,0.3333333333333333,0.16666666666666666
Himmat Singh,202632,2026-04-22,"Bharat Ratna Shri Atal Bihari Vajpayee Ekana Cricket Stadium, Lucknow",RR,LSG,1.0,1.0,0.0,0.0,0.0,0.0,4.032258064516129,4.0,4.083333333333333,1.0,1.0,0.0,0.0,0.0,0.0,5.0,1,0.0,0.0,0.0,0.0
Mukul Choudhary,202632,2026-04-22,"Bharat Ratna Shri Atal Bihari Vajpayee Ekana Cricket Stadium, Lucknow",RR,LSG,1.4230769230769231,17.333333333333332,0.5,0.0,0.0,0.0,1.7150537634408602,3.75,3.263888888888889,1.4408602150537635,18.6,0.4,0.0,0.0,0.0,39.8,6,1.5,1.8333333333333333,0.16666666666666666,0.0
Mohammed Shami,202632,2026-04-22,"Bharat Ratna Shri Atal Bihari Vajpayee Ekana Cricket Stadium, Lucknow",RR,LSG,1.2727272727272727,1.8333333333333333,0.5,1.2925170068027212,24.5,0.8333333333333334,1.5053763440860217,6.166666666666667,0.875,1.4444444444444444,1.8,0.4,1.3583333333333334,24.0,0.8,30.0,6,0.16666666666666666,0.16666666666666666,0.3333333333333333,0.0
Mayank Yadav,202632,2026-04-22,"Bharat Ratna Shri Atal Bihari Vajpayee Ekana Cricket Stadium, Lucknow",RR,LSG,0.0,0.0,0.0,0.0,0.0,0.0,0.0,0.0,0.0,0.0,0.0,0.0,0.0,0.0,0.0,0.0,0,0.0,0.0,0.0,0.0
Digvesh Singh Rathi,202632,2026-04-22,"Bharat Ratna Shri Atal Bihari Vajpayee Ekana Cricket Stadium, Lucknow",RR,LSG,0.0,0.75,0.0,1.5714285714285714,24.5,0.75,1.7338709677419355,4.125,1.0,0.0,0.75,0.0,1.5714285714285714,24.5,0.75,26.75,4,0.0,0.0,0.5,0.0
Mohsin Khan,202632,2026-04-22,"Bharat Ratna Shri Atal Bihari Vajpayee Ekana Cricket Stadium, Lucknow",RR,LSG,0.0,0.5,0.5,1.3673469387755102,24.5,1.0,3.096774193548387,12.75,1.9166666666666667,0.0,0.5,0.5,1.3673469387755102,24.5,1.0,38.0,2,0.0,0.0,0.5,0.0
Prince Yadav,202632,2026-04-22,"Bharat Ratna Shri Atal Bihari Vajpayee Ekana Cricket Stadium, Lucknow",RR,LSG,0.0,0.0,0.0,1.3617021276595744,23.5,2.1666666666666665,2.2096774193548385,6.916666666666667,0.6666666666666666,0.0,0.0,0.0,1.4453781512605042,23.8,2.2,51.4,6,0.0,0.0,0.16666666666666666,0.0
Jofra Archer,202632,2026-04-22,"Bharat Ratna Shri Atal Bihari Vajpayee Ekana Cricket Stadium, Lucknow",RR,LSG,0.7857142857142857,2.3333333333333335,0.16666666666666666,1.3923076923076922,21.666666666666668,1.5,2.129032258064516,0.6666666666666666,4.277777777777778,0.7857142857142857,2.8,0.2,1.5333333333333334,21.0,1.4,46.0,6,0.16666666666666666,0.0,0.5,0.16666666666666666
Nandre Burger,202632,2026-04-22,"Bharat Ratna Shri Atal Bihari Vajpayee Ekana Cricket Stadium, Lucknow",RR,LSG,0.6,0.8333333333333334,0.0,1.5304347826086957,19.166666666666668,1.0,1.553763440860215,0.6666666666666666,2.9166666666666665,0.6,1.0,0.0,1.6436781609195403,17.4,0.8,24.6,6,0.0,0.0,0.0,0.0
Brijesh Sharma,202632,2026-04-22,"Bharat Ratna Shri Atal Bihari Vajpayee Ekana Cricket Stadium, Lucknow",RR,LSG,0.3333333333333333,1.0,0.0,1.3818181818181818,18.333333333333332,1.0,2.2365591397849465,1.3333333333333333,3.638888888888889,0.3333333333333333,1.0,0.0,1.3818181818181818,18.333333333333332,1.0,32.0,3,0.0,0.0,0.3333333333333333,0.0
Ravi Bishnoi,202632,2026-04-22,"Bharat Ratna Shri Atal Bihari Vajpayee Ekana Cricket Stadium, Lucknow",RR,LSG,0.0,0.5,0.3333333333333333,1.488,20.833333333333332,1.6666666666666667,2.0698924731182795,0.6666666666666666,4.347222222222222,0.0,0.6,0.4,1.588785046728972,21.4,1.8,48.0,6,0.0,0.0,0.6666666666666666,0.0
Ravindra Jadeka,202632,2026-04-22,"Bharat Ratna Shri Atal Bihari Vajpayee Ekana Cricket Stadium, Lucknow",RR,LSG,0.0,0.0,0.0,0.0,0.0,0.0,0.0,0.0,0.0,0.0,0.0,0.0,0.0,0.0,0.0,0.0,0,0.0,0.0,0.0,0.0
Sanju Samson,202633,2026-04-23,"Wankhede Stadium, Mumbai",CSK,MI,1.6842105263157894,19.0,0.8333333333333334,0.0,0.0,0.0,1.9947916666666667,0.6666666666666666,0.6666666666666666,1.7383177570093458,21.4,0.8,0.0,0.0,0.0,53.6,6,3.5,1.5,0.0,0.0
Ruturaj Gaikwad,202633,2026-04-23,"Wankhede Stadium, Mumbai",CSK,MI,1.025,13.333333333333334,1.0,0.0,0.0,0.0,1.2708333333333333,0.6666666666666666,1.0,1.1343283582089552,13.4,1.0,0.0,0.0,0.0,25.8,6,1.3333333333333333,0.16666666666666666,0.5,0.0
Sarfaraz Khan,202633,2026-04-23,"Wankhede Stadium, Mumbai",CSK,MI,1.6153846153846154,15.166666666666666,0.8333333333333334,0.0,0.0,0.0,1.765625,0.6666666666666666,1.0,1.6666666666666667,15.6,0.8,0.0,0.0,0.0,40.4,6,3.3333333333333335,1.0,0.5,0.0
Shivam Dube,202633,2026-04-23,"Wankhede Stadium, Mumbai",CSK,MI,1.3666666666666667,15.0,0.5,2.3076923076923075,2.1666666666666665,0.16666666666666666,1.671875,0.6666666666666666,1.3472222222222223,1.3604651162790697,17.2,0.4,2.3076923076923075,2.6,0.2,41.0,6,1.8333333333333333,0.8333333333333334,0.5,0.0
Dewald Brevis,202633,2026-04-23,"Wankhede Stadium, Mumbai",CSK,MI,1.1081081081081081,12.333333333333334,0.6666666666666666,0.0,0.0,0.0,2.3645833333333335,1.3333333333333333,2.777777777777778,1.1081081081081081,12.333333333333334,0.6666666666666666,0.0,0.0,0.0,37.0,3,1.3333333333333333,0.6666666666666666,2.0,0.0
Kartik Sharma,202633,2026-04-23,"Wankhede Stadium, Mumbai",CSK,MI,1.1363636363636365,7.333333333333333,1.0,0.0,0.0,0.0,1.6354166666666667,1.3333333333333333,1.3333333333333333,1.1363636363636365,7.333333333333333,1.0,0.0,0.0,0.0,13.666666666666666,3,0.0,0.6666666666666666,0.0,0.0
Jamie Overton,202633,2026-04-23,"Wankhede Stadium, Mumbai",CSK,MI,1.3733333333333333,15.0,0.6,1.5368421052631578,19.0,1.6,2.91875,0.8,4.466666666666667,1.3733333333333333,15.0,0.6,1.5368421052631578,19.0,1.6,71.8,5,1.6,0.8,0.2,0.0
Akeal Hosein,202633,2026-04-23,"Wankhede Stadium, Mumbai",CSK,MI,0.0,0.0,0.0,1.2105263157894737,19.0,0.5,2.515625,2.0,3.375,0.0,0.0,0.0,1.2105263157894737,19.0,0.5,20.5,2,0.0,0.0,0.5,0.0
Quinton de Kock,202633,2026-04-23,"Wankhede Stadium, Mumbai",CSK,MI,1.6666666666666667,37.5,0.5,0.0,0.0,0.0,4.96875,29.666666666666668,9.25,1.6666666666666667,37.5,0.5,0.0,0.0,0.0,99.0,2,4.5,4.0,1.0,0.0
Danish Malewar,202633,2026-04-23,"Wankhede Stadium, Mumbai",CSK,MI,0.5,4.0,1.0,0.0,0.0,0.0,4.0625,4.0,4.166666666666667,0.5,4.0,1.0,0.0,0.0,0.0,6.0,1,0.0,0.0,0.0,0.0
Suryakumar Yadav,202633,2026-04-23,"Wankhede Stadium, Mumbai",CSK,MI,1.423529411764706,14.166666666666666,1.0,0.0,0.0,0.0,1.4739583333333333,4.166666666666667,2.7083333333333335,1.381578947368421,15.2,1.0,0.0,0.0,0.0,31.2,6,2.0,0.6666666666666666,0.16666666666666666,0.0
Naman Dhir,202633,2026-04-23,"Wankhede Stadium, Mumbai",CSK,MI,1.5247524752475248,16.833333333333332,0.8333333333333334,0.0,0.0,0.0,1.8385416666666667,5.222222222222222,3.2916666666666665,1.505050505050505,19.8,1.0,0.0,0.0,0.0,47.8,6,2.5,1.0,0.6666666666666666,0.0
Tilak Varma,202633,2026-04-23,"Wankhede Stadium, Mumbai",CSK,MI,1.8227848101265822,13.166666666666666,0.8333333333333334,0.0,0.0,0.0,1.9375,3.9444444444444446,3.388888888888889,1.9076923076923078,13.0,0.8,0.0,0.0,0.0,44.8,6,2.6666666666666665,1.1666666666666667,1.0,0.0
Hardik Pandya,202633,2026-04-23,"Wankhede Stadium, Mumbai",CSK,MI,1.391304347826087,13.8,0.8,1.8,17.0,0.6,2.06875,10.866666666666667,2.666666666666667,1.391304347826087,13.8,0.8,1.8,17.0,0.6,44.6,5,2.4,0.4,0.4,0.0
Sherfane Rutherford,202633,2026-04-23,"Wankhede Stadium, Mumbai",CSK,MI,1.7166666666666666,10.0,0.5,0.0,0.0,0.0,1.421875,6.611111111111111,2.569444444444444,1.7166666666666666,12.0,0.6,0.0,0.0,0.0,31.4,6,0.6666666666666666,1.8333333333333333,0.16666666666666666,0.0
Shardul Thakur,202633,2026-04-23,"Wankhede Stadium, Mumbai",CSK,MI,0.8888888888888888,1.8,0.2,1.9484536082474226,19.4,1.2,1.81875,9.4,0.95,0.8888888888888888,1.8,0.2,1.9484536082474226,19.4,1.2,36.6,5,0.2,0.0,0.0,0.0
Krish Bhagat,202633,2026-04-23,"Wankhede Stadium, Mumbai",CSK,MI,0.0,0.0,0.0,0.8333333333333334,12.0,0.0,4.25,4.0,4.0,0.0,0.0,0.0,0.8333333333333334,12.0,0.0,12.0,1,0.0,0.0,1.0,0.0
Jasprit Bumrah,202633,2026-04-23,"Wankhede Stadium, Mumbai",CSK,MI,2.5,0.3333333333333333,0.0,1.2765957446808511,23.5,0.3333333333333333,0.890625,0.6666666666666666,0.75,2.5,0.4,0.0,1.2608695652173914,23.0,0.4,12.6,6,0.16666666666666666,0.0,0.0,0.16666666666666666
Ashwani Kumar,202633,2026-04-23,"Wankhede Stadium, Mumbai",CSK,MI,0.0,0.0,0.0,0.9230769230769231,26.0,4.0,7.75,4.0,4.0,0.0,0.0,0.0,0.9230769230769231,26.0,4.0,124.0,1,0.0,0.0,0.0,0.0
AM Ghazanfar,202633,2026-04-23,"Wankhede Stadium, Mumbai",CSK,MI,0.0,0.0,0.0,1.5125,20.0,1.5,2.171875,5.166666666666667,1.0,0.0,0.0,0.0,1.5125,20.0,1.5,41.5,4,0.0,0.0,0.0,0.0
Mitchell Santner,202633,2026-04-23,"Wankhede Stadium, Mumbai",CSK,MI,1.2380952380952381,7.0,0.0,1.3442622950819672,20.333333333333332,1.3333333333333333,2.7604166666666665,5.111111111111112,2.138888888888889,1.2380952380952381,7.0,0.0,1.3442622950819672,20.333333333333332,1.3333333333333333,49.666666666666664,3,1.0,0.0,0.3333333333333333,0.0
Mukesh Choudhary,202633,2026-04-23,"Wankhede Stadium, Mumbai",CSK,MI,0.0,0.0,0.0,1.8333333333333333,12.0,2.0,5.5625,4.0,8.166666666666666,0.0,0.0,0.0,1.8333333333333333,12.0,2.0,54.0,1,0.0,0.0,0.0,0.0
Anshul Kamboj,202633,2026-04-23,"Wankhede Stadium, Mumbai",CSK,MI,1.25,5.333333333333333,0.0,1.5547445255474452,22.833333333333332,2.1666666666666665,2.6822916666666665,0.6666666666666666,5.402777777777778,1.4545454545454546,4.4,0.0,1.5630252100840336,23.8,2.2,69.6,6,0.3333333333333333,0.3333333333333333,0.16666666666666666,0.0
Noor Ahmad,202633,2026-04-23,"Wankhede Stadium, Mumbai",CSK,MI,0.5263157894736842,3.1666666666666665,0.3333333333333333,1.6259541984732824,21.833333333333332,0.8333333333333334,1.4375,0.6666666666666666,2.555555555555556,0.9,2.0,0.2,1.5546218487394958,23.8,1.0,33.4,6,0.0,0.16666666666666666,0.6666666666666666,0.0
Gurjapneet Singh,202633,2026-04-23,"Wankhede Stadium, Mumbai",CSK,MI,0.0,0.0,0.0,1.6551724137931034,19.333333333333332,0.6666666666666666,2.1041666666666665,1.3333333333333333,3.388888888888889,0.0,0.0,0.0,1.6551724137931034,19.333333333333332,0.6666666666666666,28.666666666666668,3,0.0,0.0,1.0,0.0
Sai Sudharsan,202634,2026-04-24,"M.Chinnaswamy Stadium, Bengaluru",GT,RCB,1.3917525773195876,16.166666666666668,1.0,0.0,0.0,0.0,1.6161616161616161,0.6666666666666666,0.9444444444444445,1.4352941176470588,17.0,1.0,0.0,0.0,0.0,38.6,6,2.8333333333333335,0.8333333333333334,0.16666666666666666,0.16666666666666666
Shubman Gill,202634,2026-04-24,"M.Chinnaswamy Stadium, Bengaluru",GT,RCB,1.4640883977900552,36.2,1.0,0.0,0.0,0.0,3.0303030303030303,0.8,1.3333333333333335,1.4640883977900552,36.2,1.0,0.0,0.0,0.0,77.6,5,5.4,2.0,0.8,0.0
Jos Buttler,202634,2026-04-24,"M.Chinnaswamy Stadium, Bengaluru",GT,RCB,1.537313432835821,22.333333333333332,1.0,0.0,0.0,0.0,2.368686868686869,0.6666666666666666,1.6666666666666667,1.6633663366336633,20.2,1.0,0.0,0.0,0.0,60.8,6,4.166666666666667,1.5,1.1666666666666667,0.16666666666666666
Washington Sundar,202634,2026-04-24,"M.Chinnaswamy Stadium, Bengaluru",GT,RCB,1.3838383838383839,16.5,0.8333333333333334,1.6451612903225807,5.166666666666667,0.16666666666666666,1.7222222222222223,0.6666666666666666,1.2361111111111112,1.4691358024691359,16.2,0.8,2.0,2.4,0.0,35.2,6,2.8333333333333335,0.5,0.3333333333333333,0.0
Jason Holder,202634,2026-04-24,"M.Chinnaswamy Stadium, Bengaluru",GT,RCB,0.0,0.0,0.0,0.0,0.0,0.0,0.0,0.0,0.0,0.0,0.0,0.0,0.0,0.0,0.0,0.0,0,0.0,0.0,0.0,0.0
Jacob Bethell,202634,2026-04-24,"M.Chinnaswamy Stadium, Bengaluru",GT,RCB,0.0,0.0,0.0,0.0,0.0,0.0,0.0,0.0,0.0,0.0,0.0,0.0,0.0,0.0,0.0,0.0,0,0.0,0.0,0.0,0.0
Virat Kohli,202634,2026-04-24,"M.Chinnaswamy Stadium, Bengaluru",GT,RCB,1.4790419161676647,27.833333333333332,0.8333333333333334,0.0,0.0,0.0,2.378787878787879,10.125,4.930555555555555,1.4126984126984128,25.2,1.0,0.0,0.0,0.0,51.8,6,4.666666666666667,1.3333333333333333,0.6666666666666666,0.0
Devdutt Padikkal,202634,2026-04-24,"M.Chinnaswamy Stadium, Bengaluru",GT,RCB,1.7386363636363635,17.6,1.0,0.0,0.0,0.0,2.327272727272727,12.55,4.133333333333334,1.7386363636363635,17.6,1.0,0.0,0.0,0.0,54.4,5,3.4,1.4,1.2,0.0
Rajat Patidar,202634,2026-04-24,"M.Chinnaswamy Stadium, Bengaluru",GT,RCB,1.9572649572649572,19.5,0.8333333333333334,0.0,0.0,0.0,2.3484848484848486,7.666666666666667,4.847222222222222,1.9411764705882353,20.4,0.8,0.0,0.0,0.0,62.8,6,2.0,3.6666666666666665,0.6666666666666666,0.0
Jitesh Sharma,202634,2026-04-24,"M.Chinnaswamy Stadium, Bengaluru",GT,RCB,1.0816326530612246,8.166666666666666,0.8333333333333334,0.0,0.0,0.0,1.1666666666666667,3.75,1.486111111111111,1.1041666666666667,9.6,0.8,0.0,0.0,0.0,22.6,6,0.6666666666666666,0.3333333333333333,0.8333333333333334,0.0
Tim David,202634,2026-04-24,"M.Chinnaswamy Stadium, Bengaluru",GT,RCB,1.9659090909090908,14.666666666666666,0.3333333333333333,3.0,1.0,0.0,1.8232323232323233,7.833333333333333,3.736111111111111,2.0657894736842106,15.2,0.4,3.0,1.2,0.0,46.0,6,2.0,2.3333333333333335,0.16666666666666666,0.0
Krunal Pandya,202634,2026-04-24,"M.Chinnaswamy Stadium, Bengaluru",GT,RCB,0.7222222222222222,3.0,0.16666666666666666,1.4076923076923078,21.666666666666668,1.3333333333333333,1.792929292929293,6.458333333333333,0.875,0.7222222222222222,3.6,0.2,1.3333333333333333,23.4,1.6,48.6,6,0.0,0.16666666666666666,0.16666666666666666,0.0
Bhuvneshwar Kumar,202634,2026-04-24,"M.Chinnaswamy Stadium, Bengaluru",GT,RCB,1.2,1.6666666666666667,0.0,1.3443708609271523,25.166666666666668,1.6666666666666667,2.1565656565656566,12.208333333333334,0.8472222222222222,1.2,2.0,0.0,1.36,25.0,1.8,58.0,6,0.16666666666666666,0.0,0.16666666666666666,0.0
Josh Hazlewood,202634,2026-04-24,"M.Chinnaswamy Stadium, Bengaluru",GT,RCB,0.0,0.0,0.0,1.4383561643835616,24.333333333333332,1.0,2.1717171717171717,3.4166666666666665,1.3333333333333333,0.0,0.0,0.0,1.4383561643835616,24.333333333333332,1.0,31.666666666666668,3,0.0,0.0,0.3333333333333333,0.0
Rasikh Salam Dar,202634,2026-04-24,"M.Chinnaswamy Stadium, Bengaluru",GT,RCB,0.0,0.0,0.0,1.2941176470588236,22.666666666666668,2.0,3.0101010101010104,10.333333333333334,1.3333333333333333,0.0,0.0,0.0,1.2941176470588236,22.666666666666668,2.0,59.333333333333336,3,0.0,0.0,0.3333333333333333,0.0
Romario Shepherd,202634,2026-04-24,"M.Chinnaswamy Stadium, Bengaluru",GT,RCB,1.56,4.166666666666667,0.3333333333333333,2.3620689655172415,9.666666666666666,0.5,1.3383838383838385,4.708333333333333,1.3055555555555556,1.56,5.0,0.4,2.515151515151515,6.6,0.0,14.8,6,0.5,0.3333333333333333,0.16666666666666666,0.0
Suyash Sharma,202634,2026-04-24,"M.Chinnaswamy Stadium, Bengaluru",GT,RCB,0.0,0.0,0.0,1.5092592592592593,21.6,0.8,1.406060606060606,3.3,0.8,0.0,0.0,0.0,1.5092592592592593,21.6,0.8,24.0,5,0.0,0.0,0.0,0.0
Mohammed Siraj,202634,2026-04-24,"M.Chinnaswamy Stadium, Bengaluru",GT,RCB,0.0,0.6666666666666666,0.16666666666666666,1.3576642335766422,22.833333333333332,1.1666666666666667,1.6565656565656566,0.6666666666666666,3.4166666666666665,0.0,0.8,0.2,1.368,25.0,1.4,43.2,6,0.0,0.0,0.5,0.0
Kagiso Rabada,202634,2026-04-24,"M.Chinnaswamy Stadium, Bengaluru",GT,RCB,1.1290322580645162,5.166666666666667,0.16666666666666666,1.5517241379310345,24.166666666666668,1.6666666666666667,2.3636363636363638,0.6666666666666666,4.75,1.1290322580645162,6.2,0.2,1.5039370078740157,25.4,1.8,66.2,6,0.5,0.3333333333333333,0.5,0.0
Prasidh Krishna,202634,2026-04-24,"M.Chinnaswamy Stadium, Bengaluru",GT,RCB,0.0,0.0,0.0,1.5866666666666667,25.0,2.3333333333333335,2.282828282828283,0.6666666666666666,5.111111111111112,0.0,0.0,0.0,1.685483870967742,24.8,2.2,50.6,6,0.0,0.0,0.16666666666666666,0.0
Rashid Khan,202634,2026-04-24,"M.Chinnaswamy Stadium, Bengaluru",GT,RCB,1.0769230769230769,4.333333333333333,0.5,1.3129251700680271,24.5,1.0,1.6414141414141412,0.6666666666666666,2.9166666666666665,1.2727272727272727,4.4,0.6,1.3333333333333333,24.6,1.0,36.0,6,0.5,0.0,0.16666666666666666,0.0
Manav Suthar,202634,2026-04-24,"M.Chinnaswamy Stadium, Bengaluru",GT,RCB,0.0,0.0,0.0,0.0,0.0,0.0,0.0,0.0,0.0,0.0,0.0,0.0,0.0,0.0,0.0,0.0,0,0.0,0.0,0.0,0.0
Pathum Nissanka,202635,2026-04-25,"Arun Jaitley Stadium, Delhi",DC,PBKS,1.4361702127659575,15.666666666666666,1.0,0.0,0.0,0.0,1.5392156862745097,9.083333333333334,0.9090909090909091,1.5402298850574712,17.4,1.0,0.0,0.0,0.0,39.4,6,2.8333333333333335,0.8333333333333334,0.3333333333333333,0.0
Rahul,202635,2026-04-25,"Arun Jaitley Stadium, Delhi",DC,PBKS,1.5891472868217054,21.5,1.1666666666666667,0.0,0.0,0.0,2.014705882352941,10.666666666666666,0.9090909090909091,1.6015625,25.6,1.2,0.0,0.0,0.0,57.8,6,3.3333333333333335,1.6666666666666667,0.3333333333333333,0.0
Nitish Rana,202635,2026-04-25,"Arun Jaitley Stadium, Delhi",DC,PBKS,1.2419354838709677,15.5,1.0,2.1153846153846154,6.5,0.25,2.0073529411764706,4.5,1.8181818181818181,1.2419354838709677,15.5,1.0,2.1153846153846154,6.5,0.25,38.25,4,2.5,1.0,0.75,0.25
David Miller,202635,2026-04-25,"Arun Jaitley Stadium, Delhi",DC,PBKS,1.4428571428571428,11.666666666666666,0.5,0.0,0.0,0.0,1.372549019607843,6.916666666666667,1.0303030303030303,1.4428571428571428,14.0,0.6,0.0,0.0,0.0,31.2,6,1.5,1.0,0.5,0.0
Priyansh Arya,202635,2026-04-25,"Arun Jaitley Stadium, Delhi",DC,PBKS,2.3444444444444446,18.0,1.0,0.0,0.0,0.0,2.4529411764705884,0.8,5.909090909090909,2.3444444444444446,18.0,1.0,0.0,0.0,0.0,60.2,5,2.8,4.0,0.0,0.0
Prabhsimran Singh,202635,2026-04-25,"Arun Jaitley Stadium, Delhi",DC,PBKS,1.6356589147286822,21.5,0.6666666666666666,0.0,0.0,0.0,2.142156862745098,0.6666666666666666,4.742424242424242,1.6571428571428573,21.0,0.6,0.0,0.0,0.0,55.0,6,3.6666666666666665,1.8333333333333333,0.6666666666666666,0.0
Cooper Connolly,202635,2026-04-25,"Arun Jaitley Stadium, Delhi",DC,PBKS,1.5928571428571427,28.0,0.8,0.0,0.0,0.0,2.588235294117647,0.8,6.036363636363637,1.5928571428571427,28.0,0.8,0.0,0.0,0.0,64.8,5,4.2,2.8,0.4,0.0
Shreyas Iyer,202635,2026-04-25,"Arun Jaitley Stadium, Delhi",DC,PBKS,1.7478991596638656,23.8,0.8,0.0,0.0,0.0,2.458823529411765,0.8,5.781818181818182,1.7478991596638656,23.8,0.8,0.0,0.0,0.0,60.4,5,2.8,2.8,0.2,0.0
Nehal Wadhera,202635,2026-04-25,"Arun Jaitley Stadium, Delhi",DC,PBKS,1.1111111111111112,9.0,1.0,0.0,0.0,0.0,1.4044117647058822,1.0,2.0681818181818183,1.1111111111111112,9.0,1.0,0.0,0.0,0.0,17.75,4,0.25,0.75,0.25,0.0
Shashank Singh,202635,2026-04-25,"Arun Jaitley Stadium, Delhi",DC,PBKS,1.8214285714285714,5.6,0.4,1.2580645161290323,6.2,0.6,1.6470588235294117,0.8,1.909090909090909,1.8214285714285714,5.6,0.4,1.2580645161290323,6.2,0.6,32.8,5,0.8,0.6,0.2,0.0
Arshdeep Singh,202635,2026-04-25,"Arun Jaitley Stadium, Delhi",DC,PBKS,0.0,0.0,0.0,1.4161073825503356,24.833333333333332,1.0,1.5980392156862744,0.6666666666666666,0.6666666666666666,0.0,0.0,0.0,1.4444444444444444,23.4,1.2,36.4,6,0.0,0.0,0.5,0.0
Xavier Bartlett,202635,2026-04-25,"Arun Jaitley Stadium, Delhi",DC,PBKS,2.2,0.8333333333333334,0.0,1.6838235294117647,22.666666666666668,0.6666666666666666,1.553921568627451,0.6666666666666666,0.8636363636363636,0.0,0.0,0.0,1.7387387387387387,22.2,0.8,36.0,6,0.0,0.16666666666666666,1.1666666666666667,0.0
Marco Jansen,202635,2026-04-25,"Arun Jaitley Stadium, Delhi",DC,PBKS,0.7692307692307693,2.6,0.2,1.4112903225806452,24.8,1.0,1.7,0.8,1.018181818181818,0.7692307692307693,2.6,0.2,1.4112903225806452,24.8,1.0,34.6,5,0.0,0.2,0.4,0.0
Vijaykumar Vyshak,202635,2026-04-25,"Arun Jaitley Stadium, Delhi",DC,PBKS,0.0,0.0,0.0,1.5925925925925926,21.6,1.4,1.8470588235294116,0.8,0.8,0.0,0.0,0.0,1.5925925925925926,21.6,1.4,39.6,5,0.0,0.0,0.0,0.2
Yuzvendra Chahal,202635,2026-04-25,"Arun Jaitley Stadium, Delhi",DC,PBKS,0.0,0.0,0.0,1.5045871559633028,21.8,1.0,1.5529411764705883,0.8,0.8,0.0,0.0,0.0,1.5045871559633028,21.8,1.0,29.6,5,0.0,0.0,0.4,0.0
Marcus Stoinis,202635,2026-04-25,"Arun Jaitley Stadium, Delhi",DC,PBKS,1.6,7.5,0.5,2.4285714285714284,1.75,0.0,1.4705882352941178,1.0,2.272727272727273,1.6,7.5,0.5,2.4285714285714284,1.75,0.0,20.0,4,1.5,0.5,0.25,0.0
Auqib Nabi,202635,2026-04-25,"Arun Jaitley Stadium, Delhi",DC,PBKS,2.0,1.0,0.5,1.6875,16.0,0.0,2.073529411764706,2.0,2.0,2.0,1.0,0.5,1.6875,16.0,0.0,6.5,2,0.5,0.0,0.0,0.0
Mukesh Kumar,202635,2026-04-25,"Arun Jaitley Stadium, Delhi",DC,PBKS,0.0,0.0,0.0,1.5555555555555556,24.0,1.0,1.4754901960784315,10.333333333333334,3.1666666666666665,0.0,0.0,0.0,1.6370967741935485,24.8,1.0,34.6,6,0.0,0.0,0.3333333333333333,0.16666666666666666
Axar Patel,202635,2026-04-25,"Arun Jaitley Stadium, Delhi",DC,PBKS,1.0689655172413792,4.833333333333333,0.6666666666666666,1.3362068965517242,19.333333333333332,1.0,1.5980392156862744,3.5833333333333335,3.0606060606060606,1.1481481481481481,5.4,0.6,1.3673469387755102,19.6,1.0,37.4,6,0.5,0.0,0.16666666666666666,0.0
Natarajan,202635,2026-04-25,"Arun Jaitley Stadium, Delhi",DC,PBKS,0.5,0.3333333333333333,0.0,1.5038167938931297,21.833333333333332,0.6666666666666666,1.2205882352941175,2.75,2.3636363636363638,0.5,0.4,0.0,1.5700934579439252,21.4,0.2,10.8,6,0.0,0.0,0.16666666666666666,0.0
Kuldeep Yadav,202635,2026-04-25,"Arun Jaitley Stadium, Delhi",DC,PBKS,0.6,1.6666666666666667,0.16666666666666666,1.6695652173913043,19.166666666666668,0.8333333333333334,1.3480392156862744,2.8333333333333335,2.6818181818181817,0.6,2.0,0.2,1.7692307692307692,18.2,0.6,20.2,6,0.0,0.0,0.16666666666666666,0.0
Vipraj Nigam,202635,2026-04-25,"Arun Jaitley Stadium, Delhi",DC,PBKS,1.7142857142857142,2.3333333333333335,0.3333333333333333,1.84375,10.666666666666666,0.3333333333333333,1.715686274509804,7.833333333333333,2.090909090909091,1.7142857142857142,2.3333333333333335,0.3333333333333333,1.84375,10.666666666666666,0.3333333333333333,17.0,3,0.6666666666666666,0.0,0.0,0.0
Yashasvi Jaiswal,202636,2026-04-25,"Sawai Mansingh Stadium, Jaipur",RR,SRH,1.4437869822485208,24.142857142857142,0.7142857142857143,0.0,0.0,0.0,1.9453781512605042,0.0,0.7472527472527473,1.5729166666666667,19.2,0.8,0.0,0.0,0.0,44.2,7,3.857142857142857,1.7142857142857142,0.2857142857142857,0.0
Vaibhav Sooryavanshi,202636,2026-04-25,"Sawai Mansingh Stadium, Jaipur",RR,SRH,2.134453781512605,17.0,1.0,0.0,0.0,0.0,1.9747899159663866,0.0,0.5714285714285714,2.0853658536585367,16.4,1.0,0.0,0.0,0.0,48.4,7,3.7142857142857144,2.857142857142857,0.0,0.0
Dhruv Jurel,202636,2026-04-25,"Sawai Mansingh Stadium, Jaipur",RR,SRH,1.6160714285714286,16.0,0.8571428571428571,0.0,0.0,0.0,1.8739495798319328,0.0,1.4945054945054945,1.543859649122807,11.4,0.8,0.0,0.0,0.0,38.8,7,2.4285714285714284,1.1428571428571428,1.4285714285714286,0.0
Riyan Parag,202636,2026-04-25,"Sawai Mansingh Stadium, Jaipur",RR,SRH,1.125,10.285714285714286,0.8571428571428571,1.368421052631579,2.7142857142857144,0.2857142857142857,1.2899159663865547,0.0,1.3846153846153846,1.0535714285714286,11.2,1.0,1.1538461538461537,2.6,0.2,27.8,7,0.8571428571428571,0.7142857142857143,0.42857142857142855,0.0
Donovan Ferreira,202636,2026-04-25,"Sawai Mansingh Stadium, Jaipur",RR,SRH,1.3108108108108107,14.8,0.8,0.0,0.0,0.0,1.7117647058823529,0.0,1.2923076923076924,1.3108108108108107,14.8,0.8,0.0,0.0,0.0,35.0,5,2.0,0.8,0.8,0.0
Shimron Hetmyer,202636,2026-04-25,"Sawai Mansingh Stadium, Jaipur",RR,SRH,1.0892857142857142,11.2,0.8,0.0,0.0,0.0,1.4588235294117646,0.0,1.476923076923077,1.0892857142857142,11.2,0.8,0.0,0.0,0.0,26.4,5,0.6,0.6,1.0,0.0
Ravindra Jadeja,202636,2026-04-25,"Sawai Mansingh Stadium, Jaipur",RR,SRH,1.1851851851851851,18.0,0.3333333333333333,1.130952380952381,14.0,1.0,2.127450980392157,0.0,2.692307692307692,1.1851851851851851,21.6,0.4,1.1515151515151516,13.2,0.8,53.6,6,1.6666666666666667,0.16666666666666666,0.16666666666666666,0.0
Jofra Archer,202636,2026-04-25,"Sawai Mansingh Stadium, Jaipur",RR,SRH,0.7857142857142857,2.0,0.14285714285714285,1.2967741935483872,22.142857142857142,1.8571428571428572,2.096638655462185,0.0,4.428571428571429,0.8333333333333334,2.4,0.2,1.3523809523809525,21.0,2.2,60.8,7,0.14285714285714285,0.0,0.42857142857142855,0.14285714285714285
Travis Head,202636,2026-04-25,"Sawai Mansingh Stadium, Jaipur",RR,SRH,1.3846153846153846,18.571428571428573,1.0,0.0,0.0,0.0,1.4789915966386555,0.0,2.9450549450549453,1.2551020408163265,19.6,1.0,0.0,0.0,0.0,33.0,7,3.142857142857143,1.0,0.0,0.0
Ishan Kishan,202636,2026-04-25,"Sawai Mansingh Stadium, Jaipur",RR,SRH,1.8384615384615384,18.571428571428573,0.8571428571428571,0.0,0.0,0.0,2.0294117647058822,0.0,3.901098901098901,1.7560975609756098,16.4,0.8,0.0,0.0,0.0,45.4,7,3.4285714285714284,1.8571428571428572,0.5714285714285714,0.14285714285714285
Abhishek Sharma,202636,2026-04-25,"Sawai Mansingh Stadium, Jaipur",RR,SRH,1.9457831325301205,23.714285714285715,1.0,2.0588235294117645,2.4285714285714284,0.0,2.512605042016807,0.0,5.384615384615385,2.0303030303030303,26.4,1.0,1.8181818181818181,2.2,0.0,82.6,7,3.5714285714285716,3.857142857142857,0.42857142857142855,0.0
Heinrich Klaasen,202636,2026-04-25,"Sawai Mansingh Stadium, Jaipur",RR,SRH,1.461187214611872,31.285714285714285,0.8571428571428571,0.0,0.0,0.0,2.3865546218487395,0.0,4.879120879120879,1.5,31.6,0.8,0.0,0.0,0.0,67.0,7,3.142857142857143,1.8571428571428572,0.7142857142857143,0.0
Nitish Reddy,202636,2026-04-25,"Sawai Mansingh Stadium, Jaipur",RR,SRH,1.5632183908045978,12.428571428571429,0.7142857142857143,1.6728971962616823,15.285714285714286,0.5714285714285714,1.9201680672268908,0.0,2.472527472527472,1.6842105263157894,11.4,0.6,1.6987951807228916,16.6,0.4,49.0,7,1.0,1.5714285714285714,0.8571428571428571,0.0
Salil Arora,202636,2026-04-25,"Sawai Mansingh Stadium, Jaipur",RR,SRH,1.3414634146341464,8.2,0.8,0.0,0.0,0.0,1.3235294117647058,0.0,1.8,1.3414634146341464,8.2,0.8,0.0,0.0,0.0,21.8,5,0.8,0.8,0.6,0.0
Aniket Verma,202636,2026-04-25,"Sawai Mansingh Stadium, Jaipur",RR,SRH,1.5319148936170213,6.714285714285714,0.7142857142857143,0.0,0.0,0.0,1.0714285714285714,0.0,1.5274725274725274,1.1666666666666667,4.8,0.6,0.0,0.0,0.0,15.2,7,0.7142857142857143,0.7142857142857143,0.5714285714285714,0.0
Praful Hinge,202636,2026-04-25,"Sawai Mansingh Stadium, Jaipur",RR,SRH,0.0,0.5,0.0,1.7735849056603774,26.5,2.5,4.073529411764706,0.0,2.0,0.0,0.5,0.0,1.7735849056603774,26.5,2.5,74.5,2,0.0,0.0,0.5,0.0
Pat Cummins,202636,2026-04-25,"Sawai Mansingh Stadium, Jaipur",RR,SRH,0.0,0.0,0.0,0.0,0.0,0.0,0.0,0.0,0.0,0.0,0.0,0.0,0.0,0.0,0.0,0.0,0,0.0,0.0,0.0,0.0
Eshan Malinga,202636,2026-04-25,"Sawai Mansingh Stadium, Jaipur",RR,SRH,0.0,0.0,0.0,1.4370860927152318,21.571428571428573,1.8571428571428572,1.9663865546218489,0.0,0.5714285714285714,0.0,0.0,0.0,1.411764705882353,23.8,2.0,56.4,7,0.0,0.0,0.14285714285714285,0.14285714285714285
Sakib Hussain,202636,2026-04-25,"Sawai Mansingh Stadium, Jaipur",RR,SRH,0.0,0.0,0.0,1.0625,26.666666666666668,2.0,2.9607843137254903,0.0,1.3333333333333333,0.0,0.0,0.0,1.0625,26.666666666666668,2.0,59.333333333333336,3,0.0,0.0,0.3333333333333333,0.0
Shivang Kumar,202636,2026-04-25,"Sawai Mansingh Stadium, Jaipur",RR,SRH,1.4,2.5,0.5,1.4793388429752066,20.166666666666668,1.1666666666666667,1.4264705882352942,0.0,1.0,1.3076923076923077,2.6,0.4,1.422680412371134,19.4,1.2,34.0,6,0.5,0.16666666666666666,0.0,0.0
Nandre Burger,202636,2026-04-25,"Sawai Mansingh Stadium, Jaipur",RR,SRH,0.6,0.7142857142857143,0.0,1.4676258992805755,19.857142857142858,1.1428571428571428,1.4747899159663866,0.0,2.901098901098901,0.6,1.0,0.0,1.5326086956521738,18.4,1.0,29.6,7,0.0,0.0,0.0,0.0
Tushar Deshpande,202636,2026-04-25,"Sawai Mansingh Stadium, Jaipur",RR,SRH,2.272727272727273,3.6666666666666665,0.3333333333333333,1.8305084745762712,19.666666666666668,1.0,2.4509803921568625,0.0,3.4615384615384617,2.272727272727273,3.6666666666666665,0.3333333333333333,1.8305084745762712,19.666666666666668,1.0,42.0,3,0.0,1.0,0.3333333333333333,0.0
Brijesh Sharma,202636,2026-04-25,"Sawai Mansingh Stadium, Jaipur",RR,SRH,0.3333333333333333,0.75,0.0,1.2702702702702702,18.5,1.25,1.9852941176470589,0.0,3.5576923076923075,0.3333333333333333,0.75,0.0,1.2702702702702702,18.5,1.25,37.5,4,0.0,0.0,0.25,0.0
Ravi Bishnoi,202636,2026-04-25,"Sawai Mansingh Stadium, Jaipur",RR,SRH,0.0,0.42857142857142855,0.2857142857142857,1.4413793103448276,20.714285714285715,1.5714285714285714,1.7731092436974791,0.0,3.758241758241758,0.0,0.6,0.4,1.4901960784313726,20.4,1.0,31.4,7,0.0,0.0,0.5714285714285714,0.0
Sanju Samson,202637,2026-04-26,"MA Chidambaram Stadium, Chennai",CSK,GT,1.7337278106508875,24.142857142857142,0.7142857142857143,0.0,0.0,0.0,2.2301587301587302,11.428571428571429,0.7346938775510204,1.8181818181818181,30.8,0.6,0.0,0.0,0.0,84.6,7,4.428571428571429,2.142857142857143,0.2857142857142857,0.0
Ruturaj Gaikwad,202637,2026-04-26,"MA Chidambaram Stadium, Chennai",CSK,GT,1.0947368421052632,13.571428571428571,1.0,0.0,0.0,0.0,1.1388888888888888,3.523809523809524,0.8163265306122449,1.1666666666666667,12.0,1.0,0.0,0.0,0.0,25.2,7,1.5714285714285714,0.2857142857142857,0.42857142857142855,0.0
Urvil Patel,202637,2026-04-26,"MA Chidambaram Stadium, Chennai",CSK,GT,0.0,0.0,0.0,0.0,0.0,0.0,0.0,0.0,0.0,0.0,0.0,0.0,0.0,0.0,0.0,0.0,0,0.0,0.0,0.0,0.0
Sarfaraz Khan,202637,2026-04-26,"MA Chidambaram Stadium, Chennai",CSK,GT,1.6262626262626263,14.142857142857142,0.8571428571428571,0.0,0.0,0.0,1.507936507936508,4.571428571428571,0.8979591836734694,1.5342465753424657,14.6,0.8,0.0,0.0,0.0,37.4,7,3.2857142857142856,0.8571428571428571,0.5714285714285714,0.0
Dewald Brevis,202637,2026-04-26,"MA Chidambaram Stadium, Chennai",CSK,GT,1.2653061224489797,12.25,0.75,0.0,0.0,0.0,1.9236111111111112,8.083333333333334,2.0714285714285716,1.2653061224489797,12.25,0.75,0.0,0.0,0.0,37.25,4,1.25,1.0,1.75,0.0
Shivam Dube,202637,2026-04-26,"MA Chidambaram Stadium, Chennai",CSK,GT,1.3061224489795917,14.0,0.5714285714285714,2.3076923076923075,1.8571428571428572,0.14285714285714285,1.3571428571428572,5.6190476190476195,1.0714285714285714,1.2419354838709677,12.4,0.6,2.3076923076923075,2.6,0.2,31.6,7,1.5714285714285714,0.7142857142857143,0.42857142857142855,0.0
Kartik Sharma,202637,2026-04-26,"MA Chidambaram Stadium, Chennai",CSK,GT,1.0238095238095237,10.5,1.0,0.0,0.0,0.0,1.3541666666666667,1.0833333333333333,1.0,1.0238095238095237,10.5,1.0,0.0,0.0,0.0,16.75,4,0.0,1.0,0.0,0.0
Jamie Overton,202637,2026-04-26,"MA Chidambaram Stadium, Chennai",CSK,GT,1.4216867469879517,13.833333333333334,0.6666666666666666,1.4953271028037383,17.833333333333332,1.5,2.439814814814815,7.555555555555556,3.5833333333333335,1.6304347826086956,9.2,0.6,1.4455445544554455,20.2,1.8,70.8,6,1.6666666666666667,0.8333333333333334,0.16666666666666666,0.0
Sai Sudharsan,202637,2026-04-26,"MA Chidambaram Stadium, Chennai",CSK,GT,1.4968152866242037,22.428571428571427,1.0,0.0,0.0,0.0,1.8928571428571428,0.5714285714285714,3.7653061224489797,1.505050505050505,19.8,1.0,0.0,0.0,0.0,48.4,7,4.0,1.4285714285714286,0.14285714285714285,0.14285714285714285
Shubman Gill,202637,2026-04-26,"MA Chidambaram Stadium, Chennai",CSK,GT,1.441747572815534,34.333333333333336,1.0,0.0,0.0,0.0,2.5370370370370368,0.6666666666666666,5.095238095238096,1.4576271186440677,35.4,1.0,0.0,0.0,0.0,72.6,6,4.833333333333333,1.8333333333333333,0.6666666666666666,0.0
Jos Buttler,202637,2026-04-26,"MA Chidambaram Stadium, Chennai",CSK,GT,1.54,21.428571428571427,1.0,0.0,0.0,0.0,2.0238095238095237,0.5714285714285714,3.5714285714285716,1.6213592233009708,20.6,1.0,0.0,0.0,0.0,58.8,7,3.857142857142857,1.4285714285714286,1.0,0.14285714285714285
Washington Sundar,202637,2026-04-26,"MA Chidambaram Stadium, Chennai",CSK,GT,1.4054054054054055,15.857142857142858,0.7142857142857143,1.6451612903225807,4.428571428571429,0.14285714285714285,1.51984126984127,0.5714285714285714,2.5102040816326534,1.4725274725274726,18.2,0.6,2.0,2.4,0.0,40.2,7,2.5714285714285716,0.5714285714285714,0.42857142857142855,0.0
Mohammed Siraj,202637,2026-04-26,"MA Chidambaram Stadium, Chennai",CSK,GT,0.0,0.5714285714285714,0.14285714285714285,1.367741935483871,22.142857142857142,1.1428571428571428,1.4484126984126984,0.5714285714285714,0.5510204081632654,0.0,0.8,0.2,1.2542372881355932,23.6,1.4,41.6,7,0.0,0.0,0.42857142857142855,0.0
Kagiso Rabada,202637,2026-04-26,"MA Chidambaram Stadium, Chennai",CSK,GT,1.1290322580645162,4.428571428571429,0.14285714285714285,1.5941176470588236,24.285714285714285,1.4285714285714286,1.9047619047619049,0.5714285714285714,1.0,0.8571428571428571,2.8,0.2,1.56,25.0,1.4,50.6,7,0.42857142857142855,0.2857142857142857,0.42857142857142855,0.0
Manav Suthar,202637,2026-04-26,"MA Chidambaram Stadium, Chennai",CSK,GT,0.0,0.0,0.0,1.5833333333333333,12.0,1.0,4.916666666666667,4.0,4.0,0.0,0.0,0.0,1.5833333333333333,12.0,1.0,37.0,1,0.0,0.0,1.0,0.0
Jason Holder,202637,2026-04-26,"MA Chidambaram Stadium, Chennai",CSK,GT,2.3,10.0,0.0,1.4583333333333333,24.0,1.0,5.472222222222222,4.0,6.0,2.3,10.0,0.0,1.4583333333333333,24.0,1.0,57.0,1,1.0,2.0,0.0,0.0
Arshad Khan,202637,2026-04-26,"MA Chidambaram Stadium, Chennai",CSK,GT,0.0,0.0,0.0,0.0,0.0,0.0,0.0,0.0,0.0,0.0,0.0,0.0,0.0,0.0,0.0,0.0,0,0.0,0.0,0.0,0.0
Rashid Khan,202637,2026-04-26,"MA Chidambaram Stadium, Chennai",CSK,GT,1.0769230769230769,3.7142857142857144,0.42857142857142855,1.4069767441860466,24.571428571428573,1.1428571428571428,1.5357142857142858,0.5714285714285714,0.8877551020408163,0.6666666666666666,1.2,0.2,1.4262295081967213,24.4,1.2,35.6,7,0.42857142857142855,0.0,0.14285714285714285,0.0
Akeal Hosein,202637,2026-04-26,"MA Chidambaram Stadium, Chennai",CSK,GT,1.0,0.6666666666666666,0.0,1.0161290322580645,20.666666666666668,1.6666666666666667,2.7685185185185186,5.0,4.976190476190476,1.0,0.6666666666666666,0.0,1.0161290322580645,20.666666666666668,1.6666666666666667,55.666666666666664,3,0.0,0.0,0.3333333333333333,0.0
Anshul Kamboj,202637,2026-04-26,"MA Chidambaram Stadium, Chennai",CSK,GT,1.25,4.571428571428571,0.0,1.4294871794871795,22.285714285714285,2.0,2.238095238095238,9.476190476190476,4.387755102040816,1.4545454545454546,4.4,0.0,1.3421052631578947,22.8,2.0,66.2,7,0.2857142857142857,0.2857142857142857,0.2857142857142857,0.0
Gurjapneet Singh,202637,2026-04-26,"MA Chidambaram Stadium, Chennai",CSK,GT,0.0,0.0,0.0,1.4714285714285715,17.5,0.75,1.7430555555555556,4.416666666666667,2.9107142857142856,0.0,0.0,0.0,1.4714285714285715,17.5,0.75,30.75,4,0.0,0.0,1.0,0.0
Noor Ahmad,202637,2026-04-26,"MA Chidambaram Stadium, Chennai",CSK,GT,0.5263157894736842,2.7142857142857144,0.2857142857142857,1.5256410256410255,22.285714285714285,1.0,1.3571428571428572,6.285714285714286,2.4693877551020407,0.9,2.0,0.2,1.4576271186440677,23.6,1.2,41.8,7,0.0,0.14285714285714285,0.5714285714285714,0.0
Ajinkya Rahane,202638,2026-04-26,"Bharat Ratna Shri Atal Bihari Vajpayee Ekana Cricket Stadium, Lucknow",KKR,LSG,1.3818181818181818,15.714285714285714,0.8571428571428571,0.0,0.0,0.0,1.3253968253968256,0.5714285714285714,0.6666666666666667,1.375,11.2,0.8,0.0,0.0,0.0,21.2,7,1.1428571428571428,1.2857142857142858,0.14285714285714285,0.0
Tim Seifert,202638,2026-04-26,"Bharat Ratna Shri Atal Bihari Vajpayee Ekana Cricket Stadium, Lucknow",KKR,LSG,1.2666666666666666,7.5,1.0,0.0,0.0,0.0,2.4027777777777777,2.0,2.3333333333333335,1.2666666666666666,7.5,1.0,0.0,0.0,0.0,18.5,2,1.0,0.5,0.5,0.0
Angkrish Raghuvanshi,202638,2026-04-26,"Bharat Ratna Shri Atal Bihari Vajpayee Ekana Cricket Stadium, Lucknow",KKR,LSG,1.36986301369863,20.857142857142858,0.8571428571428571,0.0,0.0,0.0,1.6388888888888888,0.5714285714285714,0.7619047619047619,1.1411764705882352,17.0,0.8,0.0,0.0,0.0,30.0,7,3.2857142857142856,1.0,0.2857142857142857,0.0
Cameron Green,202638,2026-04-26,"Bharat Ratna Shri Atal Bihari Vajpayee Ekana Cricket Stadium, Lucknow",KKR,LSG,1.4210526315789473,16.285714285714285,0.5714285714285714,2.0238095238095237,6.0,0.14285714285714285,1.630952380952381,0.5714285714285714,1.3928571428571428,1.4059405940594059,20.2,0.6,2.0238095238095237,8.4,0.2,51.2,7,2.2857142857142856,1.0,0.5714285714285714,0.0
Rovman Powell,202638,2026-04-26,"Bharat Ratna Shri Atal Bihari Vajpayee Ekana Cricket Stadium, Lucknow",KKR,LSG,1.3010752688172043,23.25,0.5,0.0,0.0,0.0,2.111111111111111,1.0,1.3333333333333333,1.3010752688172043,23.25,0.5,0.0,0.0,0.0,44.0,4,2.25,1.75,0.5,0.0
Rinku Singh,202638,2026-04-26,"Bharat Ratna Shri Atal Bihari Vajpayee Ekana Cricket Stadium, Lucknow",KKR,LSG,1.233644859813084,17.833333333333332,0.8333333333333334,0.0,0.0,0.0,1.587962962962963,0.6666666666666666,1.222222222222222,1.1785714285714286,16.8,1.0,0.0,0.0,0.0,34.8,6,2.1666666666666665,0.5,0.8333333333333334,0.0
Anukul Roy,202638,2026-04-26,"Bharat Ratna Shri Atal Bihari Vajpayee Ekana Cricket Stadium, Lucknow",KKR,LSG,1.4444444444444444,4.5,0.3333333333333333,1.3406593406593406,15.166666666666666,0.6666666666666666,1.4212962962962965,0.6666666666666666,2.3333333333333335,1.4444444444444444,5.4,0.4,1.2891566265060241,16.6,0.8,32.6,6,0.3333333333333333,0.3333333333333333,0.16666666666666666,0.16666666666666666
Ramandeep Singh,202638,2026-04-26,"Bharat Ratna Shri Atal Bihari Vajpayee Ekana Cricket Stadium, Lucknow",KKR,LSG,1.2881355932203389,9.833333333333334,0.6666666666666666,1.5,3.3333333333333335,0.16666666666666666,1.337962962962963,0.6666666666666666,1.4583333333333333,1.309090909090909,11.0,0.8,1.5,4.0,0.2,32.2,6,1.3333333333333333,0.3333333333333333,0.6666666666666666,0.0
Sunil Narine,202638,2026-04-26,"Bharat Ratna Shri Atal Bihari Vajpayee Ekana Cricket Stadium, Lucknow",KKR,LSG,1.3333333333333333,4.5,0.5,1.1594202898550725,23.0,1.0,1.6018518518518519,0.6666666666666666,2.861111111111111,1.3333333333333333,5.4,0.6,1.0833333333333333,24.0,1.0,39.4,6,0.3333333333333333,0.6666666666666666,0.16666666666666666,0.0
Aiden Markram,202638,2026-04-26,"Bharat Ratna Shri Atal Bihari Vajpayee Ekana Cricket Stadium, Lucknow",KKR,LSG,1.4862385321100917,15.571428571428571,1.0,2.608695652173913,3.2857142857142856,0.0,1.472222222222222,3.2857142857142856,2.892857142857143,1.4324324324324325,14.8,1.0,2.764705882352941,3.4,0.0,34.0,7,2.4285714285714284,1.2857142857142858,0.5714285714285714,0.0
Mitchell Marsh,202638,2026-04-26,"Bharat Ratna Shri Atal Bihari Vajpayee Ekana Cricket Stadium, Lucknow",KKR,LSG,1.2962962962962963,23.142857142857142,1.1428571428571428,0.0,0.0,0.0,1.6587301587301586,6.761904761904762,3.642857142857143,1.3305785123966942,24.2,1.0,0.0,0.0,0.0,47.0,7,2.5714285714285716,1.5714285714285714,0.2857142857142857,0.0
Rishabh Pant,202638,2026-04-26,"Bharat Ratna Shri Atal Bihari Vajpayee Ekana Cricket Stadium, Lucknow",KKR,LSG,1.2782608695652173,16.428571428571427,0.7142857142857143,0.0,0.0,0.0,1.511904761904762,3.4285714285714284,2.6785714285714284,1.3333333333333333,10.8,1.0,0.0,0.0,0.0,25.6,7,2.0,0.7142857142857143,0.8571428571428571,0.14285714285714285
Nicholas Pooran,202638,2026-04-26,"Bharat Ratna Shri Atal Bihari Vajpayee Ekana Cricket Stadium, Lucknow",KKR,LSG,0.776595744680851,13.428571428571429,1.0,0.0,0.0,0.0,1.0476190476190477,3.666666666666667,1.5714285714285714,0.7804878048780488,16.4,1.0,0.0,0.0,0.0,26.0,7,0.7142857142857143,0.42857142857142855,0.42857142857142855,0.14285714285714285
Ayush Badoni,202638,2026-04-26,"Bharat Ratna Shri Atal Bihari Vajpayee Ekana Cricket Stadium, Lucknow",KKR,LSG,1.3962264150943395,15.142857142857142,1.0,2.3333333333333335,0.8571428571428571,0.0,1.277777777777778,0.8571428571428571,2.6904761904761902,1.446808510638298,18.8,1.0,2.3333333333333335,1.2,0.0,37.4,7,2.5714285714285716,0.5714285714285714,0.0,0.0
Mukul Choudhary,202638,2026-04-26,"Bharat Ratna Shri Atal Bihari Vajpayee Ekana Cricket Stadium, Lucknow",KKR,LSG,1.4485981308411215,15.285714285714286,0.5714285714285714,0.0,0.0,0.0,1.380952380952381,2.761904761904762,2.9047619047619047,1.5274725274725274,18.2,0.6,0.0,0.0,0.0,41.2,7,1.2857142857142858,1.7142857142857142,0.14285714285714285,0.0
Himmat Singh,202638,2026-04-26,"Bharat Ratna Shri Atal Bihari Vajpayee Ekana Cricket Stadium, Lucknow",KKR,LSG,0.9411764705882353,8.5,0.5,0.0,0.0,0.0,2.25,4.833333333333333,2.75,0.9411764705882353,8.5,0.5,0.0,0.0,0.0,13.0,2,0.0,0.5,0.0,0.0
George Linde,202638,2026-04-26,"Bharat Ratna Shri Atal Bihari Vajpayee Ekana Cricket Stadium, Lucknow",KKR,LSG,1.3529411764705883,8.5,1.0,1.48,12.5,0.0,2.375,5.166666666666667,3.125,1.3529411764705883,8.5,1.0,1.48,12.5,0.0,17.5,2,2.0,0.0,0.0,0.0
Mohammed Shami,202638,2026-04-26,"Bharat Ratna Shri Atal Bihari Vajpayee Ekana Cricket Stadium, Lucknow",KKR,LSG,1.3333333333333333,2.142857142857143,0.5714285714285714,1.264367816091954,24.857142857142858,1.0,1.4206349206349207,6.476190476190476,0.8452380952380952,1.4615384615384615,2.6,0.6,1.5081967213114753,24.4,0.8,31.6,7,0.14285714285714285,0.2857142857142857,0.2857142857142857,0.0
Prince Yadav,202638,2026-04-26,"Bharat Ratna Shri Atal Bihari Vajpayee Ekana Cricket Stadium, Lucknow",KKR,LSG,0.0,0.0,0.0,1.3454545454545455,23.571428571428573,2.142857142857143,1.9404761904761905,6.904761904761905,0.5714285714285714,0.0,0.0,0.0,1.3949579831932772,23.8,2.0,51.4,7,0.0,0.0,0.2857142857142857,0.0
Mohsin Khan,202638,2026-04-26,"Bharat Ratna Shri Atal Bihari Vajpayee Ekana Cricket Stadium, Lucknow",KKR,LSG,0.0,1.3333333333333333,0.6666666666666666,1.1506849315068493,24.333333333333332,1.3333333333333333,2.5925925925925926,13.666666666666666,1.222222222222222,0.0,1.3333333333333333,0.6666666666666666,1.1506849315068493,24.333333333333332,1.3333333333333333,49.333333333333336,3,0.0,0.0,0.6666666666666666,0.0
Digvesh Singh Rathi,202638,2026-04-26,"Bharat Ratna Shri Atal Bihari Vajpayee Ekana Cricket Stadium, Lucknow",KKR,LSG,0.4,1.0,0.0,1.4754098360655739,24.4,0.6,1.3611111111111112,3.1333333333333333,0.8333333333333334,0.4,1.0,0.0,1.4754098360655739,24.4,0.6,24.2,5,0.0,0.0,0.6,0.0
Vaibhav Arora,202638,2026-04-26,"Bharat Ratna Shri Atal Bihari Vajpayee Ekana Cricket Stadium, Lucknow",KKR,LSG,0.3333333333333333,0.5,0.0,1.756578947368421,25.333333333333332,1.1666666666666667,1.6296296296296298,0.6666666666666666,3.5416666666666665,0.3333333333333333,0.6,0.0,1.68503937007874,25.4,1.2,40.6,6,0.0,0.0,0.16666666666666666,0.0
Varun Chakaravarthy,202638,2026-04-26,"Bharat Ratna Shri Atal Bihari Vajpayee Ekana Cricket Stadium, Lucknow",KKR,LSG,0.0,0.2,0.2,1.4807692307692308,20.8,1.0,1.5944444444444446,0.8,3.2166666666666663,0.0,0.2,0.2,1.4807692307692308,20.8,1.0,32.6,5,0.0,0.0,0.4,0.0
Kartik Tyagi,202638,2026-04-26,"Bharat Ratna Shri Atal Bihari Vajpayee Ekana Cricket Stadium, Lucknow",KKR,LSG,1.2222222222222223,1.5,0.3333333333333333,1.5416666666666667,24.0,1.3333333333333333,1.787037037037037,0.6666666666666666,3.8333333333333335,1.2222222222222223,1.8,0.4,1.495798319327731,23.8,1.4,47.4,6,0.16666666666666666,0.16666666666666666,0.5,0.0
Sahil Parakh,202639,2026-04-27,"Arun Jaitley Stadium, Delhi",DC,RCB,0.0,0.0,0.0,0.0,0.0,0.0,0.0,0.0,0.0,0.0,0.0,0.0,0.0,0.0,0.0,0.0,0,0.0,0.0,0.0,0.0
Nitish Rana,202639,2026-04-27,"Arun Jaitley Stadium, Delhi",DC,RCB,1.5700934579439252,21.4,1.0,2.1153846153846154,5.2,0.2,2.142105263157895,10.533333333333333,1.353846153846154,1.5700934579439252,21.4,1.0,2.1153846153846154,5.2,0.2,55.0,5,4.2,1.6,0.6,0.2
Rahul,202639,2026-04-27,"Arun Jaitley Stadium, Delhi",DC,RCB,1.7761194029850746,28.714285714285715,1.0,0.0,0.0,0.0,2.3947368421052633,16.285714285714285,0.7472527472527473,1.8071065989847717,39.4,1.0,0.0,0.0,0.0,99.6,7,5.142857142857143,2.7142857142857144,0.2857142857142857,0.0
Sameer Rizvi,202639,2026-04-27,"Arun Jaitley Stadium, Delhi",DC,RCB,1.4315068493150684,20.857142857142858,0.7142857142857143,0.0,0.0,0.0,1.6240601503759398,6.523809523809524,0.7472527472527473,1.1951219512195121,8.2,0.8,0.0,0.0,0.0,18.0,7,2.142857142857143,1.8571428571428572,0.2857142857142857,0.0
Tristan Stubbs,202639,2026-04-27,"Arun Jaitley Stadium, Delhi",DC,RCB,1.3333333333333333,24.5,0.3333333333333333,0.0,0.0,0.0,1.780701754385965,1.6666666666666667,0.8717948717948718,1.3771929824561404,22.8,0.4,0.0,0.0,0.0,46.0,6,2.3333333333333335,1.0,0.3333333333333333,0.0
Axar Patel,202639,2026-04-27,"Arun Jaitley Stadium, Delhi",DC,RCB,1.0689655172413792,4.142857142857143,0.5714285714285714,1.4113475177304964,20.142857142857142,1.0,1.3796992481203005,3.4285714285714284,2.5824175824175826,1.1481481481481481,5.4,0.6,1.5918367346938775,19.6,1.0,35.8,7,0.42857142857142855,0.0,0.14285714285714285,0.0
Abishek Porel,202639,2026-04-27,"Arun Jaitley Stadium, Delhi",DC,RCB,0.0,0.0,0.0,0.0,0.0,0.0,0.0,0.0,0.0,0.0,0.0,0.0,0.0,0.0,0.0,0.0,0,0.0,0.0,0.0,0.0
David Miller,202639,2026-04-27,"Arun Jaitley Stadium, Delhi",DC,RCB,1.4246575342465753,10.428571428571429,0.42857142857142855,0.0,0.0,0.0,1.1240601503759398,4.285714285714286,0.8351648351648351,1.537037037037037,10.8,0.6,0.0,0.0,0.0,26.8,7,1.2857142857142858,0.8571428571428571,0.42857142857142855,0.0
Kyle Jamieson,202639,2026-04-27,"Arun Jaitley Stadium, Delhi",DC,RCB,0.0,0.0,0.0,0.0,0.0,0.0,0.0,0.0,0.0,0.0,0.0,0.0,0.0,0.0,0.0,0.0,0,0.0,0.0,0.0,0.0
Kuldeep Yadav,202639,2026-04-27,"Arun Jaitley Stadium, Delhi",DC,RCB,0.6,1.4285714285714286,0.14285714285714285,1.6879432624113475,20.142857142857142,1.0,1.281954887218045,4.190476190476191,2.5824175824175826,0.6,2.0,0.2,1.7676767676767677,19.8,1.0,30.2,7,0.0,0.0,0.14285714285714285,0.0
Dushmantha Chameera,202639,2026-04-27,"Arun Jaitley Stadium, Delhi",DC,RCB,0.0,0.0,0.0,0.0,0.0,0.0,0.0,0.0,0.0,0.0,0.0,0.0,0.0,0.0,0.0,0.0,0,0.0,0.0,0.0,0.0
Jacob Bethell,202639,2026-04-27,"Arun Jaitley Stadium, Delhi",DC,RCB,1.4,10.0,1.0,0.0,0.0,0.0,4.447368421052632,4.0,5.3076923076923075,1.4,10.0,1.0,0.0,0.0,0.0,21.0,1,3.0,0.0,0.0,0.0
Virat Kohli,202639,2026-04-27,"Arun Jaitley Stadium, Delhi",DC,RCB,1.5471698113207548,30.285714285714285,0.8571428571428571,0.0,0.0,0.0,2.2406015037593985,0.5714285714285714,5.098901098901099,1.5098039215686274,30.6,1.0,0.0,0.0,0.0,64.8,7,5.142857142857143,1.7142857142857142,0.5714285714285714,0.0
Devdutt Padikkal,202639,2026-04-27,"Arun Jaitley Stadium, Delhi",DC,RCB,1.793103448275862,19.333333333333332,1.0,0.0,0.0,0.0,2.1447368421052633,0.6666666666666666,4.217948717948718,1.6333333333333333,18.0,1.0,0.0,0.0,0.0,49.0,6,3.1666666666666665,2.1666666666666665,1.1666666666666667,0.0
Bhuvneshwar Kumar,202639,2026-04-27,"Arun Jaitley Stadium, Delhi",DC,RCB,1.2,1.4285714285714286,0.0,1.3371428571428572,25.0,1.5714285714285714,1.7744360902255638,0.5714285714285714,0.7142857142857143,1.2,2.0,0.0,1.2926829268292683,24.6,1.4,44.8,7,0.14285714285714285,0.0,0.14285714285714285,0.0
Josh Hazlewood,202639,2026-04-27,"Arun Jaitley Stadium, Delhi",DC,RCB,0.0,0.0,0.0,1.489795918367347,24.5,1.0,1.8157894736842106,1.0,1.0,0.0,0.0,0.0,1.489795918367347,24.5,1.0,35.0,4,0.0,0.0,0.75,0.0
Rasikh Salam Dar,202639,2026-04-27,"Arun Jaitley Stadium, Delhi",DC,RCB,0.0,0.0,0.0,1.3488372093023255,21.5,1.5,2.0921052631578947,1.0,1.0,0.0,0.0,0.0,1.3488372093023255,21.5,1.5,45.5,4,0.0,0.0,0.25,0.0
Romario Shepherd,202639,2026-04-27,"Arun Jaitley Stadium, Delhi",DC,RCB,1.56,3.5714285714285716,0.2857142857142857,2.40625,9.142857142857142,0.42857142857142855,1.0714285714285714,0.5714285714285714,1.0769230769230769,1.56,5.0,0.4,2.4545454545454546,6.6,0.0,14.8,7,0.42857142857142855,0.2857142857142857,0.14285714285714285,0.0
Suyash Sharma,202639,2026-04-27,"Arun Jaitley Stadium, Delhi",DC,RCB,0.0,0.0,0.0,1.5112781954887218,22.166666666666668,0.8333333333333334,1.2149122807017545,0.6666666666666666,0.6666666666666666,0.0,0.0,0.0,1.5043478260869565,23.0,0.8,24.0,6,0.0,0.0,0.0,0.0
Krunal Pandya,202639,2026-04-27,"Arun Jaitley Stadium, Delhi",DC,RCB,1.2,4.285714285714286,0.14285714285714285,1.5032258064516129,22.142857142857142,1.1428571428571428,1.5150375939849623,0.5714285714285714,1.043956043956044,1.2,6.0,0.2,1.3709677419354838,24.8,1.2,44.2,7,0.42857142857142855,0.2857142857142857,0.14285714285714285,0.0
Natarajan,202639,2026-04-27,"Arun Jaitley Stadium, Delhi",DC,RCB,0.5,0.2857142857142857,0.0,1.5723270440251573,22.714285714285715,0.5714285714285714,0.9962406015037594,1.761904761904762,1.8021978021978022,0.5,0.4,0.0,1.6837606837606838,23.4,0.0,5.8,7,0.0,0.0,0.14285714285714285,0.0
Prabhsimran Singh,202640,2026-04-28,"Maharaja Yadavindra Singh International Cricket Stadium, Mullanpur, New Chandigarh",PBKS,RR,1.8164556962025316,22.571428571428573,0.7142857142857143,0.0,0.0,0.0,2.0805860805860807,6.428571428571429,0.9523809523809524,2.090909090909091,19.8,0.6,0.0,0.0,0.0,65.4,7,4.428571428571429,2.2857142857142856,0.7142857142857143,0.0
Priyansh Arya,202640,2026-04-28,"Maharaja Yadavindra Singh International Cricket Stadium, Mullanpur, New Chandigarh",PBKS,RR,2.330275229357798,18.166666666666668,1.0,0.0,0.0,0.0,2.1025641025641026,12.444444444444445,0.6666666666666666,2.4455445544554455,20.2,1.0,0.0,0.0,0.0,69.4,6,2.6666666666666665,4.166666666666667,0.0,0.0
Cooper Connolly,202640,2026-04-28,"Maharaja Yadavindra Singh International Cricket Stadium, Mullanpur, New Chandigarh",PBKS,RR,1.6,25.0,0.8333333333333334,0.0,0.0,0.0,2.0512820512820515,14.0,0.8444444444444444,1.6153846153846154,20.8,1.0,0.0,0.0,0.0,48.2,6,3.6666666666666665,2.5,0.3333333333333333,0.0
Shreyas Iyer,202640,2026-04-28,"Maharaja Yadavindra Singh International Cricket Stadium, Mullanpur, New Chandigarh",PBKS,RR,1.7770700636942676,26.166666666666668,0.6666666666666666,0.0,0.0,0.0,2.3162393162393164,7.722222222222222,0.8444444444444444,1.7876712328767124,29.2,0.6,0.0,0.0,0.0,75.2,6,2.8333333333333335,3.5,0.3333333333333333,0.0
Marcus Stoinis,202640,2026-04-28,"Maharaja Yadavindra Singh International Cricket Stadium, Mullanpur, New Chandigarh",PBKS,RR,1.6,6.0,0.4,1.8666666666666667,3.0,0.0,1.1282051282051282,3.5333333333333337,0.9066666666666666,1.6,6.0,0.4,1.8666666666666667,3.0,0.0,16.8,5,1.2,0.4,0.2,0.0
Suryansh Shedge,202640,2026-04-28,"Maharaja Yadavindra Singh International Cricket Stadium, Mullanpur, New Chandigarh",PBKS,RR,0.0,0.0,0.0,0.0,0.0,0.0,0.0,0.0,0.0,0.0,0.0,0.0,0.0,0.0,0.0,0.0,0,0.0,0.0,0.0,0.0
Yashasvi Jaiswal,202640,2026-04-28,"Maharaja Yadavindra Singh International Cricket Stadium, Mullanpur, New Chandigarh",PBKS,RR,1.4350282485875707,22.125,0.75,0.0,0.0,0.0,1.5865384615384615,0.5,3.191666666666667,1.2352941176470589,13.6,1.0,0.0,0.0,0.0,24.4,8,3.625,1.5,0.25,0.0
Vaibhav Sooryavanshi,202640,2026-04-28,"Maharaja Yadavindra Singh International Cricket Stadium, Mullanpur, New Chandigarh",PBKS,RR,2.2884615384615383,19.5,1.0,0.0,0.0,0.0,2.0705128205128207,0.5,4.583333333333333,2.2596153846153846,20.8,1.0,0.0,0.0,0.0,69.6,8,3.875,4.0,0.0,0.0
Dhruv Jurel,202640,2026-04-28,"Maharaja Yadavindra Singh International Cricket Stadium, Mullanpur, New Chandigarh",PBKS,RR,1.54,18.75,0.875,0.0,0.0,0.0,1.7371794871794872,0.5,2.95,1.4782608695652173,18.4,0.8,0.0,0.0,0.0,50.4,8,3.125,1.125,1.375,0.0
Riyan Parag,202640,2026-04-28,"Maharaja Yadavindra Singh International Cricket Stadium, Mullanpur, New Chandigarh",PBKS,RR,1.0864197530864197,10.125,0.875,1.52,3.125,0.25,1.0705128205128205,0.5,1.3666666666666667,0.8363636363636363,11.0,1.0,1.4210526315789473,3.8,0.2,24.2,8,0.75,0.625,0.375,0.0
Donovan Ferreira,202640,2026-04-28,"Maharaja Yadavindra Singh International Cricket Stadium, Mullanpur, New Chandigarh",PBKS,RR,1.4285714285714286,15.166666666666666,0.8333333333333334,2.3333333333333335,1.0,0.16666666666666666,1.6495726495726497,0.6666666666666666,2.5,1.4659090909090908,17.6,0.8,2.3333333333333335,1.2,0.2,49.8,6,2.1666666666666665,1.1666666666666667,0.8333333333333334,0.0
Shubham Dubey,202640,2026-04-28,"Maharaja Yadavindra Singh International Cricket Stadium, Mullanpur, New Chandigarh",PBKS,RR,1.7272727272727273,11.0,0.0,0.0,0.0,0.0,4.564102564102564,4.0,5.466666666666667,1.7272727272727273,11.0,0.0,0.0,0.0,0.0,26.0,1,3.0,0.0,0.0,0.0
Jofra Archer,202640,2026-04-28,"Maharaja Yadavindra Singh International Cricket Stadium, Mullanpur, New Chandigarh",PBKS,RR,0.8125,2.0,0.125,1.3055555555555556,22.5,1.875,1.8557692307692308,0.5,0.6166666666666667,0.8571428571428571,2.8,0.2,1.347457627118644,23.6,2.2,63.8,8,0.125,0.0,0.5,0.125
Nandre Burger,202640,2026-04-28,"Maharaja Yadavindra Singh International Cricket Stadium, Mullanpur, New Chandigarh",PBKS,RR,0.6,0.625,0.0,1.5828220858895705,20.375,1.0,1.189102564102564,0.5,0.525,0.6,1.0,0.0,1.6504854368932038,20.6,0.6,19.6,8,0.0,0.0,0.0,0.0
Brijesh Sharma,202640,2026-04-28,"Maharaja Yadavindra Singh International Cricket Stadium, Mullanpur, New Chandigarh",PBKS,RR,0.3333333333333333,0.6,0.0,1.3663366336633664,20.2,1.4,1.7435897435897434,0.8,0.8133333333333332,0.3333333333333333,0.6,0.0,1.3663366336633664,20.2,1.4,40.8,5,0.0,0.0,0.2,0.0
Yash Raj Punja,202640,2026-04-28,"Maharaja Yadavindra Singh International Cricket Stadium, Mullanpur, New Chandigarh",PBKS,RR,0.0,0.0,0.0,1.0833333333333333,24.0,1.0,4.641025641025641,4.0,4.0,0.0,0.0,0.0,1.0833333333333333,24.0,1.0,29.0,1,0.0,0.0,0.0,0.0
Ravindra Jadeja,202640,2026-04-28,"Maharaja Yadavindra Singh International Cricket Stadium, Mullanpur, New Chandigarh",PBKS,RR,1.1891891891891893,15.857142857142858,0.2857142857142857,1.164835164835165,13.0,0.8571428571428571,1.6813186813186813,0.5714285714285714,1.9523809523809523,1.2135922330097086,20.6,0.4,1.0163934426229508,12.2,0.8,51.4,7,1.5714285714285714,0.14285714285714285,0.14285714285714285,0.0
Arshdeep Singh,202640,2026-04-28,"Maharaja Yadavindra Singh International Cricket Stadium, Mullanpur, New Chandigarh",PBKS,RR,0.0,0.0,0.0,1.5028901734104045,24.714285714285715,1.0,1.358974358974359,5.857142857142857,2.619047619047619,0.0,0.0,0.0,1.543859649122807,22.8,1.4,41.4,7,0.0,0.0,0.42857142857142855,0.0
Lockie Ferguson,202640,2026-04-28,"Maharaja Yadavindra Singh International Cricket Stadium, Mullanpur, New Chandigarh",PBKS,RR,0.0,0.0,0.0,0.0,0.0,0.0,0.0,0.0,0.0,0.0,0.0,0.0,0.0,0.0,0.0,0.0,0,0.0,0.0,0.0,0.0
Marco Jansen,202640,2026-04-28,"Maharaja Yadavindra Singh International Cricket Stadium, Mullanpur, New Chandigarh",PBKS,RR,0.7692307692307693,2.1666666666666665,0.16666666666666666,1.4864864864864864,24.666666666666668,0.8333333333333334,1.3205128205128205,6.388888888888889,2.2333333333333334,1.0,0.2,0.0,1.6129032258064515,24.8,0.8,25.8,6,0.0,0.16666666666666666,0.3333333333333333,0.0
Harpreet Brar,202640,2026-04-28,"Maharaja Yadavindra Singh International Cricket Stadium, Mullanpur, New Chandigarh",PBKS,RR,0.0,0.0,0.0,0.0,0.0,0.0,0.0,0.0,0.0,0.0,0.0,0.0,0.0,0.0,0.0,0.0,0,0.0,0.0,0.0,0.0
Yuzvendra Chahal,202640,2026-04-28,"Maharaja Yadavindra Singh International Cricket Stadium, Mullanpur, New Chandigarh",PBKS,RR,0.0,0.0,0.0,1.5147058823529411,22.666666666666668,0.8333333333333334,1.2136752136752136,4.833333333333333,2.088888888888889,0.0,0.0,0.0,1.5945945945945945,22.2,0.6,19.6,6,0.0,0.0,0.3333333333333333,0.0
Will Jacks,202641,2026-04-29,"Wankhede Stadium, Mumbai",MI,SRH,0.0,0.0,0.0,0.0,0.0,0.0,0.0,0.0,0.0,0.0,0.0,0.0,0.0,0.0,0.0,0.0,0,0.0,0.0,0.0,0.0
Ryan Rickelton,202641,2026-04-29,"Wankhede Stadium, Mumbai",MI,SRH,1.5393258426966292,17.8,1.0,0.0,0.0,0.0,1.73,8.65,0.9066666666666666,1.5393258426966292,17.8,1.0,0.0,0.0,0.0,41.2,5,1.8,2.4,0.2,0.0
Suryakumar Yadav,202641,2026-04-29,"Wankhede Stadium, Mumbai",MI,SRH,1.353448275862069,16.571428571428573,1.0,0.0,0.0,0.0,1.2714285714285716,4.285714285714286,0.6476190476190476,1.3043478260869565,13.8,1.0,0.0,0.0,0.0,26.2,7,2.4285714285714284,0.5714285714285714,0.14285714285714285,0.0
Naman Dhir,202641,2026-04-29,"Wankhede Stadium, Mumbai",MI,SRH,1.4807692307692308,14.857142857142858,0.8571428571428571,0.0,0.0,0.0,1.3964285714285716,3.7142857142857144,0.9904761904761905,1.4938271604938271,16.2,1.0,0.0,0.0,0.0,42.6,7,2.142857142857143,0.8571428571428571,0.7142857142857143,0.0
Hardik Pandya,202641,2026-04-29,"Wankhede Stadium, Mumbai",MI,SRH,1.3661971830985915,11.833333333333334,0.8333333333333334,1.91,16.666666666666668,0.5,1.5166666666666666,7.0,1.6777777777777778,1.3166666666666667,12.0,1.0,1.8875,16.0,0.4,34.0,6,2.0,0.3333333333333333,0.3333333333333333,0.0
Tilak Varma,202641,2026-04-29,"Wankhede Stadium, Mumbai",MI,SRH,1.6454545454545455,15.714285714285714,0.8571428571428571,0.0,0.0,0.0,1.6214285714285714,4.464285714285714,1.1047619047619048,1.7127659574468086,18.8,0.8,0.0,0.0,0.0,53.6,7,3.0,1.0,1.0,0.0
Robin Minz,202641,2026-04-29,"Wankhede Stadium, Mumbai",MI,SRH,0.0,0.0,0.0,0.0,0.0,0.0,0.0,0.0,0.0,0.0,0.0,0.0,0.0,0.0,0.0,0.0,0,0.0,0.0,0.0,0.0
Abhishek Sharma,202641,2026-04-29,"Wankhede Stadium, Mumbai",MI,SRH,1.9095477386934674,24.875,1.0,2.0588235294117645,2.125,0.0,2.1875,0.5,4.8,1.9938650306748467,32.6,1.0,1.8181818181818181,2.2,0.0,98.6,8,4.5,3.5,0.375,0.0
Travis Head,202641,2026-04-29,"Wankhede Stadium, Mumbai",MI,SRH,1.3676470588235294,17.0,1.0,0.0,0.0,0.0,1.2,0.5,2.3666666666666667,1.2708333333333333,19.2,1.0,0.0,0.0,0.0,33.0,8,2.75,1.0,0.0,0.0
Ishan Kishan,202641,2026-04-29,"Wankhede Stadium, Mumbai",MI,SRH,1.9202453987730062,20.375,0.875,0.0,0.0,0.0,1.89375,0.5,3.85,1.954954954954955,22.2,0.8,0.0,0.0,0.0,62.6,8,4.375,2.0,0.5,0.125
Heinrich Klaasen,202641,2026-04-29,"Wankhede Stadium, Mumbai",MI,SRH,1.430327868852459,30.5,0.875,0.0,0.0,0.0,2.00625,0.5,4.05,1.446808510638298,28.2,0.8,0.0,0.0,0.0,61.2,8,3.125,1.75,0.875,0.0
Nitish Reddy,202641,2026-04-29,"Wankhede Stadium, Mumbai",MI,SRH,1.638095238095238,13.125,0.75,1.6446280991735538,15.125,0.625,1.74375,0.5,2.308333333333333,1.853658536585366,8.2,0.6,1.6153846153846154,18.2,0.6,47.4,8,1.125,1.75,0.875,0.0
Salil Arora,202641,2026-04-29,"Wankhede Stadium, Mumbai",MI,SRH,1.4318181818181819,7.333333333333333,0.6666666666666666,0.0,0.0,0.0,1.0791666666666666,0.6666666666666666,1.5,1.4210526315789473,7.6,0.6,0.0,0.0,0.0,21.6,6,0.6666666666666666,0.8333333333333334,0.5,0.0
Pat Cummins,202641,2026-04-29,"Wankhede Stadium, Mumbai",MI,SRH,0.0,0.0,0.0,1.125,24.0,1.0,4.625,4.0,4.0,0.0,0.0,0.0,1.125,24.0,1.0,29.0,1,0.0,0.0,0.0,0.0
Praful Hinge,202641,2026-04-29,"Wankhede Stadium, Mumbai",MI,SRH,0.0,0.3333333333333333,0.0,1.8461538461538463,26.0,2.0,2.716666666666667,1.3333333333333333,1.3333333333333333,0.0,0.3333333333333333,0.0,1.8461538461538463,26.0,2.0,59.333333333333336,3,0.0,0.0,0.3333333333333333,0.0
Eshan Malinga,202641,2026-04-29,"Wankhede Stadium, Mumbai",MI,SRH,0.0,0.0,0.0,1.4488636363636365,22.0,1.875,1.69375,0.5,0.5,0.0,0.0,0.0,1.4666666666666666,24.0,2.2,61.4,8,0.0,0.0,0.125,0.125
Harsh Dubey,202641,2026-04-29,"Wankhede Stadium, Mumbai",MI,SRH,1.1818181818181819,1.8333333333333333,0.3333333333333333,1.3457943925233644,17.833333333333332,1.3333333333333333,1.6875,0.6666666666666666,0.811111111111111,1.4285714285714286,1.4,0.2,1.2247191011235956,17.8,1.4,45.8,6,0.3333333333333333,0.0,0.3333333333333333,0.0
Sakib Hussain,202641,2026-04-29,"Wankhede Stadium, Mumbai",MI,SRH,0.0,0.0,0.0,1.3867924528301887,26.5,1.75,2.19375,1.0,1.0,0.0,0.0,0.0,1.3867924528301887,26.5,1.75,51.75,4,0.0,0.0,0.25,0.0
Trent Boult,202641,2026-04-29,"Wankhede Stadium, Mumbai",MI,SRH,0.5,0.6666666666666666,0.3333333333333333,1.8333333333333333,20.0,0.3333333333333333,1.55,3.4166666666666665,1.888888888888889,0.5,0.6666666666666666,0.3333333333333333,1.8333333333333333,20.0,0.3333333333333333,12.666666666666666,3,0.0,0.0,0.0,0.0
Jasprit Bumrah,202641,2026-04-29,"Wankhede Stadium, Mumbai",MI,SRH,0.875,1.1428571428571428,0.14285714285714285,1.2694610778443114,23.857142857142858,0.42857142857142855,0.85,1.8214285714285714,1.238095238095238,0.875,1.6,0.2,1.3448275862068966,23.2,0.4,17.2,7,0.14285714285714285,0.0,0.14285714285714285,0.14285714285714285
AM Ghazanfar,202641,2026-04-29,"Wankhede Stadium, Mumbai",MI,SRH,0.0,0.0,0.0,1.4038461538461537,20.8,1.6,1.8,5.8,3.4666666666666663,0.0,0.0,0.0,1.4038461538461537,20.8,1.6,44.0,5,0.0,0.0,0.0,0.0
Ashwani Kumar,202641,2026-04-29,"Wankhede Stadium, Mumbai",MI,SRH,0.16666666666666666,3.0,0.0,1.196078431372549,25.5,3.0,4.1375,8.375,7.666666666666667,0.16666666666666666,3.0,0.0,1.196078431372549,25.5,3.0,89.5,2,0.0,0.0,0.0,0.0
Jacob Bethell,202642,2026-04-30,"Narendra Modi Stadium, Ahmedabad",RCB,GT,1.619047619047619,10.5,1.0,0.0,0.0,0.0,2.5121951219512195,2.0,2.0,1.619047619047619,10.5,1.0,0.0,0.0,0.0,25.0,2,2.0,1.0,0.0,0.0
Virat Kohli,202642,2026-04-30,"Narendra Modi Stadium, Ahmedabad",RCB,GT,1.5462555066079295,28.375,0.75,0.0,0.0,0.0,1.9390243902439024,0.5,0.7666666666666667,1.4701986754966887,30.2,0.8,0.0,0.0,0.0,61.0,8,4.625,1.75,0.5,0.0
Devdutt Padikkal,202642,2026-04-30,"Narendra Modi Stadium, Ahmedabad",RCB,GT,1.875968992248062,18.428571428571427,0.8571428571428571,0.0,0.0,0.0,1.951219512195122,0.5714285714285714,1.2952380952380953,1.7945205479452055,14.6,0.8,0.0,0.0,0.0,44.2,7,3.142857142857143,2.2857142857142856,1.2857142857142858,0.0
Rajat Patidar,202642,2026-04-30,"Narendra Modi Stadium, Ahmedabad",RCB,GT,1.9426229508196722,17.428571428571427,0.8571428571428571,0.0,0.0,0.0,1.7665505226480835,0.5714285714285714,0.8761904761904763,1.8160919540229885,17.4,1.0,0.0,0.0,0.0,49.4,7,1.7142857142857142,3.2857142857142856,0.5714285714285714,0.0
Jitesh Sharma,202642,2026-04-30,"Narendra Modi Stadium, Ahmedabad",RCB,GT,1.1454545454545455,6.875,0.75,0.0,0.0,0.0,0.9512195121951219,0.5,1.1333333333333333,1.2666666666666666,9.0,0.8,0.0,0.0,0.0,28.0,8,0.625,0.375,1.125,0.0
Tim David,202642,2026-04-30,"Narendra Modi Stadium, Ahmedabad",RCB,GT,1.8673469387755102,14.0,0.2857142857142857,3.0,0.8571428571428571,0.0,1.4111498257839723,0.5714285714285714,0.6476190476190476,1.5901639344262295,12.2,0.4,3.0,1.2,0.0,29.0,7,1.7142857142857142,2.142857142857143,0.14285714285714285,0.0
Krunal Pandya,202642,2026-04-30,"Narendra Modi Stadium, Ahmedabad",RCB,GT,1.2,3.75,0.125,1.4491017964071857,20.875,1.125,1.3414634146341464,0.5,2.441666666666667,1.4583333333333333,4.8,0.0,1.3303571428571428,22.4,1.0,37.4,8,0.375,0.25,0.125,0.0
Romario Shepherd,202642,2026-04-30,"Narendra Modi Stadium, Ahmedabad",RCB,GT,1.56,3.125,0.25,2.3026315789473686,9.5,0.375,0.9054878048780488,0.5,1.225,1.2142857142857142,2.8,0.2,2.5454545454545454,6.6,0.0,9.6,8,0.375,0.25,0.125,0.0
Bhuvneshwar Kumar,202642,2026-04-30,"Narendra Modi Stadium, Ahmedabad",RCB,GT,1.2,1.25,0.0,1.231958762886598,24.25,1.75,1.7896341463414633,0.5,3.9166666666666665,1.5,0.4,0.0,1.076271186440678,23.6,2.0,63.4,8,0.125,0.0,0.125,0.0
Venkatesh Iyer,202642,2026-04-30,"Narendra Modi Stadium, Ahmedabad",RCB,GT,1.8125,16.0,0.0,0.0,0.0,0.0,4.829268292682927,4.0,4.0,1.8125,16.0,0.0,0.0,0.0,0.0,38.0,1,1.0,2.0,0.0,0.0
Josh Hazlewood,202642,2026-04-30,"Narendra Modi Stadium, Ahmedabad",RCB,GT,0.0,0.0,0.0,1.3277310924369747,23.8,1.6,1.9317073170731707,0.8,3.893333333333333,0.0,0.0,0.0,1.3277310924369747,23.8,1.6,50.4,5,0.0,0.0,0.6,0.0
Sai Sudharsan,202642,2026-04-30,"Narendra Modi Stadium, Ahmedabad",RCB,GT,1.5862068965517242,25.375,1.0,0.0,0.0,0.0,1.8597560975609757,5.541666666666667,4.05,1.635036496350365,27.4,1.0,0.0,0.0,0.0,64.2,8,4.0,2.125,0.125,0.125
Shubman Gill,202642,2026-04-30,"Narendra Modi Stadium, Ahmedabad",RCB,GT,1.434782608695652,32.857142857142854,0.8571428571428571,0.0,0.0,0.0,2.146341463414634,6.6190476190476195,4.495238095238095,1.4258064516129032,31.0,0.8,0.0,0.0,0.0,62.2,7,4.285714285714286,2.0,0.7142857142857143,0.0
Jos Buttler,202642,2026-04-30,"Narendra Modi Stadium, Ahmedabad",RCB,GT,1.4917127071823204,22.625,0.875,0.0,0.0,0.0,1.8018292682926829,5.166666666666667,3.325,1.4528301886792452,21.2,0.8,0.0,0.0,0.0,52.4,8,3.875,1.375,1.125,0.125
Washington Sundar,202642,2026-04-30,"Narendra Modi Stadium, Ahmedabad",RCB,GT,1.4017857142857142,14.0,0.625,1.6451612903225807,3.875,0.125,1.2317073170731707,2.5833333333333335,2.091666666666667,1.3559322033898304,11.8,0.4,2.1666666666666665,1.2,0.0,25.8,8,2.25,0.5,0.375,0.0
Shahrukh Khan,202642,2026-04-30,"Narendra Modi Stadium, Ahmedabad",RCB,GT,1.3461538461538463,4.333333333333333,0.3333333333333333,0.0,0.0,0.0,0.8983739837398375,2.722222222222222,1.1222222222222222,1.55,4.0,0.2,0.0,0.0,0.0,14.6,6,0.3333333333333333,0.3333333333333333,0.3333333333333333,0.0
Rahul Tewatia,202642,2026-04-30,"Narendra Modi Stadium, Ahmedabad",RCB,GT,1.065217391304348,7.666666666666667,0.3333333333333333,0.0,0.0,0.0,0.9552845528455284,2.388888888888889,1.277777777777778,1.1176470588235294,6.8,0.4,0.0,0.0,0.0,15.8,6,0.6666666666666666,0.16666666666666666,0.3333333333333333,0.0
Jason Holder,202642,2026-04-30,"Narendra Modi Stadium, Ahmedabad",RCB,GT,2.3,5.0,0.0,1.183673469387755,24.5,0.5,2.841463414634146,2.0,2.933333333333333,2.3,5.0,0.0,1.183673469387755,24.5,0.5,38.5,2,0.5,1.0,1.0,0.0
Rashid Khan,202642,2026-04-30,"Narendra Modi Stadium, Ahmedabad",RCB,GT,1.0769230769230769,3.25,0.375,1.4692737430167597,22.375,1.0,1.2408536585365855,3.875,0.7583333333333333,0.6666666666666666,1.2,0.2,1.6952380952380952,21.0,0.6,19.8,8,0.375,0.0,0.125,0.0
Mohammed Siraj,202642,2026-04-30,"Narendra Modi Stadium, Ahmedabad",RCB,GT,0.0,0.5,0.125,1.312849162011173,22.375,1.125,1.25,5.583333333333333,0.48333333333333334,0.0,0.8,0.2,1.0434782608695652,23.0,1.2,39.2,8,0.0,0.0,0.375,0.0
Kagiso Rabada,202642,2026-04-30,"Narendra Modi Stadium, Ahmedabad",RCB,GT,1.1290322580645162,3.875,0.125,1.5257731958762886,24.25,1.625,1.7652439024390243,12.416666666666666,0.85,0.8571428571428571,2.8,0.2,1.5284552845528456,24.6,2.0,66.4,8,0.375,0.25,0.375,0.0
Arshad Khan,202642,2026-04-30,"Narendra Modi Stadium, Ahmedabad",RCB,GT,0.0,0.0,0.0,1.72,25.0,2.0,5.219512195121951,4.0,4.0,0.0,0.0,0.0,1.72,25.0,2.0,54.0,1,0.0,0.0,0.0,0.0
Suyash Sharma,202642,2026-04-30,"Narendra Modi Stadium, Ahmedabad",RCB,GT,0.0,0.0,0.0,1.3,22.857142857142858,0.8571428571428571,1.2195121951219512,0.5714285714285714,2.3428571428571425,0.0,0.0,0.0,1.347457627118644,23.6,0.8,31.2,7,0.0,0.0,0.0,0.0
Yashasvi Jaiswal,202643,2026-05-01,"Sawai Mansingh Stadium, Jaipur",RR,DC,1.4878048780487805,22.77777777777778,0.7777777777777778,0.0,0.0,0.0,1.5211640211640212,1.7777777777777777,0.5490196078431373,1.3863636363636365,17.6,1.0,0.0,0.0,0.0,34.6,9,4.0,1.4444444444444444,0.2222222222222222,0.0
Dhruv Jurel,202643,2026-05-01,"Sawai Mansingh Stadium, Jaipur",RR,DC,1.4529411764705882,18.88888888888889,0.8888888888888888,0.0,0.0,0.0,1.5343915343915344,8.88888888888889,1.0980392156862746,1.0441176470588236,13.6,1.0,0.0,0.0,0.0,33.4,9,2.7777777777777777,1.1111111111111112,1.3333333333333333,0.0
Vaibhav Sooryavanshi,202643,2026-05-01,"Sawai Mansingh Stadium, Jaipur",RR,DC,2.3121387283236996,19.22222222222222,1.0,0.0,0.0,0.0,1.8888888888888888,17.77777777777778,0.4444444444444444,2.1052631578947367,19.0,1.0,0.0,0.0,0.0,59.2,9,3.7777777777777777,4.111111111111111,0.0,0.0
Riyan Parag,202643,2026-05-01,"Sawai Mansingh Stadium, Jaipur",RR,DC,1.2061855670103092,10.777777777777779,0.8888888888888888,1.52,2.7777777777777777,0.2222222222222222,1.0291005291005293,1.2222222222222223,0.9803921568627452,1.0909090909090908,13.2,1.0,1.4210526315789473,3.8,0.2,32.2,9,0.8888888888888888,0.7777777777777778,0.4444444444444444,0.0
Ravindra Jadeja,202643,2026-05-01,"Sawai Mansingh Stadium, Jaipur",RR,DC,1.1891891891891893,13.875,0.25,1.2347826086956522,14.375,0.75,1.4017857142857142,1.125,1.661764705882353,1.3116883116883118,15.4,0.4,1.1506849315068493,14.6,0.6,41.4,8,1.375,0.125,0.125,0.0
Donovan Ferreira,202643,2026-05-01,"Sawai Mansingh Stadium, Jaipur",RR,DC,1.5423728813559323,16.857142857142858,0.7142857142857143,2.3333333333333335,0.8571428571428571,0.14285714285714285,1.6258503401360545,11.285714285714286,1.184873949579832,1.5739130434782609,23.0,0.8,2.3333333333333335,1.2,0.2,64.2,7,2.7142857142857144,1.4285714285714286,0.8571428571428571,0.0
Shubham Dubey,202643,2026-05-01,"Sawai Mansingh Stadium, Jaipur",RR,DC,2.0833333333333335,12.0,0.0,0.0,0.0,0.0,2.7142857142857144,2.0,2.0,2.0833333333333335,12.0,0.0,0.0,0.0,0.0,34.0,2,3.0,1.0,0.0,0.0
Jofra Archer,202643,2026-05-01,"Sawai Mansingh Stadium, Jaipur",RR,DC,0.8125,1.7777777777777777,0.1111111111111111,1.3676470588235294,22.666666666666668,1.7777777777777777,1.6296296296296295,7.111111111111111,3.2810457516339873,0.8571428571428571,2.8,0.2,1.3709677419354838,24.8,2.0,58.8,9,0.1111111111111111,0.0,0.4444444444444444,0.1111111111111111
Pathum Nissanka,202643,2026-05-01,"Sawai Mansingh Stadium, Jaipur",RR,DC,1.4455445544554455,14.428571428571429,1.0,0.0,0.0,0.0,1.2210884353741496,0.5714285714285714,2.0420168067226894,1.578125,12.8,1.0,0.0,0.0,0.0,31.6,7,2.7142857142857144,0.7142857142857143,0.2857142857142857,0.0
Rahul,202643,2026-05-01,"Sawai Mansingh Stadium, Jaipur",RR,DC,1.7549019607843137,25.5,1.0,0.0,0.0,0.0,1.9464285714285714,0.5,3.9558823529411766,1.8402777777777777,28.8,0.8,0.0,0.0,0.0,76.0,8,4.5,2.375,0.25,0.0
Nitish Rana,202643,2026-05-01,"Sawai Mansingh Stadium, Jaipur",RR,DC,1.456896551724138,19.333333333333332,1.0,2.1153846153846154,4.333333333333333,0.16666666666666666,1.6825396825396826,0.6666666666666666,2.823529411764706,1.6041666666666667,19.2,1.0,2.1153846153846154,5.2,0.2,51.4,6,3.5,1.3333333333333333,0.5,0.16666666666666666
Tristan Stubbs,202643,2026-05-01,"Sawai Mansingh Stadium, Jaipur",RR,DC,1.34,21.428571428571427,0.42857142857142855,0.0,0.0,0.0,1.45578231292517,0.5714285714285714,2.6218487394957983,1.407079646017699,22.6,0.6,0.0,0.0,0.0,45.0,7,2.142857142857143,0.8571428571428571,0.2857142857142857,0.0
Ashutosh Sharma,202643,2026-05-01,"Sawai Mansingh Stadium, Jaipur",RR,DC,1.5714285714285714,10.5,1.0,0.0,0.0,0.0,2.4761904761904763,2.0,3.176470588235294,1.5714285714285714,10.5,1.0,0.0,0.0,0.0,24.0,2,1.5,1.0,0.0,0.0
Mitchell Starc,202643,2026-05-01,"Sawai Mansingh Stadium, Jaipur",RR,DC,0.0,0.0,0.0,0.0,0.0,0.0,0.0,0.0,0.0,0.0,0.0,0.0,0.0,0.0,0.0,0.0,0,0.0,0.0,0.0,0.0
Kyle Jamieson,202643,2026-05-01,"Sawai Mansingh Stadium, Jaipur",RR,DC,0.8571428571428571,14.0,1.0,2.3333333333333335,18.0,1.0,4.9523809523809526,4.0,4.882352941176471,0.8571428571428571,14.0,1.0,2.3333333333333335,18.0,1.0,44.0,1,1.0,1.0,0.0,0.0
Axar Patel,202643,2026-05-01,"Sawai Mansingh Stadium, Jaipur",RR,DC,0.96875,4.0,0.625,1.3877551020408163,18.375,0.875,1.1339285714285714,0.5,0.7205882352941176,1.0740740740740742,5.4,0.6,1.5176470588235293,17.0,1.0,35.0,8,0.375,0.0,0.125,0.0
Kuldeep Yadav,202643,2026-05-01,"Sawai Mansingh Stadium, Jaipur",RR,DC,0.391304347826087,2.875,0.25,1.6879432624113475,17.625,0.875,1.0714285714285714,0.5,0.5661764705882353,0.36363636363636365,4.4,0.4,1.7733333333333334,15.0,0.8,25.6,8,0.0,0.0,0.125,0.0
Natarajan,202643,2026-05-01,"Sawai Mansingh Stadium, Jaipur",RR,DC,0.5,0.25,0.0,1.617283950617284,20.25,0.5,0.8601190476190477,0.5,0.5073529411764706,0.5,0.4,0.0,1.8229166666666667,19.2,0.0,7.4,8,0.0,0.0,0.25,0.0
Nandre Burger,202643,2026-05-01,"Sawai Mansingh Stadium, Jaipur",RR,DC,0.6,0.5555555555555556,0.0,1.695187165775401,20.77777777777778,1.0,1.1005291005291005,0.4444444444444444,2.045751633986928,0.6,1.0,0.0,1.787037037037037,21.6,0.8,26.2,9,0.0,0.0,0.1111111111111111,0.0
Tushar Deshpande,202643,2026-05-01,"Sawai Mansingh Stadium, Jaipur",RR,DC,2.272727272727273,2.75,0.25,1.9487179487179487,19.5,0.75,1.6785714285714286,1.0,2.2205882352941178,2.272727272727273,2.75,0.25,1.9487179487179487,19.5,0.75,32.5,4,0.0,0.75,0.25,0.0
Brijesh Sharma,202643,2026-05-01,"Sawai Mansingh Stadium, Jaipur",RR,DC,0.3333333333333333,0.5,0.0,1.4285714285714286,21.0,1.1666666666666667,1.396825396825397,9.0,2.4607843137254903,0.3333333333333333,0.6,0.0,1.5377358490566038,21.2,1.2,35.8,6,0.0,0.0,0.16666666666666666,0.0
Ravi Bishnoi,202643,2026-05-01,"Sawai Mansingh Stadium, Jaipur",RR,DC,0.0,0.375,0.25,1.490066225165563,18.875,1.375,1.375,1.5,2.6911764705882355,0.0,0.6,0.4,1.5052631578947369,19.0,0.6,21.4,8,0.0,0.0,0.625,0.0
Will Jacks,202644,2026-05-02,"MA Chidambaram Stadium, Chennai",MI,CSK,2.0,23.0,1.0,3.1666666666666665,6.0,0.0,5.511627906976744,4.0,4.533333333333333,2.0,23.0,1.0,3.1666666666666665,6.0,0.0,69.0,1,5.0,3.0,1.0,0.0
Ryan Rickelton,202644,2026-05-02,"MA Chidambaram Stadium, Chennai",MI,CSK,1.7567567567567568,24.666666666666668,0.8333333333333334,0.0,0.0,0.0,2.058139534883721,0.6666666666666666,0.7555555555555555,1.7211538461538463,20.8,0.8,0.0,0.0,0.0,54.0,6,3.1666666666666665,3.3333333333333335,0.16666666666666666,0.0
Naman Dhir,202644,2026-05-02,"MA Chidambaram Stadium, Chennai",MI,CSK,1.4426229508196722,15.25,0.875,0.0,0.0,0.0,1.244186046511628,0.5,0.8666666666666667,1.372093023255814,17.2,1.0,0.0,0.0,0.0,41.6,8,2.25,0.75,0.625,0.0
Suryakumar Yadav,202644,2026-05-02,"MA Chidambaram Stadium, Chennai",MI,CSK,1.3388429752066116,15.125,1.0,0.0,0.0,0.0,1.1104651162790697,0.5,0.6333333333333333,1.2714285714285714,14.0,1.0,0.0,0.0,0.0,27.4,8,2.25,0.5,0.25,0.0
Tilak Varma,202644,2026-05-02,"MA Chidambaram Stadium, Chennai",MI,CSK,1.6347826086956523,14.375,0.875,0.0,0.0,0.0,1.380813953488372,0.5,0.9666666666666667,1.75,17.6,0.8,0.0,0.0,0.0,49.0,8,2.625,1.0,0.875,0.0
Hardik Pandya,202644,2026-05-02,"MA Chidambaram Stadium, Chennai",MI,CSK,1.471264367816092,12.428571428571429,0.8571428571428571,1.853658536585366,17.571428571428573,0.5714285714285714,1.4551495016611296,0.5714285714285714,1.676190476190476,1.4428571428571428,14.0,1.0,1.879120879120879,18.2,0.6,44.2,7,2.0,0.5714285714285714,0.2857142857142857,0.0
Robin Minz,202644,2026-05-02,"MA Chidambaram Stadium, Chennai",MI,CSK,1.0,1.0,0.0,0.0,0.0,0.0,4.023255813953488,4.0,4.0,1.0,1.0,0.0,0.0,0.0,0.0,5.0,1,0.0,0.0,0.0,0.0
Krish Bhagat,202644,2026-05-02,"MA Chidambaram Stadium, Chennai",MI,CSK,0.4666666666666667,7.5,0.5,1.7083333333333333,12.0,0.0,2.1744186046511627,2.0,2.2666666666666666,0.4666666666666667,7.5,0.5,1.7083333333333333,12.0,0.0,11.5,2,0.0,0.0,0.5,0.0
Trent Boult,202644,2026-05-02,"MA Chidambaram Stadium, Chennai",MI,CSK,0.5,0.5,0.25,1.7647058823529411,21.25,0.5,1.3430232558139534,1.0,1.9666666666666666,0.5,0.5,0.25,1.7647058823529411,21.25,0.5,18.75,4,0.0,0.0,0.25,0.0
Sanju Samson,202644,2026-05-02,"MA Chidambaram Stadium, Chennai",MI,CSK,1.6521739130434783,23.0,0.75,0.0,0.0,0.0,1.752906976744186,8.03125,3.9583333333333335,1.7195121951219512,32.8,0.6,0.0,0.0,0.0,85.0,8,4.125,1.875,0.25,0.0
Ruturaj Gaikwad,202644,2026-05-02,"MA Chidambaram Stadium, Chennai",MI,CSK,1.1265822784810127,19.75,0.875,0.0,0.0,0.0,1.194767441860465,5.4375,2.2916666666666665,1.1416666666666666,24.0,0.8,0.0,0.0,0.0,42.6,8,2.125,0.75,0.375,0.0
Urvil Patel,202644,2026-05-02,"MA Chidambaram Stadium, Chennai",MI,CSK,1.3333333333333333,3.0,1.0,0.0,0.0,0.0,4.116279069767442,5.25,4.333333333333333,1.3333333333333333,3.0,1.0,0.0,0.0,0.0,9.0,1,1.0,0.0,0.0,0.0
Kartik Sharma,202644,2026-05-02,"MA Chidambaram Stadium, Chennai",MI,CSK,1.1372549019607843,10.2,1.0,0.0,0.0,0.0,1.1209302325581396,1.75,1.72,1.1372549019607843,10.2,1.0,0.0,0.0,0.0,17.8,5,0.6,0.8,0.0,0.0
Mukesh Choudhary,202644,2026-05-02,"MA Chidambaram Stadium, Chennai",MI,CSK,0.0,0.0,0.0,1.368421052631579,19.0,1.5,2.9651162790697674,2.0,2.0,0.0,0.0,0.0,1.368421052631579,19.0,1.5,45.5,2,0.0,0.0,0.5,0.0
Anshul Kamboj,202644,2026-05-02,"MA Chidambaram Stadium, Chennai",MI,CSK,1.25,4.0,0.0,1.3735632183908046,21.75,1.75,1.7209302325581395,6.34375,0.8833333333333333,1.4444444444444444,1.8,0.0,1.1037735849056605,21.2,1.8,56.8,8,0.25,0.25,0.25,0.0
Prashant Veer,202644,2026-05-02,"MA Chidambaram Stadium, Chennai",MI,CSK,1.3611111111111112,18.0,0.5,0.0,0.0,0.0,2.6744186046511627,2.875,3.933333333333333,1.3611111111111112,18.0,0.5,0.0,0.0,0.0,33.0,2,3.5,0.5,0.0,0.0
Noor Ahmad,202644,2026-05-02,"MA Chidambaram Stadium, Chennai",MI,CSK,0.5263157894736842,2.375,0.25,1.4751381215469612,22.625,0.875,1.0755813953488371,4.25,0.6,1.0,0.2,0.0,1.2605042016806722,23.8,1.2,38.2,8,0.0,0.125,0.5,0.0
Ramakrishna Ghosh,202644,2026-05-02,"MA Chidambaram Stadium, Chennai",MI,CSK,0.0,0.0,0.0,0.0,0.0,0.0,0.0,0.0,0.0,0.0,0.0,0.0,0.0,0.0,0.0,0.0,0,0.0,0.0,0.0,0.0
Jamie Overton,202644,2026-05-02,"MA Chidambaram Stadium, Chennai",MI,CSK,1.511111111111111,12.857142857142858,0.7142857142857143,1.5666666666666667,17.142857142857142,1.2857142857142858,1.9202657807308972,5.821428571428571,2.104761904761905,1.5135135135135136,7.4,0.6,1.3645833333333333,19.2,1.6,61.4,7,1.8571428571428572,0.8571428571428571,0.14285714285714285,0.0
Jasprit Bumrah,202644,2026-05-02,"MA Chidambaram Stadium, Chennai",MI,CSK,0.875,1.0,0.125,1.4010416666666667,24.0,0.375,0.7267441860465116,0.5,1.0833333333333333,0.3333333333333333,1.2,0.2,1.4836065573770492,24.4,0.4,16.0,8,0.125,0.0,0.125,0.125
AM Ghazanfar,202644,2026-05-02,"MA Chidambaram Stadium, Chennai",MI,CSK,0.0,0.0,0.0,1.5390625,21.333333333333332,1.6666666666666667,1.6356589147286822,0.6666666666666666,3.4444444444444446,0.0,0.0,0.0,1.4077669902912622,20.6,2.0,54.0,6,0.0,0.0,0.0,0.0
Raghu Sharma,202644,2026-05-02,"MA Chidambaram Stadium, Chennai",MI,CSK,0.0,0.0,0.0,0.0,0.0,0.0,0.0,0.0,0.0,0.0,0.0,0.0,0.0,0.0,0.0,0.0,0,0.0,0.0,0.0,0.0
Abhishek Sharma,202645,2026-05-03,"Rajiv Gandhi International Stadium, Hyderabad",SRH,KKR,1.8805309734513274,25.11111111111111,1.0,2.0588235294117645,1.8888888888888888,0.0,1.9671717171717171,8.5,0.6666666666666666,1.8734177215189873,31.6,1.0,2.1666666666666665,1.2,0.0,90.6,9,4.444444444444445,3.4444444444444446,0.4444444444444444,0.0
Travis Head,202645,2026-05-03,"Rajiv Gandhi International Stadium, Hyderabad",SRH,KKR,1.5783132530120483,18.444444444444443,1.0,0.0,0.0,0.0,1.2727272727272727,3.2222222222222223,0.4444444444444444,1.5686274509803921,20.4,1.0,0.0,0.0,0.0,44.8,9,2.888888888888889,1.7777777777777777,0.0,0.0
Ishan Kishan,202645,2026-05-03,"Rajiv Gandhi International Stadium, Hyderabad",SRH,KKR,1.9085365853658536,18.22222222222222,0.8888888888888888,0.0,0.0,0.0,1.5858585858585859,5.305555555555555,0.8055555555555556,2.0,19.0,0.8,0.0,0.0,0.0,57.4,9,3.888888888888889,1.7777777777777777,0.5555555555555556,0.1111111111111111
Heinrich Klaasen,202645,2026-05-03,"Rajiv Gandhi International Stadium, Hyderabad",SRH,KKR,1.5054545454545454,30.555555555555557,0.7777777777777778,0.0,0.0,0.0,1.924242424242424,7.805555555555555,0.9444444444444444,1.6911764705882353,27.2,0.6,0.0,0.0,0.0,72.0,9,3.5555555555555554,2.0,1.0,0.0
Smaran Ravichandran,202645,2026-05-03,"Rajiv Gandhi International Stadium, Hyderabad",SRH,KKR,0.0,0.0,0.0,0.0,0.0,0.0,0.0,0.0,0.0,0.0,0.0,0.0,0.0,0.0,0.0,0.0,0,0.0,0.0,0.0,0.0
Aniket Verma,202645,2026-05-03,"Rajiv Gandhi International Stadium, Hyderabad",SRH,KKR,1.489795918367347,6.125,0.625,0.0,0.0,0.0,0.8636363636363636,1.34375,0.8125,1.2857142857142858,4.2,0.4,0.0,0.0,0.0,16.6,8,0.625,0.625,0.625,0.0
Salil Arora,202645,2026-05-03,"Rajiv Gandhi International Stadium, Hyderabad",SRH,KKR,1.7222222222222223,7.714285714285714,0.5714285714285714,0.0,0.0,0.0,1.0162337662337662,3.0357142857142856,0.7857142857142857,1.7872340425531914,9.4,0.4,0.0,0.0,0.0,29.6,7,0.8571428571428571,1.1428571428571428,0.42857142857142855,0.0
Pat Cummins,202645,2026-05-03,"Rajiv Gandhi International Stadium, Hyderabad",SRH,KKR,0.0,0.0,0.0,1.346938775510204,24.5,0.5,2.284090909090909,2.0,2.78125,0.0,0.0,0.0,1.346938775510204,24.5,0.5,16.5,2,0.0,0.0,0.0,0.0
Shivang Kumar,202645,2026-05-03,"Rajiv Gandhi International Stadium, Hyderabad",SRH,KKR,1.4,2.142857142857143,0.42857142857142855,1.5833333333333333,18.857142857142858,1.0,1.0746753246753247,3.107142857142857,1.7232142857142858,1.3333333333333333,1.8,0.2,1.630952380952381,16.8,0.8,27.8,7,0.42857142857142855,0.14285714285714285,0.0,0.0
Eshan Malinga,202645,2026-05-03,"Rajiv Gandhi International Stadium, Hyderabad",SRH,KKR,0.0,0.0,0.0,1.3970588235294117,22.666666666666668,1.7777777777777777,1.4722222222222223,7.722222222222222,3.2708333333333335,0.0,0.0,0.0,1.25,25.6,2.4,66.4,9,0.0,0.0,0.1111111111111111,0.1111111111111111
Harshal Patel,202645,2026-05-03,"Rajiv Gandhi International Stadium, Hyderabad",SRH,KKR,1.0,1.3333333333333333,0.3333333333333333,2.0,16.333333333333332,0.0,1.3560606060606062,1.75,1.3333333333333333,1.0,1.3333333333333333,0.3333333333333333,2.0,16.333333333333332,0.0,5.0,3,0.3333333333333333,0.0,0.0,0.0
Ajinkya Rahane,202645,2026-05-03,"Rajiv Gandhi International Stadium, Hyderabad",SRH,KKR,1.2857142857142858,15.75,0.875,0.0,0.0,0.0,1.0738636363636365,0.5,2.015625,1.196969696969697,13.2,1.0,0.0,0.0,0.0,21.8,8,1.0,1.25,0.125,0.0
Finn Allen,202645,2026-05-03,"Rajiv Gandhi International Stadium, Hyderabad",SRH,KKR,1.8409090909090908,8.8,1.0,0.0,0.0,0.0,1.2636363636363637,0.8,2.075,1.8409090909090908,8.8,1.0,0.0,0.0,0.0,24.4,5,2.6,0.8,0.0,0.0
Angkrish Raghuvanshi,202645,2026-05-03,"Rajiv Gandhi International Stadium, Hyderabad",SRH,KKR,1.3571428571428572,19.25,0.875,0.0,0.0,0.0,1.2926136363636365,0.5,2.5546875,1.1511627906976745,17.2,1.0,0.0,0.0,0.0,30.6,8,3.0,0.875,0.25,0.0
Rinku Singh,202645,2026-05-03,"Rajiv Gandhi International Stadium, Hyderabad",SRH,KKR,1.343558282208589,23.285714285714285,0.7142857142857143,0.0,0.0,0.0,1.7272727272727273,0.5714285714285714,3.0,1.3130434782608695,23.0,0.6,0.0,0.0,0.0,54.8,7,3.0,1.1428571428571428,1.4285714285714286,0.0
Cameron Green,202645,2026-05-03,"Rajiv Gandhi International Stadium, Hyderabad",SRH,KKR,1.4411764705882353,17.0,0.625,1.7962962962962963,6.75,0.25,1.4431818181818181,0.5,2.359375,1.421487603305785,24.2,0.6,1.7962962962962963,10.8,0.4,63.2,8,2.0,1.25,0.5,0.0
Sunil Narine,202645,2026-05-03,"Rajiv Gandhi International Stadium, Hyderabad",SRH,KKR,1.2121212121212122,4.714285714285714,0.42857142857142855,1.1151515151515152,23.571428571428573,1.2857142857142858,1.5227272727272727,0.5714285714285714,1.0,1.0,5.6,0.4,0.9349593495934959,24.6,1.6,54.4,7,0.2857142857142857,0.5714285714285714,0.2857142857142857,0.0
Vaibhav Arora,202645,2026-05-03,"Rajiv Gandhi International Stadium, Hyderabad",SRH,KKR,0.3333333333333333,0.42857142857142855,0.0,1.6440677966101696,25.285714285714285,1.2857142857142858,1.409090909090909,0.5714285714285714,0.5803571428571429,0.0,0.2,0.0,1.5158730158730158,25.2,1.2,38.0,7,0.0,0.0,0.14285714285714285,0.0
Kartik Tyagi,202645,2026-05-03,"Rajiv Gandhi International Stadium, Hyderabad",SRH,KKR,1.2222222222222223,1.2857142857142858,0.2857142857142857,1.5588235294117647,24.285714285714285,1.2857142857142858,1.4383116883116884,0.5714285714285714,0.6964285714285714,1.5,0.8,0.2,1.453781512605042,23.8,1.4,46.2,7,0.14285714285714285,0.14285714285714285,0.42857142857142855,0.0
Varun Chakaravarthy,202645,2026-05-03,"Rajiv Gandhi International Stadium, Hyderabad",SRH,KKR,0.0,0.16666666666666666,0.16666666666666666,1.4384615384615385,21.666666666666668,1.1666666666666667,1.3977272727272727,0.6666666666666666,0.6458333333333334,0.0,0.2,0.2,1.3238095238095238,21.0,1.4,42.6,6,0.0,0.0,0.3333333333333333,0.0
Anukul Roy,202645,2026-05-03,"Rajiv Gandhi International Stadium, Hyderabad",SRH,KKR,1.3928571428571428,4.0,0.42857142857142855,1.3786407766990292,14.714285714285714,0.7142857142857143,1.201298701298701,0.5714285714285714,0.9375,1.5,5.2,0.4,1.3703703703703705,16.2,0.8,34.2,7,0.2857142857142857,0.2857142857142857,0.2857142857142857,0.14285714285714285
Sakib Hussain,202645,2026-05-03,"Rajiv Gandhi International Stadium, Hyderabad",SRH,KKR,0.0,0.0,0.0,1.488,25.0,1.6,1.7818181818181817,9.1,3.5,0.0,0.0,0.0,1.488,25.0,1.6,47.2,5,0.0,0.0,0.2,0.0
Priyansh Arya,202646,2026-05-03,"Narendra Modi Stadium, Ahmedabad",PBKS,GT,2.3583333333333334,17.142857142857142,1.0,0.0,0.0,0.0,1.7792207792207793,0.5714285714285714,0.5714285714285714,2.37,20.0,1.0,0.0,0.0,0.0,66.6,7,3.0,3.7142857142857144,0.0,0.0
Cooper Connolly,202646,2026-05-03,"Narendra Modi Stadium, Ahmedabad",PBKS,GT,1.6363636363636365,23.571428571428573,0.8571428571428571,0.0,0.0,0.0,1.7467532467532467,0.5714285714285714,0.7142857142857143,1.6701030927835052,19.4,1.0,0.0,0.0,0.0,47.4,7,3.4285714285714284,2.5714285714285716,0.2857142857142857,0.0
Shreyas Iyer,202646,2026-05-03,"Narendra Modi Stadium, Ahmedabad",PBKS,GT,1.6793478260869565,26.285714285714285,0.7142857142857143,0.0,0.0,0.0,1.9577922077922079,0.5714285714285714,0.7857142857142857,1.6971830985915493,28.4,0.6,0.0,0.0,0.0,69.8,7,2.5714285714285716,3.142857142857143,0.42857142857142855,0.0
Prabhsimran Singh,202646,2026-05-03,"Narendra Modi Stadium, Ahmedabad",PBKS,GT,1.7128712871287128,25.25,0.75,0.0,0.0,0.0,1.8835227272727273,0.5,0.8125,1.8601398601398602,28.6,0.8,0.0,0.0,0.0,77.2,8,4.625,2.125,0.625,0.0
Nehal Wadhera,202646,2026-05-03,"Narendra Modi Stadium, Ahmedabad",PBKS,GT,1.2037037037037037,10.8,1.0,0.0,0.0,0.0,1.1863636363636363,0.8,0.9,1.2037037037037037,10.8,1.0,0.0,0.0,0.0,21.0,5,0.8,0.8,0.2,0.0
Suryansh Shedge,202646,2026-05-03,"Narendra Modi Stadium, Ahmedabad",PBKS,GT,1.5,2.0,0.0,0.0,0.0,0.0,4.431818181818182,4.0,5.0,1.5,2.0,0.0,0.0,0.0,0.0,23.0,1,0.0,0.0,2.0,0.0
Marcus Stoinis,202646,2026-05-03,"Narendra Modi Stadium, Ahmedabad",PBKS,GT,2.1153846153846154,8.666666666666666,0.3333333333333333,1.8666666666666667,2.5,0.0,1.2348484848484849,0.6666666666666666,0.75,2.2,10.0,0.2,1.8666666666666667,3.0,0.0,34.4,6,1.6666666666666667,1.3333333333333333,0.16666666666666666,0.0
Marco Jansen,202646,2026-05-03,"Narendra Modi Stadium, Ahmedabad",PBKS,GT,0.7692307692307693,1.8571428571428572,0.14285714285714285,1.5502958579881656,24.142857142857142,0.7142857142857143,1.094155844155844,0.5714285714285714,1.9017857142857142,1.0,0.2,0.0,1.6722689075630253,23.8,0.6,22.4,7,0.0,0.14285714285714285,0.42857142857142855,0.0
Xavier Bartlett,202646,2026-05-03,"Narendra Modi Stadium, Ahmedabad",PBKS,GT,2.2,0.7142857142857143,0.0,1.8509316770186335,23.0,0.7142857142857143,1.2402597402597402,0.5714285714285714,2.294642857142857,0.0,0.0,0.0,1.9454545454545455,22.0,0.8,33.6,7,0.0,0.14285714285714285,1.0,0.0
Vijaykumar Vyshak,202646,2026-05-03,"Narendra Modi Stadium, Ahmedabad",PBKS,GT,0.0,0.0,0.0,1.7322834645669292,21.166666666666668,1.1666666666666667,1.3409090909090908,0.6666666666666666,2.5208333333333335,0.0,0.0,0.0,1.8137254901960784,20.4,0.8,23.8,6,0.0,0.0,0.0,0.16666666666666666
Arshdeep Singh,202646,2026-05-03,"Narendra Modi Stadium, Ahmedabad",PBKS,GT,0.0,0.0,0.0,1.6565656565656566,24.75,1.0,1.1818181818181819,0.5,2.375,0.0,0.0,0.0,1.795275590551181,25.4,1.6,46.4,8,0.0,0.0,0.375,0.0
Sai Sudharsan,202646,2026-05-03,"Narendra Modi Stadium, Ahmedabad",PBKS,GT,1.5769230769230769,23.11111111111111,1.0,0.0,0.0,0.0,1.6287878787878787,4.444444444444445,3.451388888888889,1.6796875,25.6,1.0,0.0,0.0,0.0,65.2,9,3.6666666666666665,1.8888888888888888,0.3333333333333333,0.1111111111111111
Shubman Gill,202646,2026-05-03,"Narendra Modi Stadium, Ahmedabad",PBKS,GT,1.5040322580645162,31.0,0.875,0.0,0.0,0.0,1.96875,6.5,4.1328125,1.5757575757575757,26.4,0.8,0.0,0.0,0.0,59.2,8,4.25,2.125,0.625,0.125
Jos Buttler,202646,2026-05-03,"Narendra Modi Stadium, Ahmedabad",PBKS,GT,1.537313432835821,22.333333333333332,0.8888888888888888,0.0,0.0,0.0,1.6666666666666667,5.138888888888889,3.138888888888889,1.5113636363636365,17.6,0.8,0.0,0.0,0.0,48.0,9,3.6666666666666665,1.6666666666666667,1.1111111111111112,0.1111111111111111
Nishant Sindhu,202646,2026-05-03,"Narendra Modi Stadium, Ahmedabad",PBKS,GT,0.0,0.0,0.0,0.0,0.0,0.0,0.0,0.0,0.0,0.0,0.0,0.0,0.0,0.0,0.0,0.0,0,0.0,0.0,0.0,0.0
Washington Sundar,202646,2026-05-03,"Narendra Modi Stadium, Ahmedabad",PBKS,GT,1.3629032258064515,13.777777777777779,0.6666666666666666,1.6451612903225807,3.4444444444444446,0.1111111111111111,1.0858585858585859,2.2222222222222223,1.8680555555555556,1.2241379310344827,11.6,0.6,2.1666666666666665,1.2,0.0,22.0,9,2.0,0.5555555555555556,0.3333333333333333,0.0
Rahul Tewatia,202646,2026-05-03,"Narendra Modi Stadium, Ahmedabad",PBKS,GT,1.1515151515151516,9.428571428571429,0.2857142857142857,0.0,0.0,0.0,0.9025974025974026,2.7857142857142856,1.3392857142857142,1.1041666666666667,9.6,0.2,0.0,0.0,0.0,19.0,7,1.1428571428571428,0.14285714285714285,0.2857142857142857,0.0
Jason Holder,202646,2026-05-03,"Narendra Modi Stadium, Ahmedabad",PBKS,GT,1.75,6.666666666666667,0.3333333333333333,1.2054794520547945,24.333333333333332,1.0,2.553030303030303,9.0,2.2083333333333335,1.75,6.666666666666667,0.3333333333333333,1.2054794520547945,24.333333333333332,1.0,57.666666666666664,3,0.3333333333333333,1.0,1.6666666666666667,0.0
Arshad Khan,202646,2026-05-03,"Narendra Modi Stadium, Ahmedabad",PBKS,GT,0.0,0.0,0.0,1.4130434782608696,23.0,3.0,3.465909090909091,11.875,2.0,0.0,0.0,0.0,1.4130434782608696,23.0,3.0,68.5,2,0.0,0.0,0.0,0.0
Mohammed Siraj,202646,2026-05-03,"Narendra Modi Stadium, Ahmedabad",PBKS,GT,0.0,0.4444444444444444,0.1111111111111111,1.3497536945812807,22.555555555555557,1.1111111111111112,1.1287878787878787,4.527777777777778,0.4305555555555556,0.0,0.8,0.2,1.2105263157894737,22.8,1.2,36.8,9,0.0,0.0,0.3333333333333333,0.0
Kagiso Rabada,202646,2026-05-03,"Narendra Modi Stadium, Ahmedabad",PBKS,GT,1.1290322580645162,3.4444444444444446,0.1111111111111111,1.5570776255707763,24.333333333333332,1.5555555555555556,1.5555555555555556,9.083333333333334,0.7361111111111112,0.8571428571428571,2.8,0.2,1.4435483870967742,24.8,2.0,66.4,9,0.3333333333333333,0.2222222222222222,0.3333333333333333,0.0
Rashid Khan,202646,2026-05-03,"Narendra Modi Stadium, Ahmedabad",PBKS,GT,1.09375,3.5555555555555554,0.3333333333333333,1.3891625615763548,22.555555555555557,1.1111111111111112,1.244949494949495,4.75,0.7152777777777778,0.9166666666666666,2.4,0.2,1.638095238095238,21.0,1.0,34.6,9,0.4444444444444444,0.0,0.3333333333333333,0.0
Manav Suthar,202646,2026-05-03,"Narendra Modi Stadium, Ahmedabad",PBKS,GT,0.0,0.0,0.0,1.28125,16.0,1.0,2.659090909090909,2.0,2.0,0.0,0.0,0.0,1.28125,16.0,1.0,33.0,2,0.0,0.0,0.5,0.0
Yuzvendra Chahal,202646,2026-05-03,"Narendra Modi Stadium, Ahmedabad",PBKS,GT,0.0,0.0,0.0,1.4938271604938271,23.142857142857142,1.1428571428571428,1.2435064935064937,0.5714285714285714,2.419642857142857,0.0,0.0,0.0,1.6551724137931034,23.2,1.0,26.4,7,0.0,0.0,0.2857142857142857,0.0
Mitchell Marsh,202647,2026-05-04,"Wankhede Stadium, Mumbai",LSG,MI,1.284848484848485,20.625,1.125,0.0,0.0,0.0,1.2717391304347827,0.5,0.6764705882352942,1.3214285714285714,22.4,1.0,0.0,0.0,0.0,45.4,8,2.25,1.375,0.375,0.0
Josh Inglis,202647,2026-05-04,"Wankhede Stadium, Mumbai",LSG,MI,0.0,0.0,0.0,0.0,0.0,0.0,0.0,0.0,0.0,0.0,0.0,0.0,0.0,0.0,0.0,0.0,0,0.0,0.0,0.0,0.0
Nicholas Pooran,202647,2026-05-04,"Wankhede Stadium, Mumbai",LSG,MI,0.7592592592592593,13.5,1.125,0.0,0.0,0.0,0.8559782608695652,0.5,0.7647058823529411,0.759493670886076,15.8,1.2,0.0,0.0,0.0,25.2,8,0.625,0.5,0.375,0.125
Rishabh Pant,202647,2026-05-04,"Wankhede Stadium, Mumbai",LSG,MI,1.2337662337662338,19.25,0.75,0.0,0.0,0.0,1.3206521739130435,0.5,1.0588235294117647,1.25,16.8,1.0,0.0,0.0,0.0,36.4,8,2.25,0.75,1.0,0.125
Aiden Markram,202647,2026-05-04,"Wankhede Stadium, Mumbai",LSG,MI,1.3985507246376812,17.25,1.125,1.9714285714285715,4.375,0.0,1.233695652173913,0.5,0.7941176470588235,1.3218390804597702,17.4,1.2,1.9310344827586208,5.8,0.0,35.8,8,2.375,1.25,0.625,0.0
Akshat Raghuwanshi,202647,2026-05-04,"Wankhede Stadium, Mumbai",LSG,MI,0.0,0.0,0.0,0.0,0.0,0.0,0.0,0.0,0.0,0.0,0.0,0.0,0.0,0.0,0.0,0.0,0,0.0,0.0,0.0,0.0
Himmat Singh,202647,2026-05-04,"Wankhede Stadium, Mumbai",LSG,MI,1.2962962962962963,9.0,0.6666666666666666,0.0,0.0,0.0,1.6304347826086956,1.3333333333333333,1.3333333333333333,1.2962962962962963,9.0,0.6666666666666666,0.0,0.0,0.0,17.666666666666668,3,0.6666666666666666,0.6666666666666666,0.0,0.0
Ryan Rickelton,202647,2026-05-04,"Wankhede Stadium, Mumbai",LSG,MI,1.7267441860465116,24.571428571428573,0.8571428571428571,0.0,0.0,0.0,1.8571428571428572,10.0,3.9159663865546217,1.7692307692307692,23.4,0.8,0.0,0.0,0.0,61.2,7,2.7142857142857144,3.5714285714285716,0.2857142857142857,0.0
Rohit Sharma,202647,2026-05-04,"Wankhede Stadium, Mumbai",LSG,MI,1.5930232558139534,21.5,1.0,0.0,0.0,0.0,1.9456521739130435,7.35,3.5588235294117645,1.5930232558139534,21.5,1.0,0.0,0.0,0.0,47.5,4,3.25,2.0,0.0,0.0
Tilak Varma,202647,2026-05-04,"Wankhede Stadium, Mumbai",LSG,MI,1.5691056910569106,13.666666666666666,0.8888888888888888,0.0,0.0,0.0,1.1884057971014492,3.066666666666667,2.0915032679738563,1.6989247311827957,18.6,0.8,0.0,0.0,0.0,48.2,9,2.3333333333333335,0.8888888888888888,0.7777777777777778,0.0
Suryakumar Yadav,202647,2026-05-04,"Wankhede Stadium, Mumbai",LSG,MI,1.3759398496240602,14.777777777777779,1.0,0.0,0.0,0.0,1.0144927536231885,3.066666666666667,1.8823529411764706,1.2833333333333334,12.0,1.0,0.0,0.0,0.0,23.4,9,2.3333333333333335,0.5555555555555556,0.2222222222222222,0.0
Naman Dhir,202647,2026-05-04,"Wankhede Stadium, Mumbai",LSG,MI,1.4654088050314464,17.666666666666668,0.8888888888888888,0.0,0.0,0.0,1.2439613526570048,2.9555555555555557,2.320261437908497,1.43801652892562,24.2,1.0,0.0,0.0,0.0,56.4,9,2.4444444444444446,1.0,0.5555555555555556,0.0
Will Jacks,202647,2026-05-04,"Wankhede Stadium, Mumbai",LSG,MI,1.6785714285714286,14.0,1.0,3.1666666666666665,3.0,0.0,2.717391304347826,8.5,3.7058823529411766,1.6785714285714286,14.0,1.0,3.1666666666666665,3.0,0.0,37.0,2,2.5,1.5,0.5,0.0
Deepak Chahar,202647,2026-05-04,"Wankhede Stadium, Mumbai",LSG,MI,1.2,1.6666666666666667,0.0,2.0714285714285716,14.0,0.3333333333333333,1.6231884057971016,1.8666666666666665,1.4705882352941178,1.2,1.6666666666666667,0.0,2.0714285714285716,14.0,0.3333333333333333,17.333333333333332,3,0.3333333333333333,0.0,0.3333333333333333,0.0
Jasprit Bumrah,202647,2026-05-04,"Wankhede Stadium, Mumbai",LSG,MI,0.875,0.8888888888888888,0.1111111111111111,1.3696682464454977,23.444444444444443,0.4444444444444444,0.6932367149758454,1.2222222222222223,0.49673202614379086,0.3333333333333333,1.2,0.2,1.4224137931034482,23.2,0.6,21.0,9,0.1111111111111111,0.0,0.1111111111111111,0.1111111111111111
AM Ghazanfar,202647,2026-05-04,"Wankhede Stadium, Mumbai",LSG,MI,0.0,0.0,0.0,1.5592105263157894,21.714285714285715,1.5714285714285714,1.4254658385093166,4.857142857142857,0.5714285714285714,0.0,0.0,0.0,1.4385964912280702,22.8,1.8,49.0,7,0.0,0.0,0.0,0.0
Corbin Bosch,202647,2026-05-04,"Wankhede Stadium, Mumbai",LSG,MI,2.75,4.0,0.0,1.95,20.0,1.0,4.826086956521739,4.0,4.764705882352941,2.75,4.0,0.0,1.95,20.0,1.0,42.0,1,2.0,0.0,0.0,0.0
Raghu Sharma,202647,2026-05-04,"Wankhede Stadium, Mumbai",LSG,MI,0.0,0.0,0.0,1.0,24.0,0.0,4.0,4.0,4.0,0.0,0.0,0.0,1.0,24.0,0.0,4.0,1,0.0,0.0,0.0,0.0
Mohammed Shami,202647,2026-05-04,"Wankhede Stadium, Mumbai",LSG,MI,1.4090909090909092,2.75,0.5,1.2763819095477387,24.875,0.875,1.1195652173913044,0.5,1.9044117647058822,1.7058823529411764,3.4,0.4,1.5573770491803278,24.4,0.8,32.6,8,0.25,0.375,0.25,0.0
Mohsin Khan,202647,2026-05-04,"Wankhede Stadium, Mumbai",LSG,MI,0.0,1.0,0.5,1.1020408163265305,24.5,2.25,2.5489130434782608,1.0,5.25,0.0,1.0,0.5,1.1020408163265305,24.5,2.25,75.25,4,0.0,0.0,0.5,0.0
Prince Yadav,202647,2026-05-04,"Wankhede Stadium, Mumbai",LSG,MI,0.0,0.125,0.0,1.296875,24.0,2.0,1.4375,0.5,3.036764705882353,0.0,0.2,0.0,1.218487394957983,23.8,2.0,46.4,8,0.0,0.0,0.25,0.0
Avesh Khan,202647,2026-05-04,"Wankhede Stadium, Mumbai",LSG,MI,0.8571428571428571,1.4,0.2,1.6826923076923077,20.8,1.0,1.4086956521739131,0.8,2.364705882352941,0.8571428571428571,1.4,0.2,1.6826923076923077,20.8,1.0,32.0,5,0.2,0.0,0.2,0.0
Manimaran Siddharth,202647,2026-05-04,"Wankhede Stadium, Mumbai",LSG,MI,0.0,0.0,0.0,1.4411764705882353,22.666666666666668,1.3333333333333333,2.1739130434782608,1.3333333333333333,3.607843137254902,0.0,0.0,0.0,1.4411764705882353,22.666666666666668,1.3333333333333333,42.666666666666664,3,0.0,0.0,0.6666666666666666,0.0
Pathum Nissanka,202648,2026-05-05,"Arun Jaitley Stadium, Delhi",DC,CSK,1.5407407407407407,16.875,1.0,0.0,0.0,0.0,1.226063829787234,4.0625,0.6176470588235294,1.6712328767123288,14.6,1.0,0.0,0.0,0.0,38.2,8,3.125,1.0,0.25,0.0
Rahul,202648,2026-05-05,"Arun Jaitley Stadium, Delhi",DC,CSK,1.7745901639344261,27.11111111111111,1.0,0.0,0.0,0.0,1.8274231678486998,9.63888888888889,0.5490196078431373,1.8505747126436782,34.8,0.8,0.0,0.0,0.0,91.4,9,4.666666666666667,2.6666666666666665,0.2222222222222222,0.0
Nitish Rana,202648,2026-05-05,"Arun Jaitley Stadium, Delhi",DC,CSK,1.518796992481203,19.0,1.0,2.1153846153846154,3.7142857142857144,0.14285714285714285,1.4711246200607901,5.821428571428571,0.8739495798319327,1.7,22.0,1.0,2.1153846153846154,5.2,0.2,58.2,7,3.4285714285714284,1.4285714285714286,0.42857142857142855,0.14285714285714285
Karun Nair,202648,2026-05-05,"Arun Jaitley Stadium, Delhi",DC,CSK,1.0,5.0,1.0,0.0,0.0,0.0,4.127659574468085,4.0,4.0,1.0,5.0,1.0,0.0,0.0,0.0,10.0,1,1.0,0.0,0.0,0.0
Axar Patel,202648,2026-05-05,"Arun Jaitley Stadium, Delhi",DC,CSK,0.96875,3.5555555555555554,0.5555555555555556,1.4210526315789473,19.0,0.8888888888888888,1.0260047281323876,2.0555555555555554,1.8562091503267975,1.12,5.0,0.4,1.5176470588235293,17.0,1.0,36.4,9,0.3333333333333333,0.0,0.2222222222222222,0.0
Tristan Stubbs,202648,2026-05-05,"Arun Jaitley Stadium, Delhi",DC,CSK,1.343558282208589,20.375,0.375,0.0,0.0,0.0,1.2686170212765957,1.25,0.6764705882352942,1.4166666666666667,24.0,0.6,0.0,0.0,0.0,49.4,8,2.0,0.875,0.375,0.0
Sameer Rizvi,202648,2026-05-05,"Arun Jaitley Stadium, Delhi",DC,CSK,1.4217687074829932,18.375,0.75,0.0,0.0,0.0,1.2393617021276595,4.34375,0.6176470588235294,1.1951219512195121,8.2,0.8,0.0,0.0,0.0,18.0,8,1.875,1.625,0.25,0.0
Ashutosh Sharma,202648,2026-05-05,"Arun Jaitley Stadium, Delhi",DC,CSK,1.4871794871794872,13.0,0.6666666666666666,0.0,0.0,0.0,1.9361702127659575,1.3333333333333333,1.647058823529412,1.4871794871794872,13.0,0.6666666666666666,0.0,0.0,0.0,32.333333333333336,3,2.3333333333333335,0.6666666666666666,0.6666666666666666,0.0
Sanju Samson,202648,2026-05-05,"Arun Jaitley Stadium, Delhi",DC,CSK,1.6321243523316062,21.444444444444443,0.7777777777777778,0.0,0.0,0.0,1.4940898345153666,0.4444444444444444,3.241830065359477,1.5614035087719298,22.8,0.8,0.0,0.0,0.0,55.2,9,3.888888888888889,1.6666666666666667,0.2222222222222222,0.0
Ruturaj Gaikwad,202648,2026-05-05,"Arun Jaitley Stadium, Delhi",DC,CSK,1.1666666666666667,23.333333333333332,0.7777777777777778,0.0,0.0,0.0,1.226950354609929,0.4444444444444444,2.3986928104575167,1.2272727272727273,30.8,0.6,0.0,0.0,0.0,57.8,9,2.4444444444444446,0.8888888888888888,0.4444444444444444,0.0
Urvil Patel,202648,2026-05-05,"Arun Jaitley Stadium, Delhi",DC,CSK,1.8666666666666667,7.5,1.0,0.0,0.0,0.0,2.4574468085106385,2.0,3.0294117647058822,1.8666666666666667,7.5,1.0,0.0,0.0,0.0,25.5,2,1.5,1.0,0.5,0.0
Kartik Sharma,202648,2026-05-05,"Arun Jaitley Stadium, Delhi",DC,CSK,1.2307692307692308,15.166666666666666,0.8333333333333334,0.0,0.0,0.0,1.1666666666666667,0.6666666666666666,2.0490196078431375,1.2533333333333334,15.0,0.8,0.0,0.0,0.0,28.2,6,1.1666666666666667,1.1666666666666667,0.0,0.0
Akeal Hosein,202648,2026-05-05,"Arun Jaitley Stadium, Delhi",DC,CSK,1.0,0.5,0.0,1.2976190476190477,21.0,1.5,1.9574468085106382,1.0,1.0294117647058822,1.0,0.5,0.0,1.2976190476190477,21.0,1.5,49.0,4,0.0,0.0,0.25,0.0
Mukesh Choudhary,202648,2026-05-05,"Arun Jaitley Stadium, Delhi",DC,CSK,0.0,0.0,0.0,1.3928571428571428,18.666666666666668,1.0,1.9219858156028369,1.3333333333333333,1.3333333333333333,0.0,0.0,0.0,1.3928571428571428,18.666666666666668,1.0,31.666666666666668,3,0.0,0.0,0.3333333333333333,0.0
Anshul Kamboj,202648,2026-05-05,"Arun Jaitley Stadium, Delhi",DC,CSK,1.25,3.5555555555555554,0.0,1.3668341708542713,22.11111111111111,1.8888888888888888,1.624113475177305,0.4444444444444444,0.7450980392156863,1.4444444444444444,1.8,0.0,1.0849056603773586,21.2,1.8,55.2,9,0.2222222222222222,0.2222222222222222,0.2222222222222222,0.0
Noor Ahmad,202648,2026-05-05,"Arun Jaitley Stadium, Delhi",DC,CSK,0.5263157894736842,2.111111111111111,0.2222222222222222,1.4341463414634146,22.77777777777778,1.0,1.0307328605200945,0.4444444444444444,0.5228758169934641,1.0,0.2,0.0,1.146341463414634,24.6,1.4,41.6,9,0.0,0.1111111111111111,0.4444444444444444,0.0
Gurjapneet Singh,202648,2026-05-05,"Arun Jaitley Stadium, Delhi",DC,CSK,0.0,0.0,0.0,1.5795454545454546,17.6,0.6,1.2553191489361701,0.8,0.8,0.0,0.0,0.0,1.5795454545454546,17.6,0.6,25.4,5,0.0,0.0,0.8,0.0
Jamie Overton,202648,2026-05-05,"Arun Jaitley Stadium, Delhi",DC,CSK,1.511111111111111,11.25,0.625,1.4722222222222223,18.0,1.25,1.6462765957446808,0.5,1.6838235294117647,1.5135135135135136,7.4,0.6,1.446808510638298,18.8,1.0,43.2,8,1.625,0.75,0.125,0.0
Mitchell Starc,202648,2026-05-05,"Arun Jaitley Stadium, Delhi",DC,CSK,0.0,0.0,0.0,1.5185185185185186,27.0,3.0,5.851063829787234,4.0,9.117647058823529,0.0,0.0,0.0,1.5185185185185186,27.0,3.0,91.0,1,0.0,0.0,1.0,0.0
Lungi Ngidi,202648,2026-05-05,"Arun Jaitley Stadium, Delhi",DC,CSK,0.5,1.0,0.3333333333333333,1.3918918918918919,24.666666666666668,1.1666666666666667,1.304964539007092,2.75,2.4215686274509802,0.5,1.2,0.4,1.4206349206349207,25.2,0.8,24.2,6,0.0,0.0,0.0,0.0
Kuldeep Yadav,202648,2026-05-05,"Arun Jaitley Stadium, Delhi",DC,CSK,0.391304347826087,2.5555555555555554,0.2222222222222222,1.696969696969697,18.333333333333332,0.7777777777777778,0.8983451536643027,2.638888888888889,1.6405228758169936,0.26666666666666666,3.0,0.2,1.735632183908046,17.4,0.8,24.8,9,0.0,0.0,0.1111111111111111,0.0
Natarajan,202648,2026-05-05,"Arun Jaitley Stadium, Delhi",DC,CSK,0.5,0.2222222222222222,0.0,1.6772486772486772,21.0,0.5555555555555556,0.789598108747045,1.3611111111111112,1.392156862745098,0.0,0.0,0.0,1.7959183673469388,19.6,0.2,12.2,9,0.0,0.0,0.2222222222222222,0.0
Abhishek Sharma,202649,2026-05-06,"Rajiv Gandhi International Stadium, Hyderabad",SRH,PBKS,1.8644067796610169,23.6,1.0,1.6896551724137931,2.9,0.0,1.69375,6.56,0.5882352941176471,1.8622754491017963,33.4,1.0,1.5,3.6,0.0,93.0,10,4.1,3.2,0.4,0.0
Travis Head,202649,2026-05-06,"Rajiv Gandhi International Stadium, Hyderabad",SRH,PBKS,1.6479591836734695,19.6,1.0,0.0,0.0,0.0,1.2583333333333333,4.08,0.4,1.780701754385965,22.8,1.0,0.0,0.0,0.0,57.4,10,3.5,1.9,0.0,0.0
Ishan Kishan,202649,2026-05-06,"Rajiv Gandhi International Stadium, Hyderabad",SRH,PBKS,1.8298969072164948,19.4,0.9,0.0,0.0,0.0,1.4458333333333333,4.9,0.7058823529411764,1.7848101265822784,15.8,0.8,0.0,0.0,0.0,40.4,10,3.9,1.8,0.5,0.1
Heinrich Klaasen,202649,2026-05-06,"Rajiv Gandhi International Stadium, Hyderabad",SRH,PBKS,1.5017667844522968,28.3,0.8,0.0,0.0,0.0,1.6666666666666667,6.14,0.8705882352941176,1.7179487179487178,23.4,0.6,0.0,0.0,0.0,67.0,10,3.3,1.9,1.0,0.0
Nitish Reddy,202649,2026-05-06,"Rajiv Gandhi International Stadium, Hyderabad",SRH,PBKS,1.5819672131147542,13.555555555555555,0.7777777777777778,1.7164179104477613,14.88888888888889,0.6666666666666666,1.4791666666666667,5.266666666666667,1.7908496732026142,1.7017543859649122,11.4,0.8,1.7173913043478262,18.4,0.8,55.6,9,1.3333333333333333,1.5555555555555556,0.7777777777777778,0.0
Priyansh Arya,202649,2026-05-06,"Rajiv Gandhi International Stadium, Hyderabad",SRH,PBKS,2.3360655737704916,15.25,1.0,0.0,0.0,0.0,1.4739583333333333,0.5,3.25,2.246913580246914,16.2,1.0,0.0,0.0,0.0,51.0,8,2.625,3.25,0.0,0.0
Prabhsimran Singh,202649,2026-05-06,"Rajiv Gandhi International Stadium, Hyderabad",SRH,PBKS,1.6712962962962963,24.0,0.7777777777777778,0.0,0.0,0.0,1.6111111111111112,0.4444444444444444,3.477124183006536,1.7692307692307692,26.0,0.8,0.0,0.0,0.0,66.4,9,4.333333333333333,1.8888888888888888,0.5555555555555556,0.0
Shreyas Iyer,202649,2026-05-06,"Rajiv Gandhi International Stadium, Hyderabad",SRH,PBKS,1.5922330097087378,25.75,0.75,0.0,0.0,0.0,1.6901041666666667,0.5,3.625,1.4692307692307693,26.0,0.8,0.0,0.0,0.0,57.4,8,2.625,2.75,0.5,0.0
Cooper Connolly,202649,2026-05-06,"Rajiv Gandhi International Stadium, Hyderabad",SRH,PBKS,1.6265060240963856,20.75,0.875,0.0,0.0,0.0,1.4791666666666667,0.5,3.0294117647058822,1.776470588235294,17.0,1.0,0.0,0.0,0.0,46.2,8,3.0,2.25,0.5,0.0
Marcus Stoinis,202649,2026-05-06,"Rajiv Gandhi International Stadium, Hyderabad",SRH,PBKS,1.744186046511628,12.285714285714286,0.42857142857142855,1.6363636363636365,4.714285714285714,0.14285714285714285,1.2321428571428572,0.5714285714285714,2.1596638655462184,1.7407407407407407,16.2,0.4,1.4230769230769231,5.2,0.2,46.6,7,2.142857142857143,1.2857142857142858,0.14285714285714285,0.0
Suryansh Shedge,202649,2026-05-06,"Rajiv Gandhi International Stadium, Hyderabad",SRH,PBKS,1.935483870967742,15.5,0.5,0.0,0.0,0.0,3.0104166666666665,2.0,4.382352941176471,1.935483870967742,15.5,0.5,0.0,0.0,0.0,52.5,2,1.5,2.5,1.0,0.0
Shashank Singh,202649,2026-05-06,"Rajiv Gandhi International Stadium, Hyderabad",SRH,PBKS,1.794871794871795,6.5,0.3333333333333333,1.2580645161290323,5.166666666666667,0.5,1.246527777777778,0.6666666666666666,1.4901960784313726,1.9411764705882353,6.8,0.2,1.2580645161290323,6.2,0.6,36.6,6,1.0,0.6666666666666666,0.16666666666666666,0.0
Marco Jansen,202649,2026-05-06,"Rajiv Gandhi International Stadium, Hyderabad",SRH,PBKS,1.1538461538461537,3.25,0.25,1.5206185567010309,24.25,0.75,1.0442708333333333,0.5,0.7573529411764706,1.5,2.8,0.2,1.6134453781512605,23.8,0.8,30.4,8,0.125,0.25,0.375,0.0
Vijaykumar Vyshak,202649,2026-05-06,"Rajiv Gandhi International Stadium, Hyderabad",SRH,PBKS,0.3333333333333333,0.42857142857142855,0.0,1.6688741721854305,21.571428571428573,1.2857142857142858,1.2767857142857142,0.5714285714285714,0.5798319327731092,0.3333333333333333,0.6,0.0,1.7549019607843137,20.4,0.8,25.6,7,0.0,0.0,0.14285714285714285,0.14285714285714285
Arshdeep Singh,202649,2026-05-06,"Rajiv Gandhi International Stadium, Hyderabad",SRH,PBKS,1.0,0.1111111111111111,0.0,1.5855855855855856,24.666666666666668,1.1111111111111112,1.1180555555555556,0.4444444444444444,0.4509803921568627,1.0,0.2,0.0,1.6585365853658536,24.6,1.6,45.0,9,0.0,0.0,0.3333333333333333,0.0
Lockie Ferguson,202649,2026-05-06,"Rajiv Gandhi International Stadium, Hyderabad",SRH,PBKS,0.0,0.0,0.0,2.28,25.0,0.0,4.0,4.0,4.0,0.0,0.0,0.0,2.28,25.0,0.0,4.0,1,0.0,0.0,0.0,0.0
Yuzvendra Chahal,202649,2026-05-06,"Rajiv Gandhi International Stadium, Hyderabad",SRH,PBKS,0.0,0.0,0.0,1.5178571428571428,21.0,1.0,1.0390625,0.5,0.5,0.0,0.0,0.0,1.696078431372549,20.4,0.8,26.4,8,0.0,0.0,0.25,0.0
Pat Cummins,202649,2026-05-06,"Rajiv Gandhi International Stadium, Hyderabad",SRH,PBKS,1.25,2.6666666666666665,0.3333333333333333,1.52,25.0,0.6666666666666666,1.763888888888889,3.8000000000000003,2.3137254901960786,1.25,2.6666666666666665,0.3333333333333333,1.52,25.0,0.6666666666666666,24.666666666666668,3,0.0,0.3333333333333333,0.0,0.0
Eshan Malinga,202649,2026-05-06,"Rajiv Gandhi International Stadium, Hyderabad",SRH,PBKS,0.2857142857142857,0.7,0.0,1.4469026548672566,22.6,1.6,1.26875,5.84,2.841176470588235,0.2857142857142857,1.4,0.0,1.36,25.0,2.0,58.4,10,0.0,0.0,0.2,0.1
Sakib Hussain,202649,2026-05-06,"Rajiv Gandhi International Stadium, Hyderabad",SRH,PBKS,0.0,0.0,0.0,1.4,24.166666666666668,1.5,1.5034722222222223,7.033333333333334,3.0294117647058822,0.0,0.0,0.0,1.5169491525423728,23.6,1.0,30.6,6,0.0,0.0,0.16666666666666666,0.0
Shivang Kumar,202649,2026-05-06,"Rajiv Gandhi International Stadium, Hyderabad",SRH,PBKS,1.2941176470588236,2.125,0.5,1.5384615384615385,19.5,1.0,0.9713541666666666,2.925,1.6323529411764706,1.1818181818181819,2.2,0.4,1.6265060240963856,16.6,0.4,17.2,8,0.375,0.125,0.0,0.0
Harsh Dubey,202649,2026-05-06,"Rajiv Gandhi International Stadium, Hyderabad",SRH,PBKS,1.1818181818181819,1.5714285714285714,0.2857142857142857,1.552,17.857142857142858,1.1428571428571428,1.324404761904762,4.2,2.588235294117647,0.3333333333333333,0.6,0.2,1.5106382978723405,18.8,1.2,36.2,7,0.2857142857142857,0.0,0.42857142857142855,0.0
Mitchell Marsh,202650,2026-05-07,"Bharat Ratna Shri Atal Bihari Vajpayee Ekana Cricket Stadium, Lucknow",LSG,RCB,1.3473684210526315,21.11111111111111,1.1111111111111112,0.0,0.0,0.0,1.2108843537414966,4.333333333333333,0.6013071895424837,1.3609022556390977,26.6,1.0,0.0,0.0,0.0,53.4,9,2.4444444444444446,1.5555555555555556,0.3333333333333333,0.0
Arshin Kulkarni,202650,2026-05-07,"Bharat Ratna Shri Atal Bihari Vajpayee Ekana Cricket Stadium, Lucknow",LSG,RCB,0.0,0.0,0.0,0.0,0.0,0.0,0.0,0.0,0.0,0.0,0.0,0.0,0.0,0.0,0.0,0.0,0,0.0,0.0,0.0,0.0
Nicholas Pooran,202650,2026-05-07,"Bharat Ratna Shri Atal Bihari Vajpayee Ekana Cricket Stadium, Lucknow",LSG,RCB,1.1153846153846154,14.444444444444445,1.1111111111111112,0.0,0.0,0.0,0.9591836734693877,2.5555555555555554,0.7320261437908496,1.3,16.0,1.2,0.0,0.0,0.0,39.8,9,0.6666666666666666,1.3333333333333333,0.4444444444444444,0.1111111111111111
Rishabh Pant,202650,2026-05-07,"Bharat Ratna Shri Atal Bihari Vajpayee Ekana Cricket Stadium, Lucknow",LSG,RCB,1.2349397590361446,18.444444444444443,0.7777777777777778,0.0,0.0,0.0,1.1700680272108843,3.9166666666666665,0.9411764705882353,1.2,17.0,1.0,0.0,0.0,0.0,34.0,9,2.111111111111111,0.7777777777777778,0.8888888888888888,0.1111111111111111
Aiden Markram,202650,2026-05-07,"Bharat Ratna Shri Atal Bihari Vajpayee Ekana Cricket Stadium, Lucknow",LSG,RCB,1.3742331288343559,18.11111111111111,1.0,1.9714285714285715,3.888888888888889,0.0,1.1519274376417235,3.2222222222222223,0.7581699346405228,1.2747252747252746,18.2,1.0,2.1578947368421053,3.8,0.0,35.2,9,2.2222222222222223,1.2222222222222223,0.6666666666666666,0.0
Jacob Bethell,202650,2026-05-07,"Bharat Ratna Shri Atal Bihari Vajpayee Ekana Cricket Stadium, Lucknow",LSG,RCB,1.5,8.666666666666666,1.0,0.0,0.0,0.0,1.6598639455782314,1.3333333333333333,2.2745098039215685,1.5,8.666666666666666,1.0,0.0,0.0,0.0,20.0,3,1.6666666666666667,0.6666666666666666,0.0,0.0
Devdutt Padikkal,202650,2026-05-07,"Bharat Ratna Shri Atal Bihari Vajpayee Ekana Cricket Stadium, Lucknow",LSG,RCB,1.8431372549019607,19.125,0.875,0.0,0.0,0.0,1.655612244897959,0.5,3.213235294117647,1.7444444444444445,18.0,0.8,0.0,0.0,0.0,52.2,8,3.375,2.25,1.25,0.0
Virat Kohli,202650,2026-05-07,"Bharat Ratna Shri Atal Bihari Vajpayee Ekana Cricket Stadium, Lucknow",LSG,RCB,1.5726141078838174,26.77777777777778,0.7777777777777778,0.0,0.0,0.0,1.6122448979591837,0.4444444444444444,3.549019607843137,1.6129032258064515,24.8,0.8,0.0,0.0,0.0,56.6,9,4.666666666666667,1.6666666666666667,0.5555555555555556,0.0
Rajat Patidar,202650,2026-05-07,"Bharat Ratna Shri Atal Bihari Vajpayee Ekana Cricket Stadium, Lucknow",LSG,RCB,1.8686131386861313,17.125,0.875,0.0,0.0,0.0,1.433673469387755,0.5,2.9558823529411766,1.8253968253968254,12.6,1.0,0.0,0.0,0.0,37.6,8,1.75,3.0,0.5,0.0
Jitesh Sharma,202650,2026-05-07,"Bharat Ratna Shri Atal Bihari Vajpayee Ekana Cricket Stadium, Lucknow",LSG,RCB,1.103448275862069,6.444444444444445,0.7777777777777778,0.0,0.0,0.0,0.800453514739229,0.4444444444444444,0.9215686274509804,1.2307692307692308,7.8,0.8,0.0,0.0,0.0,27.6,9,0.5555555555555556,0.3333333333333333,1.1111111111111112,0.0
Tim David,202650,2026-05-07,"Bharat Ratna Shri Atal Bihari Vajpayee Ekana Cricket Stadium, Lucknow",LSG,RCB,1.8461538461538463,13.0,0.375,3.0,0.75,0.0,1.1428571428571428,0.5,2.2941176470588234,1.603448275862069,11.6,0.4,0.0,0.0,0.0,28.2,8,1.5,2.0,0.125,0.0
Krunal Pandya,202650,2026-05-07,"Bharat Ratna Shri Atal Bihari Vajpayee Ekana Cricket Stadium, Lucknow",LSG,RCB,1.1764705882352942,3.7777777777777777,0.2222222222222222,1.4491017964071857,18.555555555555557,1.0,1.0816326530612246,0.4444444444444444,0.7581699346405228,1.3928571428571428,5.6,0.2,1.3908045977011494,17.4,0.8,33.4,9,0.4444444444444444,0.2222222222222222,0.1111111111111111,0.0
Romario Shepherd,202650,2026-05-07,"Bharat Ratna Shri Atal Bihari Vajpayee Ekana Cricket Stadium, Lucknow",LSG,RCB,1.4,4.444444444444445,0.3333333333333333,2.0098039215686274,11.333333333333334,0.5555555555555556,0.9070294784580499,0.4444444444444444,0.8823529411764706,1.1851851851851851,5.4,0.4,1.7551020408163265,9.8,0.4,21.8,9,0.3333333333333333,0.4444444444444444,0.1111111111111111,0.0
Bhuvneshwar Kumar,202650,2026-05-07,"Bharat Ratna Shri Atal Bihari Vajpayee Ekana Cricket Stadium, Lucknow",LSG,RCB,1.08,2.7777777777777777,0.0,1.224770642201835,24.22222222222222,1.8888888888888888,1.6213151927437641,0.4444444444444444,0.6405228758169934,1.0588235294117647,3.4,0.0,1.0086206896551724,23.2,2.6,81.0,9,0.3333333333333333,0.0,0.1111111111111111,0.0
Josh Hazlewood,202650,2026-05-07,"Bharat Ratna Shri Atal Bihari Vajpayee Ekana Cricket Stadium, Lucknow",LSG,RCB,0.0,0.16666666666666666,0.16666666666666666,1.4965034965034965,23.833333333333332,1.3333333333333333,1.4761904761904763,0.6666666666666666,0.6470588235294118,0.0,0.2,0.2,1.4201680672268908,23.8,1.2,40.0,6,0.0,0.0,0.6666666666666666,0.0
Rasikh Salam Dar,202650,2026-05-07,"Bharat Ratna Shri Atal Bihari Vajpayee Ekana Cricket Stadium, Lucknow",LSG,RCB,0.0,0.0,0.0,1.3979591836734695,19.6,1.4,1.579591836734694,0.8,0.8,0.0,0.0,0.0,1.3979591836734695,19.6,1.4,42.2,5,0.0,0.0,0.2,0.0
Suyash Sharma,202650,2026-05-07,"Bharat Ratna Shri Atal Bihari Vajpayee Ekana Cricket Stadium, Lucknow",LSG,RCB,0.0,0.0,0.0,1.3621621621621622,23.125,0.875,1.038265306122449,0.5,0.5,0.0,0.0,0.0,1.3109243697478992,23.8,0.6,26.2,8,0.0,0.0,0.0,0.0
Mohammed Shami,202650,2026-05-07,"Bharat Ratna Shri Atal Bihari Vajpayee Ekana Cricket Stadium, Lucknow",LSG,RCB,1.4090909090909092,2.4444444444444446,0.4444444444444444,1.3811659192825112,24.77777777777778,0.8888888888888888,1.036281179138322,4.277777777777778,1.9084967320261437,1.4166666666666667,2.4,0.4,1.7049180327868851,24.4,0.8,31.2,9,0.2222222222222222,0.3333333333333333,0.3333333333333333,0.0
Prince Yadav,202650,2026-05-07,"Bharat Ratna Shri Atal Bihari Vajpayee Ekana Cricket Stadium, Lucknow",LSG,RCB,0.0,0.1111111111111111,0.0,1.2938388625592416,23.444444444444443,1.7777777777777777,1.2267573696145124,4.138888888888889,2.699346405228758,0.0,0.2,0.0,1.2212389380530972,22.6,1.8,41.4,9,0.0,0.0,0.2222222222222222,0.0
Mayank Yadav,202650,2026-05-07,"Bharat Ratna Shri Atal Bihari Vajpayee Ekana Cricket Stadium, Lucknow",LSG,RCB,0.8333333333333334,6.0,1.0,2.24,25.0,0.0,4.122448979591836,5.5,4.0,0.8333333333333334,6.0,1.0,2.24,25.0,0.0,10.0,1,1.0,0.0,0.0,0.0
Digvesh Singh Rathi,202650,2026-05-07,"Bharat Ratna Shri Atal Bihari Vajpayee Ekana Cricket Stadium, Lucknow",LSG,RCB,0.4,0.8333333333333334,0.0,1.527027027027027,24.666666666666668,0.5,1.0102040816326532,2.125,1.6372549019607845,0.4,1.0,0.0,1.4634146341463414,24.6,0.4,19.2,6,0.0,0.0,0.5,0.0
Shahbaz Ahmed,202650,2026-05-07,"Bharat Ratna Shri Atal Bihari Vajpayee Ekana Cricket Stadium, Lucknow",LSG,RCB,0.9375,16.0,0.0,2.6666666666666665,6.0,0.0,4.326530612244898,8.0,4.0,0.9375,16.0,0.0,2.6666666666666665,6.0,0.0,20.0,1,1.0,0.0,0.0,0.0
Pathum Nissanka,202651,2026-05-08,"Arun Jaitley Stadium, Delhi",DC,KKR,1.5133333333333334,16.666666666666668,1.0,0.0,0.0,0.0,1.1044444444444443,3.511111111111111,0.5380116959064327,1.578125,12.8,1.0,0.0,0.0,0.0,31.6,9,3.111111111111111,1.0,0.2222222222222222,0.0
Rahul,202651,2026-05-08,"Arun Jaitley Stadium, Delhi",DC,KKR,1.7315175097276265,25.7,1.0,0.0,0.0,0.0,1.598,7.3,0.4842105263157895,1.8223684210526316,30.4,0.8,0.0,0.0,0.0,77.6,10,4.4,2.4,0.2,0.0
Nitish Rana,202651,2026-05-08,"Arun Jaitley Stadium, Delhi",DC,KKR,1.4863013698630136,18.25,1.0,2.1153846153846154,3.25,0.125,1.2825,4.6,0.7368421052631579,1.6837606837606838,23.4,1.0,2.1153846153846154,5.2,0.2,57.2,8,3.25,1.25,0.375,0.125
Sameer Rizvi,202651,2026-05-08,"Arun Jaitley Stadium, Delhi",DC,KKR,1.456140350877193,19.0,0.6666666666666666,0.0,0.0,0.0,1.1866666666666665,4.422222222222222,0.584795321637427,1.4821428571428572,11.2,0.6,0.0,0.0,0.0,27.8,9,1.6666666666666667,1.8888888888888888,0.3333333333333333,0.0
Tristan Stubbs,202651,2026-05-08,"Arun Jaitley Stadium, Delhi",DC,KKR,1.3112244897959184,21.77777777777778,0.4444444444444444,0.0,0.0,0.0,1.1822222222222223,1.9333333333333331,0.584795321637427,1.3097345132743363,22.6,0.6,0.0,0.0,0.0,42.4,9,1.8888888888888888,1.0,0.3333333333333333,0.0
Axar Patel,202651,2026-05-08,"Arun Jaitley Stadium, Delhi",DC,KKR,0.868421052631579,3.8,0.6,1.3673469387755102,19.6,0.9,0.9460000000000001,2.1,1.668421052631579,0.3333333333333333,2.4,0.6,1.4782608695652173,18.4,0.8,26.0,10,0.3,0.0,0.2,0.0
Ashutosh Sharma,202651,2026-05-08,"Arun Jaitley Stadium, Delhi",DC,KKR,1.6363636363636365,11.0,0.75,0.0,0.0,0.0,1.515,1.9,1.2105263157894737,1.6363636363636365,11.0,0.75,0.0,0.0,0.0,29.75,4,1.75,1.0,0.5,0.0
Vipraj Nigam,202651,2026-05-08,"Arun Jaitley Stadium, Delhi",DC,KKR,1.7142857142857142,1.75,0.25,1.8444444444444446,11.25,0.5,1.32,4.2,1.6578947368421053,1.7142857142857142,1.75,0.25,1.8444444444444446,11.25,0.5,20.0,4,0.5,0.0,0.0,0.0
Mitchell Starc,202651,2026-05-08,"Arun Jaitley Stadium, Delhi",DC,KKR,0.0,0.0,0.0,1.3529411764705883,25.5,1.5,2.87,2.0,4.2894736842105265,0.0,0.0,0.0,1.3529411764705883,25.5,1.5,47.5,2,0.0,0.0,0.5,0.0
Lungi Ngidi,202651,2026-05-08,"Arun Jaitley Stadium, Delhi",DC,KKR,0.5,0.8571428571428571,0.2857142857142857,1.369942196531792,24.714285714285715,1.1428571428571428,1.157142857142857,2.7142857142857144,2.1052631578947367,0.5,1.2,0.4,1.3968253968253967,25.2,0.8,24.2,7,0.0,0.0,0.0,0.0
Ajinkya Rahane,202651,2026-05-08,"Arun Jaitley Stadium, Delhi",DC,KKR,1.2576687116564418,18.11111111111111,0.8888888888888888,0.0,0.0,0.0,1.0377777777777777,0.4444444444444444,1.865497076023392,1.0253164556962024,15.8,1.0,0.0,0.0,0.0,25.0,9,1.3333333333333333,1.2222222222222223,0.3333333333333333,0.0
Finn Allen,202651,2026-05-08,"Arun Jaitley Stadium, Delhi",DC,KKR,1.896551724137931,9.666666666666666,1.0,0.0,0.0,0.0,1.1266666666666667,0.6666666666666666,1.8771929824561404,1.825,8.0,1.0,0.0,0.0,0.0,22.2,6,2.6666666666666665,1.0,0.0,0.0
Angkrish Raghuvanshi,202651,2026-05-08,"Arun Jaitley Stadium, Delhi",DC,KKR,1.3137254901960784,22.666666666666668,0.8888888888888888,0.0,0.0,0.0,1.251111111111111,0.4444444444444444,2.4269005847953213,1.118811881188119,20.2,1.0,0.0,0.0,0.0,35.0,9,3.2222222222222223,1.0,0.3333333333333333,0.0
Cameron Green,202651,2026-05-08,"Arun Jaitley Stadium, Delhi",DC,KKR,1.4316546762589928,15.444444444444445,0.5555555555555556,1.7945205479452055,8.11111111111111,0.3333333333333333,1.28,0.4444444444444444,1.8538011695906436,1.4444444444444444,19.8,0.6,1.7457627118644068,11.8,0.4,59.6,9,1.7777777777777777,1.1111111111111112,0.6666666666666666,0.0
Anukul Roy,202651,2026-05-08,"Arun Jaitley Stadium, Delhi",DC,KKR,1.3928571428571428,3.5,0.375,1.3761467889908257,13.625,0.75,1.0875,0.5,0.7697368421052632,1.5,5.2,0.4,1.4576271186440677,11.8,0.6,32.4,8,0.25,0.25,0.5,0.125
Vaibhav Arora,202651,2026-05-08,"Arun Jaitley Stadium, Delhi",DC,KKR,0.3333333333333333,0.375,0.0,1.6122448979591837,24.5,1.25,1.2075,0.5,0.506578947368421,0.0,0.2,0.0,1.462809917355372,24.2,1.0,33.0,8,0.0,0.0,0.125,0.0
Sunil Narine,202651,2026-05-08,"Arun Jaitley Stadium, Delhi",DC,KKR,1.2121212121212122,4.125,0.375,1.1375661375661377,23.625,1.375,1.3575,0.5,0.8157894736842105,1.0,5.6,0.4,1.08130081300813,24.6,1.8,59.4,8,0.25,0.5,0.25,0.0
Kartik Tyagi,202651,2026-05-08,"Arun Jaitley Stadium, Delhi",DC,KKR,1.2222222222222223,1.125,0.25,1.5128205128205128,24.375,1.375,1.2925,0.5,0.5921052631578947,1.5,0.8,0.2,1.3650793650793651,25.2,1.6,49.6,8,0.125,0.125,0.375,0.0
Varun Chakaravarthy,202651,2026-05-08,"Arun Jaitley Stadium, Delhi",DC,KKR,0.0,0.14285714285714285,0.14285714285714285,1.4451612903225806,22.142857142857142,1.4285714285714286,1.3485714285714285,0.5714285714285714,0.556390977443609,0.0,0.0,0.0,1.2393162393162394,23.4,2.0,55.6,7,0.0,0.0,0.2857142857142857,0.0
Kuldeep Yadav,202651,2026-05-08,"Arun Jaitley Stadium, Delhi",DC,KKR,0.391304347826087,2.3,0.2,1.715846994535519,18.3,0.7,0.784,1.98,1.3631578947368421,0.26666666666666666,3.0,0.2,1.9,16.0,0.4,14.8,10,0.0,0.0,0.1,0.0
Mukesh Kumar,202651,2026-05-08,"Arun Jaitley Stadium, Delhi",DC,KKR,0.0,0.0,0.0,1.7116564417177915,23.285714285714285,0.8571428571428571,1.042857142857143,3.8857142857142857,1.8120300751879699,0.0,0.0,0.0,1.8709677419354838,24.8,0.6,21.4,7,0.0,0.0,0.2857142857142857,0.14285714285714285
Sai Sudharsan,202652,2026-05-09,"Sawai Mansingh Stadium, Jaipur",GT,RR,1.54,25.0,1.0,0.0,0.0,0.0,1.4607843137254901,0.4,0.5894736842105263,1.6233766233766234,30.8,1.0,0.0,0.0,0.0,74.2,10,3.8,1.8,0.3,0.1
Shubman Gill,202652,2026-05-09,"Sawai Mansingh Stadium, Jaipur",GT,RR,1.5,28.0,0.8888888888888888,0.0,0.0,0.0,1.6013071895424837,0.4444444444444444,0.7953216374269005,1.4941176470588236,17.0,0.8,0.0,0.0,0.0,40.0,9,3.888888888888889,1.8888888888888888,0.6666666666666666,0.1111111111111111
Jos Buttler,202652,2026-05-09,"Sawai Mansingh Stadium, Jaipur",GT,RR,1.4955357142857142,22.4,0.9,0.0,0.0,0.0,1.464705882352941,0.4,1.0526315789473686,1.3958333333333333,19.2,0.8,0.0,0.0,0.0,46.4,10,3.4,1.7,1.3,0.1
Washington Sundar,202652,2026-05-09,"Sawai Mansingh Stadium, Jaipur",GT,RR,1.4217687074829932,14.7,0.6,1.6451612903225807,3.1,0.1,1.0058823529411764,0.4,0.7,1.462686567164179,13.4,0.4,2.1666666666666665,1.2,0.0,30.2,10,2.3,0.6,0.4,0.0
Jason Holder,202652,2026-05-09,"Sawai Mansingh Stadium, Jaipur",GT,RR,1.4814814814814814,6.75,0.5,1.1428571428571428,24.5,1.75,2.343137254901961,1.0,3.986842105263158,1.4814814814814814,6.75,0.5,1.1428571428571428,24.5,1.75,72.5,4,0.25,0.75,1.25,0.0
Rahul Tewatia,202652,2026-05-09,"Sawai Mansingh Stadium, Jaipur",GT,RR,1.0833333333333333,9.0,0.375,0.0,0.0,0.0,0.7549019607843137,0.5,0.6052631578947368,1.0188679245283019,10.6,0.4,0.0,0.0,0.0,17.6,8,1.0,0.125,0.25,0.0
Yashasvi Jaiswal,202652,2026-05-09,"Sawai Mansingh Stadium, Jaipur",GT,RR,1.4951923076923077,20.8,0.8,0.0,0.0,0.0,1.2137254901960783,1.4,2.5,1.4941176470588236,17.0,1.0,0.0,0.0,0.0,36.0,10,3.6,1.4,0.2,0.0
Vaibhav Sooryavanshi,202652,2026-05-09,"Sawai Mansingh Stadium, Jaipur",GT,RR,2.3085714285714287,17.5,1.0,0.0,0.0,0.0,1.4803921568627452,8.45,3.3,2.125,19.2,1.0,0.0,0.0,0.0,60.6,10,3.5,3.7,0.0,0.0
Dhruv Jurel,202652,2026-05-09,"Sawai Mansingh Stadium, Jaipur",GT,RR,1.445,20.0,0.9,0.0,0.0,0.0,1.3176470588235294,7.0,2.294736842105263,1.1770833333333333,19.2,1.0,0.0,0.0,0.0,43.4,10,2.9,1.1,1.3,0.0
Shimron Hetmyer,202652,2026-05-09,"Sawai Mansingh Stadium, Jaipur",GT,RR,1.0746268656716418,11.166666666666666,0.8333333333333334,0.0,0.0,0.0,1.0718954248366013,1.6666666666666667,1.368421052631579,0.9310344827586207,11.6,0.8,0.0,0.0,0.0,22.6,6,0.6666666666666666,0.5,0.8333333333333334,0.0
Ravindra Jadeja,202652,2026-05-09,"Sawai Mansingh Stadium, Jaipur",GT,RR,1.2063492063492063,14.0,0.3333333333333333,1.3157894736842106,14.777777777777779,0.7777777777777778,1.2091503267973858,3.388888888888889,1.4269005847953218,1.3818181818181818,11.0,0.4,1.2857142857142858,18.2,0.8,41.0,9,1.3333333333333333,0.2222222222222222,0.1111111111111111,0.0
Donovan Ferreira,202652,2026-05-09,"Sawai Mansingh Stadium, Jaipur",GT,RR,1.7218045112781954,16.625,0.625,2.3333333333333335,0.75,0.125,1.428921568627451,9.5,2.460526315789474,1.8705882352941177,17.0,0.6,2.3333333333333335,1.2,0.2,58.2,8,2.625,2.0,0.875,0.0
Shubham Dubey,202652,2026-05-09,"Sawai Mansingh Stadium, Jaipur",GT,RR,1.75,10.666666666666666,0.3333333333333333,0.0,0.0,0.0,1.7712418300653594,2.5,2.508771929824561,1.75,10.666666666666666,0.3333333333333333,0.0,0.0,0.0,26.333333333333332,3,2.3333333333333335,0.6666666666666666,0.0,0.0
Dasun Shanaka,202652,2026-05-09,"Sawai Mansingh Stadium, Jaipur",GT,RR,0.0,0.0,0.0,0.0,0.0,0.0,0.0,0.0,0.0,0.0,0.0,0.0,0.0,0.0,0.0,0.0,0,0.0,0.0,0.0,0.0
Jofra Archer,202652,2026-05-09,"Sawai Mansingh Stadium, Jaipur",GT,RR,0.8235294117647058,1.7,0.1,1.4130434782608696,23.0,1.7,1.3294117647058825,4.7,0.4789473684210527,1.2222222222222223,1.8,0.0,1.4206349206349207,25.2,1.8,53.6,10,0.1,0.0,0.4,0.1
Tushar Deshpande,202652,2026-05-09,"Sawai Mansingh Stadium, Jaipur",GT,RR,2.272727272727273,2.2,0.2,1.8653846153846154,20.8,0.8,1.3450980392156864,3.3,1.1263157894736842,2.272727272727273,2.2,0.2,1.8653846153846154,20.8,0.8,31.8,5,0.0,0.6,0.2,0.0
Brijesh Sharma,202652,2026-05-09,"Sawai Mansingh Stadium, Jaipur",GT,RR,0.3333333333333333,0.42857142857142855,0.0,1.4527027027027026,21.142857142857142,1.0,1.0868347338935573,4.142857142857143,0.5789473684210525,0.3333333333333333,0.6,0.0,1.5384615384615385,20.8,0.8,24.2,7,0.0,0.0,0.14285714285714285,0.0
Yash Raj Punja,202652,2026-05-09,"Sawai Mansingh Stadium, Jaipur",GT,RR,0.0,0.0,0.0,1.3958333333333333,24.0,1.5,2.735294117647059,2.0,2.0,0.0,0.0,0.0,1.3958333333333333,24.0,1.5,41.5,2,0.0,0.0,0.0,0.0
Mohammed Siraj,202652,2026-05-09,"Sawai Mansingh Stadium, Jaipur",GT,RR,0.0,0.4,0.1,1.3245614035087718,22.8,1.2,1.0294117647058825,0.4,2.1,0.0,0.8,0.2,1.2434782608695651,23.0,1.2,33.6,10,0.0,0.0,0.3,0.0
Kagiso Rabada,202652,2026-05-09,"Sawai Mansingh Stadium, Jaipur",GT,RR,1.1290322580645162,3.1,0.1,1.4918032786885247,24.4,1.6,1.384313725490196,0.4,2.8210526315789473,0.8571428571428571,2.8,0.2,1.3870967741935485,24.8,1.8,59.0,10,0.3,0.2,0.3,0.0
Sai Kishore,202652,2026-05-09,"Sawai Mansingh Stadium, Jaipur",GT,RR,0.0,0.0,0.0,0.0,0.0,0.0,0.0,0.0,0.0,0.0,0.0,0.0,0.0,0.0,0.0,0.0,0,0.0,0.0,0.0,0.0
Rashid Khan,202652,2026-05-09,"Sawai Mansingh Stadium, Jaipur",GT,RR,1.09375,3.2,0.3,1.3771929824561404,22.8,1.1,1.0705882352941176,0.4,1.994736842105263,0.9166666666666666,2.4,0.2,1.4666666666666666,21.0,1.0,34.6,10,0.4,0.0,0.3,0.0
Josh Inglis,202653,2026-05-10,"MA Chidambaram Stadium, Chennai",LSG,CSK,2.6,5.0,1.0,0.0,0.0,0.0,4.461538461538462,4.0,4.4,2.6,5.0,1.0,0.0,0.0,0.0,28.0,1,3.0,0.0,1.0,0.0
Mitchell Marsh,202653,2026-05-10,"MA Chidambaram Stadium, Chennai",LSG,CSK,1.4798387096774193,24.8,1.1,0.0,0.0,0.0,1.3615384615384616,0.4,0.52,1.605095541401274,31.4,1.0,0.0,0.0,0.0,76.4,10,3.1,2.3,0.3,0.0
Nicholas Pooran,202653,2026-05-10,"MA Chidambaram Stadium, Chennai",LSG,CSK,1.1883116883116882,15.4,1.1,0.0,0.0,0.0,0.9211538461538462,0.4,0.62,1.4536082474226804,19.4,1.2,0.0,0.0,0.0,46.8,10,1.0,1.3,0.4,0.1
Rishabh Pant,202653,2026-05-10,"MA Chidambaram Stadium, Chennai",LSG,CSK,1.3314606741573034,17.8,0.7,0.0,0.0,0.0,1.1076923076923078,0.4,0.82,1.4615384615384615,18.2,0.8,0.0,0.0,0.0,43.4,10,2.3,0.9,0.9,0.1
Aiden Markram,202653,2026-05-10,"MA Chidambaram Stadium, Chennai",LSG,CSK,1.3719512195121952,16.4,0.9,1.9714285714285715,3.5,0.0,1.0173076923076922,0.4,0.6799999999999999,1.25,16.8,0.8,2.1578947368421053,3.8,0.0,34.2,10,2.0,1.1,0.7,0.0
Akshat Raghuwanshi,202653,2026-05-10,"MA Chidambaram Stadium, Chennai",LSG,CSK,1.5714285714285714,7.0,1.0,0.0,0.0,0.0,4.25,4.0,4.0,1.5714285714285714,7.0,1.0,0.0,0.0,0.0,17.0,1,0.0,1.0,0.0,0.0
Shahbaz Ahmed,202653,2026-05-10,"MA Chidambaram Stadium, Chennai",LSG,CSK,0.9375,8.0,0.0,1.8461538461538463,13.0,1.0,2.6346153846153846,2.0,3.25,0.9375,8.0,0.0,1.8461538461538463,13.0,1.0,37.0,2,0.5,0.0,0.0,0.0
Himmat Singh,202653,2026-05-10,"MA Chidambaram Stadium, Chennai",LSG,CSK,1.2295081967213115,15.25,0.5,0.0,0.0,0.0,1.4182692307692308,1.0,1.0,1.2295081967213115,15.25,0.5,0.0,0.0,0.0,25.75,4,1.0,1.0,0.0,0.0
Mohammed Shami,202653,2026-05-10,"MA Chidambaram Stadium, Chennai",LSG,CSK,1.4090909090909092,2.2,0.4,1.372,25.0,0.9,0.95,0.4,1.645,1.5454545454545454,2.2,0.2,1.5954198473282444,26.2,1.0,36.6,10,0.2,0.3,0.3,0.0
Sanju Samson,202653,2026-05-10,"MA Chidambaram Stadium, Chennai",LSG,CSK,1.6326530612244898,24.5,0.7,0.0,0.0,0.0,1.4692307692307691,5.4799999999999995,3.1,1.6044776119402986,26.8,0.6,0.0,0.0,0.0,66.0,10,4.2,2.1,0.2,0.0
Ruturaj Gaikwad,202653,2026-05-10,"MA Chidambaram Stadium, Chennai",LSG,CSK,1.1205357142857142,22.4,0.8,0.0,0.0,0.0,1.0884615384615386,5.4,1.9300000000000002,1.175,32.0,0.6,0.0,0.0,0.0,60.0,10,2.3,0.8,0.5,0.1
Urvil Patel,202653,2026-05-10,"MA Chidambaram Stadium, Chennai",LSG,CSK,1.875,8.0,1.0,0.0,0.0,0.0,1.7435897435897436,4.2,2.2666666666666666,1.875,8.0,1.0,0.0,0.0,0.0,25.333333333333332,3,1.0,1.3333333333333333,0.3333333333333333,0.0
Kartik Sharma,202653,2026-05-10,"MA Chidambaram Stadium, Chennai",LSG,CSK,1.2439024390243902,17.571428571428573,0.7142857142857143,0.0,0.0,0.0,1.1153846153846154,3.1714285714285713,1.9285714285714286,1.2884615384615385,20.8,0.6,0.0,0.0,0.0,39.4,7,1.5714285714285714,1.2857142857142858,0.14285714285714285,0.0
Dewald Brevis,202653,2026-05-10,"MA Chidambaram Stadium, Chennai",LSG,CSK,1.103448275862069,9.666666666666666,0.6666666666666666,0.0,0.0,0.0,1.1762820512820513,4.366666666666666,1.2916666666666667,1.103448275862069,11.6,0.8,0.0,0.0,0.0,30.2,6,0.8333333333333334,0.6666666666666666,1.6666666666666667,0.0
Prashant Veer,202653,2026-05-10,"MA Chidambaram Stadium, Chennai",LSG,CSK,1.3611111111111112,12.0,0.3333333333333333,2.0833333333333335,4.0,0.0,1.705128205128205,1.8,2.3000000000000003,1.3611111111111112,12.0,0.3333333333333333,2.0833333333333335,4.0,0.0,23.333333333333332,3,2.3333333333333335,0.3333333333333333,0.0,0.0
Shivam Dube,202653,2026-05-10,"MA Chidambaram Stadium, Chennai",LSG,CSK,1.293103448275862,14.5,0.625,1.9473684210526316,2.375,0.125,1.0408653846153846,3.825,1.6,1.208955223880597,13.4,0.6,1.1666666666666667,1.2,0.0,26.0,8,1.75,0.75,0.375,0.0
Akeal Hosein,202653,2026-05-10,"MA Chidambaram Stadium, Chennai",LSG,CSK,1.0,0.4,0.0,1.1851851851851851,21.6,1.4,1.5884615384615386,3.12,0.82,1.0,0.4,0.0,1.1851851851851851,21.6,1.4,45.0,5,0.0,0.0,0.2,0.0
Mukesh Choudhary,202653,2026-05-10,"MA Chidambaram Stadium, Chennai",LSG,CSK,0.0,0.0,0.0,1.345679012345679,20.25,1.0,1.5576923076923077,1.0,1.0,0.0,0.0,0.0,1.345679012345679,20.25,1.0,33.0,4,0.0,0.0,0.5,0.0
Anshul Kamboj,202653,2026-05-10,"MA Chidambaram Stadium, Chennai",LSG,CSK,1.25,3.2,0.0,1.4394618834080717,22.3,1.8,1.3596153846153847,5.720000000000001,0.63,1.4444444444444444,1.8,0.0,1.2692307692307692,20.8,1.6,45.2,10,0.2,0.2,0.2,0.0
Noor Ahmad,202653,2026-05-10,"MA Chidambaram Stadium, Chennai",LSG,CSK,0.5263157894736842,1.9,0.2,1.4170403587443947,22.3,1.1,0.973076923076923,3.8,0.45999999999999996,1.0,0.2,0.0,1.205128205128205,23.4,1.2,35.8,10,0.0,0.1,0.4,0.0
Jamie Overton,202653,2026-05-10,"MA Chidambaram Stadium, Chennai",LSG,CSK,1.511111111111111,10.0,0.5555555555555556,1.4466666666666668,16.666666666666668,1.2222222222222223,1.4188034188034189,4.266666666666667,1.338888888888889,1.5806451612903225,6.2,0.6,1.3625,16.0,1.2,46.6,9,1.4444444444444444,0.6666666666666666,0.1111111111111111,0.0
Prince Yadav,202653,2026-05-10,"MA Chidambaram Stadium, Chennai",LSG,CSK,0.0,0.1,0.0,1.3063829787234043,23.5,1.9,1.2461538461538462,0.4,2.6,0.0,0.2,0.0,1.1864406779661016,23.6,1.8,44.6,10,0.0,0.0,0.4,0.0
Digvesh Singh Rathi,202653,2026-05-10,"MA Chidambaram Stadium, Chennai",LSG,CSK,0.4,0.7142857142857143,0.0,1.6011560693641618,24.714285714285715,0.42857142857142855,0.8708791208791208,0.5714285714285714,1.3357142857142856,0.4,1.0,0.0,1.653225806451613,24.8,0.2,14.2,7,0.0,0.0,0.5714285714285714,0.0
Avesh Khan,202653,2026-05-10,"MA Chidambaram Stadium, Chennai",LSG,CSK,0.8571428571428571,1.1666666666666667,0.16666666666666666,1.8125,21.333333333333332,0.8333333333333334,1.1153846153846154,0.6666666666666666,1.7750000000000001,0.8571428571428571,1.4,0.2,1.8846153846153846,20.8,0.6,22.0,6,0.16666666666666666,0.0,0.16666666666666666,0.0
Ryan Rickelton,202654,2026-05-10,"Shaheed Veer Narayan Singh International Stadium, Raipur",MI,RCB,1.853658536585366,25.625,0.875,0.0,0.0,0.0,1.8052884615384615,0.0,0.7105263157894737,1.9315068493150684,29.2,0.8,0.0,0.0,0.0,85.0,8,3.125,4.125,0.5,0.0
Rohit Sharma,202654,2026-05-10,"Shaheed Veer Narayan Singh International Stadium, Raipur",MI,RCB,1.7,26.0,1.0,0.0,0.0,0.0,1.9,0.0,0.8,1.7,26.0,1.0,0.0,0.0,0.0,61.2,5,3.8,3.0,0.0,0.0
Naman Dhir,202654,2026-05-10,"Shaheed Veer Narayan Singh International Stadium, Raipur",MI,RCB,1.4970760233918128,17.1,0.8,0.0,0.0,0.0,1.1057692307692308,0.0,0.6736842105263158,1.4411764705882353,20.4,0.8,0.0,0.0,0.0,48.6,10,2.5,1.0,0.6,0.0
Suryakumar Yadav,202654,2026-05-10,"Shaheed Veer Narayan Singh International Stadium, Raipur",MI,RCB,1.3732394366197183,14.2,1.0,0.0,0.0,0.0,0.8961538461538462,0.0,0.5263157894736843,1.3088235294117647,13.6,1.0,0.0,0.0,0.0,28.2,10,2.3,0.5,0.3,0.0
Tilak Varma,202654,2026-05-10,"Shaheed Veer Narayan Singh International Stadium, Raipur",MI,RCB,1.5,13.6,0.9,0.0,0.0,0.0,1.0134615384615384,0.0,0.6947368421052632,1.5631067961165048,20.6,0.8,0.0,0.0,0.0,48.4,10,2.1,0.8,0.7,0.0
Will Jacks,202654,2026-05-10,"Shaheed Veer Narayan Singh International Stadium, Raipur",MI,RCB,1.7272727272727273,11.0,0.6666666666666666,2.789473684210526,6.333333333333333,0.3333333333333333,1.9935897435897436,0.0,1.912280701754386,1.7272727272727273,11.0,0.6666666666666666,2.789473684210526,6.333333333333333,0.3333333333333333,38.333333333333336,3,1.6666666666666667,1.3333333333333333,0.3333333333333333,0.0
Raj Bawa,202654,2026-05-10,"Shaheed Veer Narayan Singh International Stadium, Raipur",MI,RCB,0.0,0.0,0.0,0.0,0.0,0.0,0.0,0.0,0.0,0.0,0.0,0.0,0.0,0.0,0.0,0.0,0,0.0,0.0,0.0,0.0
Corbin Bosch,202654,2026-05-10,"Shaheed Veer Narayan Singh International Stadium, Raipur",MI,RCB,2.75,2.0,0.0,1.7352941176470589,17.0,1.5,2.8461538461538463,0.0,3.973684210526316,2.75,2.0,0.0,1.7352941176470589,17.0,1.5,48.0,2,1.0,0.0,0.0,0.0
Deepak Chahar,202654,2026-05-10,"Shaheed Veer Narayan Singh International Stadium, Raipur",MI,RCB,1.2,1.25,0.0,1.911764705882353,17.0,0.25,1.1923076923076923,0.0,1.4342105263157894,1.2,1.25,0.0,1.911764705882353,17.0,0.25,14.0,4,0.25,0.0,0.25,0.0
Jacob Bethell,202654,2026-05-10,"Shaheed Veer Narayan Singh International Stadium, Raipur",MI,RCB,1.2647058823529411,8.5,1.0,0.0,0.0,0.0,1.2932692307692308,0.0,1.6973684210526316,1.2647058823529411,8.5,1.0,0.0,0.0,0.0,19.25,4,1.5,0.5,0.25,0.0
Virat Kohli,202654,2026-05-10,"Shaheed Veer Narayan Singh International Stadium, Raipur",MI,RCB,1.559670781893004,24.3,0.8,0.0,0.0,0.0,1.3865384615384615,0.0,2.889473684210526,1.6593406593406594,18.2,0.8,0.0,0.0,0.0,44.8,10,4.2,1.5,0.5,0.0
Devdutt Padikkal,202654,2026-05-10,"Shaheed Veer Narayan Singh International Stadium, Raipur",MI,RCB,1.7752808988764044,19.77777777777778,0.8888888888888888,0.0,0.0,0.0,1.4957264957264957,0.0,2.8304093567251463,1.7403846153846154,20.8,0.8,0.0,0.0,0.0,56.2,9,3.3333333333333335,2.111111111111111,1.1111111111111112,0.0
Rajat Patidar,202654,2026-05-10,"Shaheed Veer Narayan Singh International Stadium, Raipur",MI,RCB,1.8757396449704142,18.77777777777778,0.8888888888888888,0.0,0.0,0.0,1.4230769230769231,0.0,2.888888888888889,1.7571428571428571,14.0,1.0,0.0,0.0,0.0,39.4,9,1.8888888888888888,3.3333333333333335,0.5555555555555556,0.0
Krunal Pandya,202654,2026-05-10,"Shaheed Veer Narayan Singh International Stadium, Raipur",MI,RCB,1.36,5.0,0.2,1.421875,19.2,1.0,1.0692307692307692,0.0,0.8315789473684211,1.5227272727272727,8.8,0.2,1.3255813953488371,17.2,0.6,36.8,10,0.6,0.4,0.2,0.0
Jitesh Sharma,202654,2026-05-10,"Shaheed Veer Narayan Singh International Stadium, Raipur",MI,RCB,1.0655737704918034,6.1,0.8,0.0,0.0,0.0,0.7038461538461538,0.0,0.7894736842105263,0.7878787878787878,6.6,0.8,0.0,0.0,0.0,20.4,10,0.5,0.3,1.0,0.0
Tim David,202654,2026-05-10,"Shaheed Veer Narayan Singh International Stadium, Raipur",MI,RCB,1.886178861788618,13.666666666666666,0.4444444444444444,3.0,0.6666666666666666,0.0,1.0897435897435899,0.0,2.1637426900584793,1.6229508196721312,12.2,0.6,0.0,0.0,0.0,29.8,9,1.7777777777777777,2.111111111111111,0.1111111111111111,0.0
Romario Shepherd,202654,2026-05-10,"Shaheed Veer Narayan Singh International Stadium, Raipur",MI,RCB,1.4107142857142858,5.6,0.3,2.0833333333333335,10.8,0.5,0.8461538461538461,0.0,0.9,1.1714285714285715,7.0,0.4,1.9272727272727272,11.0,0.4,24.0,10,0.6,0.5,0.1,0.0
Rasikh Salam Dar,202654,2026-05-10,"Shaheed Veer Narayan Singh International Stadium, Raipur",MI,RCB,0.0,0.0,0.0,1.5528455284552845,20.5,1.3333333333333333,1.3589743589743588,0.0,0.6666666666666666,0.0,0.0,0.0,1.5849056603773586,21.2,1.2,35.6,6,0.0,0.0,0.16666666666666666,0.0
Bhuvneshwar Kumar,202654,2026-05-10,"Shaheed Veer Narayan Singh International Stadium, Raipur",MI,RCB,1.08,2.5,0.0,1.243801652892562,24.2,1.7,1.398076923076923,0.0,0.5578947368421052,1.0588235294117647,3.4,0.0,1.0782608695652174,23.0,2.0,65.2,10,0.3,0.0,0.1,0.0
Josh Hazlewood,202654,2026-05-10,"Shaheed Veer Narayan Singh International Stadium, Raipur",MI,RCB,0.0,0.14285714285714285,0.14285714285714285,1.5470588235294118,24.285714285714285,1.2857142857142858,1.293956043956044,0.0,0.556390977443609,0.0,0.2,0.2,1.6198347107438016,24.2,1.2,40.0,7,0.0,0.0,0.5714285714285714,0.0
Suyash Sharma,202654,2026-05-10,"Shaheed Veer Narayan Singh International Stadium, Raipur",MI,RCB,0.0,0.0,0.0,1.385786802030457,21.88888888888889,0.7777777777777778,0.8952991452991453,0.0,0.4444444444444444,0.0,0.0,0.0,1.3364485981308412,21.4,0.6,26.2,9,0.0,0.0,0.0,0.0
Jasprit Bumrah,202654,2026-05-10,"Shaheed Veer Narayan Singh International Stadium, Raipur",MI,RCB,0.875,0.8,0.1,1.3916666666666666,24.0,0.4,0.5980769230769231,0.0,0.9,0.3333333333333333,1.2,0.2,1.4201680672268908,23.8,0.6,21.0,10,0.1,0.0,0.1,0.1
AM Ghazanfar,202654,2026-05-10,"Shaheed Veer Narayan Singh International Stadium, Raipur",MI,RCB,0.0,0.0,0.0,1.6306818181818181,22.0,1.5,1.2211538461538463,0.0,2.473684210526316,0.0,0.0,0.0,1.605263157894737,22.8,1.6,44.0,8,0.0,0.0,0.0,0.0
Priyansh Arya,202655,2026-05-11,"Himachal Pradesh Cricket Association Stadium, Dharamsala",PBKS,DC,2.288,13.88888888888889,1.0,0.0,0.0,0.0,1.2160493827160495,0.0,0.4444444444444444,2.27027027027027,14.8,1.0,0.0,0.0,0.0,47.4,9,2.3333333333333335,2.888888888888889,0.0,0.0
Prabhsimran Singh,202655,2026-05-11,"Himachal Pradesh Cricket Association Stadium, Dharamsala",PBKS,DC,1.6545454545454545,22.0,0.8,0.0,0.0,0.0,1.338888888888889,0.0,0.6,1.6630434782608696,18.4,1.0,0.0,0.0,0.0,46.4,10,3.9,1.7,0.5,0.0
Shreyas Iyer,202655,2026-05-11,"Himachal Pradesh Cricket Association Stadium, Dharamsala",PBKS,DC,1.5781990521327014,23.444444444444443,0.7777777777777778,0.0,0.0,0.0,1.41358024691358,0.0,0.6666666666666666,1.3265306122448979,19.6,0.8,0.0,0.0,0.0,42.8,9,2.4444444444444446,2.4444444444444446,0.5555555555555556,0.0
Cooper Connolly,202655,2026-05-11,"Himachal Pradesh Cricket Association Stadium, Dharamsala",PBKS,DC,1.6462882096069869,25.444444444444443,0.7777777777777778,0.0,0.0,0.0,1.5349794238683128,0.0,0.6222222222222222,1.7720588235294117,27.2,0.8,0.0,0.0,0.0,72.6,9,3.4444444444444446,2.888888888888889,0.4444444444444444,0.0
Marcus Stoinis,202655,2026-05-11,"Himachal Pradesh Cricket Association Stadium, Dharamsala",PBKS,DC,1.7623762376237624,12.625,0.5,1.6363636363636365,4.125,0.125,1.0949074074074074,0.0,0.70625,1.8068181818181819,17.6,0.6,1.4230769230769231,5.2,0.2,51.2,8,2.25,1.375,0.125,0.0
Shashank Singh,202655,2026-05-11,"Himachal Pradesh Cricket Association Stadium, Dharamsala",PBKS,DC,1.7619047619047619,6.0,0.42857142857142855,1.2580645161290323,4.428571428571429,0.42857142857142855,1.0264550264550265,0.0,1.1642857142857144,1.8666666666666667,6.0,0.4,1.2580645161290323,6.2,0.6,34.4,7,1.0,0.5714285714285714,0.14285714285714285,0.0
Suryansh Shedge,202655,2026-05-11,"Himachal Pradesh Cricket Association Stadium, Dharamsala",PBKS,DC,1.7708333333333333,16.0,0.6666666666666666,0.0,0.0,0.0,2.1666666666666665,0.0,1.7333333333333334,1.7708333333333333,16.0,0.6666666666666666,0.0,0.0,0.0,49.0,3,1.3333333333333333,2.3333333333333335,1.0,0.0
Rahul,202655,2026-05-11,"Himachal Pradesh Cricket Association Stadium, Dharamsala",PBKS,DC,1.7269372693726937,24.636363636363637,1.0,0.0,0.0,0.0,1.4175084175084176,0.0,3.1363636363636362,1.852112676056338,28.4,0.8,0.0,0.0,0.0,74.2,11,4.363636363636363,2.1818181818181817,0.18181818181818182,0.0
Abishek Porel,202655,2026-05-11,"Himachal Pradesh Cricket Association Stadium, Dharamsala",PBKS,DC,0.8823529411764706,34.0,1.0,0.0,0.0,0.0,4.611111111111111,0.0,5.65,0.8823529411764706,34.0,1.0,0.0,0.0,0.0,37.0,1,3.0,0.0,0.0,0.0
Sahil Parakh,202655,2026-05-11,"Himachal Pradesh Cricket Association Stadium, Dharamsala",PBKS,DC,0.0,2.0,1.0,0.0,0.0,0.0,3.962962962962963,0.0,3.9,0.0,2.0,1.0,0.0,0.0,0.0,2.0,1,0.0,0.0,0.0,0.0
KL Rahul,202655,2026-05-11,"Himachal Pradesh Cricket Association Stadium, Dharamsala",PBKS,DC,0.0,0.0,0.0,0.0,0.0,0.0,0.0,0.0,0.0,0.0,0.0,0.0,0.0,0.0,0.0,0.0,0,0.0,0.0,0.0,0.0
Tristan Stubbs,202655,2026-05-11,"Himachal Pradesh Cricket Association Stadium, Dharamsala",PBKS,DC,1.295,20.0,0.5,0.0,0.0,0.0,1.0185185185185186,0.0,1.95,1.3043478260869565,13.8,0.8,0.0,0.0,0.0,26.4,10,1.7,0.9,0.3,0.0
Axar Patel,202655,2026-05-11,"Himachal Pradesh Cricket Association Stadium, Dharamsala",PBKS,DC,0.7213114754098361,5.545454545454546,0.6363636363636364,1.3409090909090908,20.0,0.9090909090909091,0.8838383838383838,0.0,0.5590909090909091,0.40625,6.4,0.6,1.3461538461538463,20.8,0.8,27.8,11,0.2727272727272727,0.0,0.18181818181818182,0.0
David Miller,202655,2026-05-11,"Himachal Pradesh Cricket Association Stadium, Dharamsala",PBKS,DC,1.3516483516483517,11.375,0.5,0.0,0.0,0.0,0.8912037037037037,0.0,1.40625,1.22,10.0,0.6,0.0,0.0,0.0,21.2,8,1.5,0.75,0.375,0.0
Ashutosh Sharma,202655,2026-05-11,"Himachal Pradesh Cricket Association Stadium, Dharamsala",PBKS,DC,1.5416666666666667,14.4,0.8,0.0,0.0,0.0,1.3592592592592594,0.0,2.15,1.5416666666666667,14.4,0.8,0.0,0.0,0.0,34.2,5,2.0,1.4,0.4,0.0
Madhav Tiwari,202655,2026-05-11,"Himachal Pradesh Cricket Association Stadium, Dharamsala",PBKS,DC,0.0,0.0,0.0,0.0,0.0,0.0,0.0,0.0,0.0,0.0,0.0,0.0,0.0,0.0,0.0,0.0,0,0.0,0.0,0.0,0.0
Auqib Nabi,202655,2026-05-11,"Himachal Pradesh Cricket Association Stadium, Dharamsala",PBKS,DC,2.0,0.6666666666666666,0.3333333333333333,2.0869565217391304,15.333333333333334,0.0,1.3641975308641976,0.0,1.4166666666666667,2.0,0.6666666666666666,0.3333333333333333,2.0869565217391304,15.333333333333334,0.0,5.666666666666667,3,0.3333333333333333,0.0,0.0,0.0
Mitchell Starc,202655,2026-05-11,"Himachal Pradesh Cricket Association Stadium, Dharamsala",PBKS,DC,0.0,0.6666666666666666,0.3333333333333333,1.4492753623188406,23.0,1.3333333333333333,1.932098765432099,0.0,1.3,0.0,0.6666666666666666,0.3333333333333333,1.4492753623188406,23.0,1.3333333333333333,36.333333333333336,3,0.0,0.0,0.3333333333333333,0.3333333333333333
Lungi Ngidi,202655,2026-05-11,"Himachal Pradesh Cricket Association Stadium, Dharamsala",PBKS,DC,0.5714285714285714,0.875,0.25,1.318918918918919,23.125,1.0,0.9768518518518519,0.0,0.5125,0.5714285714285714,1.4,0.4,1.4196428571428572,22.4,0.6,19.4,8,0.0,0.0,0.0,0.0
Mukesh Kumar,202655,2026-05-11,"Himachal Pradesh Cricket Association Stadium, Dharamsala",PBKS,DC,0.0,0.0,0.0,1.7333333333333334,20.625,0.75,0.8819444444444444,0.0,0.5,0.0,0.0,0.0,1.84,20.0,0.2,11.4,8,0.0,0.0,0.25,0.125
Arshdeep Singh,202655,2026-05-11,"Himachal Pradesh Cricket Association Stadium, Dharamsala",PBKS,DC,1.0,0.1,0.0,1.5991902834008098,24.7,1.1,0.9851851851851852,0.0,1.975,1.0,0.2,0.0,1.829268292682927,24.6,1.2,34.2,10,0.0,0.0,0.3,0.0
Yash Thakur,202655,2026-05-11,"Himachal Pradesh Cricket Association Stadium, Dharamsala",PBKS,DC,0.0,0.0,0.0,0.0,0.0,0.0,0.0,0.0,0.0,0.0,0.0,0.0,0.0,0.0,0.0,0.0,0,0.0,0.0,0.0,0.0
Marco Jansen,202655,2026-05-11,"Himachal Pradesh Cricket Association Stadium, Dharamsala",PBKS,DC,1.1395348837209303,4.777777777777778,0.3333333333333333,1.6227272727272728,24.444444444444443,0.6666666666666666,0.9506172839506173,0.0,1.5,1.2903225806451613,6.2,0.4,1.8333333333333333,24.0,0.6,32.8,9,0.1111111111111111,0.3333333333333333,0.5555555555555556,0.0
Ben Dwarshuis,202655,2026-05-11,"Himachal Pradesh Cricket Association Stadium, Dharamsala",PBKS,DC,0.0,0.0,0.0,0.0,0.0,0.0,0.0,0.0,0.0,0.0,0.0,0.0,0.0,0.0,0.0,0.0,0,0.0,0.0,0.0,0.0
Sai Sudharsan,202656,2026-05-12,"Narendra Modi Stadium, Ahmedabad",GT,SRH,1.5224913494809689,26.272727272727273,1.0,0.0,0.0,0.0,1.378512396694215,4.290909090909091,0.5123966942148761,1.5885416666666667,38.4,1.0,0.0,0.0,0.0,89.2,11,4.0,1.8181818181818181,0.2727272727272727,0.09090909090909091
Shubman Gill,202656,2026-05-12,"Narendra Modi Stadium, Ahmedabad",GT,SRH,1.54,30.0,0.9,0.0,0.0,0.0,1.5745454545454547,4.5200000000000005,0.7090909090909091,1.6554621848739495,23.8,0.8,0.0,0.0,0.0,59.6,10,4.4,2.0,0.7,0.1
Jos Buttler,202656,2026-05-12,"Narendra Modi Stadium, Ahmedabad",GT,SRH,1.4871794871794872,21.272727272727273,0.9090909090909091,0.0,0.0,0.0,1.3008264462809918,4.509090909090909,0.9090909090909091,1.42,20.0,0.8,0.0,0.0,0.0,50.0,11,3.1818181818181817,1.6363636363636365,1.2727272727272727,0.09090909090909091
Nishant Sindhu,202656,2026-05-12,"Narendra Modi Stadium, Ahmedabad",GT,SRH,1.3636363636363635,5.5,0.5,0.0,0.0,0.0,2.3,4.5,2.3636363636363638,1.3636363636363635,5.5,0.5,0.0,0.0,0.0,20.5,2,0.0,0.5,1.0,0.0
Washington Sundar,202656,2026-05-12,"Narendra Modi Stadium, Ahmedabad",GT,SRH,1.455621301775148,15.363636363636363,0.5454545454545454,1.4186046511627908,3.909090909090909,0.09090909090909091,0.9619834710743802,2.5272727272727273,0.6322314049586777,1.5571428571428572,14.0,0.2,0.8333333333333334,2.4,0.0,34.6,11,2.272727272727273,0.8181818181818182,0.45454545454545453,0.0
Jason Holder,202656,2026-05-12,"Narendra Modi Stadium, Ahmedabad",GT,SRH,1.3428571428571427,7.0,0.6,1.0973451327433628,22.6,2.0,2.1418181818181816,9.0,3.6545454545454548,1.3428571428571427,7.0,0.6,1.0973451327433628,22.6,2.0,77.8,5,0.4,0.6,1.2,0.0
Rahul Tewatia,202656,2026-05-12,"Narendra Modi Stadium, Ahmedabad",GT,SRH,1.1948051948051948,8.555555555555555,0.3333333333333333,0.0,0.0,0.0,0.6909090909090909,1.8666666666666667,0.5252525252525253,1.183673469387755,9.8,0.4,0.0,0.0,0.0,17.4,9,0.8888888888888888,0.3333333333333333,0.2222222222222222,0.0
Travis Head,202656,2026-05-12,"Narendra Modi Stadium, Ahmedabad",GT,SRH,1.6559633027522935,19.818181818181817,1.0,0.0,0.0,0.0,1.122314049586777,0.36363636363636365,2.260330578512397,1.8956521739130434,23.0,1.0,0.0,0.0,0.0,61.2,11,3.4545454545454546,2.0,0.0,0.0
Ishan Kishan,202656,2026-05-12,"Narendra Modi Stadium, Ahmedabad",GT,SRH,1.8061674008810573,20.636363636363637,0.9090909090909091,0.0,0.0,0.0,1.3272727272727272,0.36363636363636365,2.524793388429752,1.7657657657657657,22.2,0.8,0.0,0.0,0.0,57.0,11,3.727272727272727,2.0,0.5454545454545454,0.09090909090909091
Abhishek Sharma,202656,2026-05-12,"Narendra Modi Stadium, Ahmedabad",GT,SRH,1.9076305220883534,22.636363636363637,1.0,1.6896551724137931,2.6363636363636362,0.0,1.4776859504132231,0.36363636363636365,2.9834710743801653,1.8280254777070064,31.4,1.0,1.1666666666666667,2.4,0.0,87.4,11,3.909090909090909,3.272727272727273,0.45454545454545453,0.0
Smaran Ravichandran,202656,2026-05-12,"Narendra Modi Stadium, Ahmedabad",GT,SRH,1.0,4.0,1.0,0.0,0.0,0.0,4.236363636363636,4.0,4.2272727272727275,1.0,4.0,1.0,0.0,0.0,0.0,17.0,1,1.0,0.0,1.0,0.0
Heinrich Klaasen,202656,2026-05-12,"Narendra Modi Stadium, Ahmedabad",GT,SRH,1.510703363914373,29.727272727272727,0.8181818181818182,0.0,0.0,0.0,1.5140495867768597,0.36363636363636365,2.909090909090909,1.743801652892562,24.2,0.6,0.0,0.0,0.0,66.0,11,3.272727272727273,2.090909090909091,0.9090909090909091,0.0
Salil Arora,202656,2026-05-12,"Narendra Modi Stadium, Ahmedabad",GT,SRH,1.5833333333333333,7.5,0.625,0.0,0.0,0.0,0.8159090909090909,0.5,1.1534090909090908,1.711111111111111,9.0,0.4,0.0,0.0,0.0,27.8,8,0.75,1.0,0.375,0.0
Nitish Reddy,202656,2026-05-12,"Narendra Modi Stadium, Ahmedabad",GT,SRH,1.6444444444444444,13.5,0.7,1.6506849315068493,14.6,0.7,1.3363636363636364,0.4,1.6545454545454548,1.75,11.2,0.6,1.6483516483516483,18.2,1.0,58.8,10,1.4,1.6,0.8,0.0
Pat Cummins,202656,2026-05-12,"Narendra Modi Stadium, Ahmedabad",GT,SRH,1.25,2.0,0.25,1.48,25.0,1.0,1.5818181818181818,1.0,1.1363636363636365,1.25,2.0,0.25,1.48,25.0,1.0,36.0,4,0.0,0.25,0.5,0.0
Shivang Kumar,202656,2026-05-12,"Narendra Modi Stadium, Ahmedabad",GT,SRH,1.2941176470588236,1.8888888888888888,0.4444444444444444,1.565934065934066,20.22222222222222,1.1111111111111112,0.911111111111111,0.4444444444444444,0.5808080808080809,1.1818181818181819,2.2,0.4,1.6703296703296704,18.2,0.8,27.2,9,0.3333333333333333,0.1111111111111111,0.0,0.0
Praful Hinge,202656,2026-05-12,"Narendra Modi Stadium, Ahmedabad",GT,SRH,0.0,0.25,0.0,1.9411764705882353,25.5,2.0,1.981818181818182,1.0,1.0,0.0,0.25,0.0,1.9411764705882353,25.5,2.0,58.0,4,0.0,0.0,0.25,0.0
Eshan Malinga,202656,2026-05-12,"Narendra Modi Stadium, Ahmedabad",GT,SRH,0.2857142857142857,0.6363636363636364,0.0,1.4462151394422311,22.818181818181817,1.5454545454545454,1.1074380165289257,0.36363636363636365,0.371900826446281,0.2857142857142857,1.4,0.0,1.416,25.0,1.6,49.2,11,0.0,0.0,0.2727272727272727,0.09090909090909091
Sakib Hussain,202656,2026-05-12,"Narendra Modi Stadium, Ahmedabad",GT,SRH,0.0,0.0,0.0,1.4127906976744187,24.571428571428573,1.4285714285714286,1.2623376623376623,0.5714285714285714,0.5714285714285714,0.0,0.0,0.0,1.6120689655172413,23.2,1.0,30.6,7,0.0,0.0,0.14285714285714285,0.0
Mohammed Siraj,202656,2026-05-12,"Narendra Modi Stadium, Ahmedabad",GT,SRH,0.0,0.36363636363636365,0.09090909090909091,1.405511811023622,23.09090909090909,1.1818181818181819,0.9355371900826447,3.9454545454545453,1.8016528925619832,0.0,0.0,0.0,1.4615384615384615,23.4,1.2,34.0,11,0.0,0.0,0.2727272727272727,0.0
Kagiso Rabada,202656,2026-05-12,"Narendra Modi Stadium, Ahmedabad",GT,SRH,1.1290322580645162,2.8181818181818183,0.09090909090909091,1.515267175572519,23.818181818181817,1.6363636363636365,1.2760330578512398,7.145454545454545,2.4710743801652892,0.0,0.0,0.0,1.4700854700854702,23.4,1.6,47.2,11,0.2727272727272727,0.18181818181818182,0.2727272727272727,0.0
Prasidh Krishna,202656,2026-05-12,"Narendra Modi Stadium, Ahmedabad",GT,SRH,0.0,0.0,0.0,1.6604938271604939,23.142857142857142,2.0,1.4025974025974026,2.7142857142857144,2.6493506493506493,0.0,0.0,0.0,1.7747747747747749,22.2,2.0,45.6,7,0.0,0.0,0.14285714285714285,0.0
Rashid Khan,202656,2026-05-12,"Narendra Modi Stadium, Ahmedabad",GT,SRH,1.09375,2.909090909090909,0.2727272727272727,1.380952380952381,22.90909090909091,1.3636363636363635,1.1074380165289257,3.6363636363636362,2.0619834710743805,1.1666666666666667,1.2,0.0,1.4761904761904763,21.0,1.8,55.4,11,0.36363636363636365,0.0,0.2727272727272727,0.0
Ajinkya Rahane,202657,2026-05-13,"Shaheed Veer Narayan Singh International Stadium, Raipur",KKR,RCB,1.2674418604651163,17.2,0.8,0.0,0.0,0.0,0.9196428571428571,0.4,0.5599999999999999,1.0153846153846153,13.0,0.8,0.0,0.0,0.0,23.4,10,1.3,1.2,0.4,0.0
Finn Allen,202657,2026-05-13,"Shaheed Veer Narayan Singh International Stadium, Raipur",KKR,RCB,2.0,15.0,1.0,0.0,0.0,0.0,1.3035714285714286,0.5714285714285714,0.5714285714285714,1.8125,16.0,1.0,0.0,0.0,0.0,44.8,7,3.0,2.2857142857142856,0.0,0.0
Angkrish Raghuvanshi,202657,2026-05-13,"Shaheed Veer Narayan Singh International Stadium, Raipur",KKR,RCB,1.2995169082125604,20.7,0.9,0.0,0.0,0.0,1.05,0.4,0.52,1.0235294117647058,17.0,1.0,0.0,0.0,0.0,28.8,10,2.9,0.9,0.3,0.0
Cameron Green,202657,2026-05-13,"Shaheed Veer Narayan Singh International Stadium, Raipur",KKR,RCB,1.3975903614457832,16.6,0.5,1.8101265822784811,7.9,0.4,1.1964285714285714,0.4,1.24,1.408,25.0,0.4,1.6153846153846154,10.4,0.6,74.0,10,1.6,1.2,0.7,0.0
Rinku Singh,202657,2026-05-13,"Shaheed Veer Narayan Singh International Stadium, Raipur",KKR,RCB,1.3693181818181819,22.0,0.625,0.0,0.0,0.0,1.3526785714285714,0.5,1.025,1.396694214876033,24.2,0.4,0.0,0.0,0.0,57.6,8,2.875,1.125,1.25,0.0
Jacob Bethell,202657,2026-05-13,"Shaheed Veer Narayan Singh International Stadium, Raipur",KKR,RCB,1.1290322580645162,12.4,1.0,0.0,0.0,0.0,1.15,8.2,1.6199999999999999,1.1290322580645162,12.4,1.0,0.0,0.0,0.0,23.6,5,1.6,0.4,0.4,0.0
Virat Kohli,202657,2026-05-13,"Shaheed Veer Narayan Singh International Stadium, Raipur",KKR,RCB,1.546938775510204,22.272727272727273,0.8181818181818182,0.0,0.0,0.0,1.2061688311688312,0.9090909090909091,2.5045454545454544,1.6923076923076923,15.6,0.8,0.0,0.0,0.0,40.0,11,3.8181818181818183,1.3636363636363635,0.5454545454545454,0.0
Devdutt Padikkal,202657,2026-05-13,"Shaheed Veer Narayan Singh International Stadium, Raipur",KKR,RCB,1.7354497354497354,18.9,0.9,0.0,0.0,0.0,1.3053571428571429,1.9,2.5149999999999997,1.7326732673267327,20.2,0.8,0.0,0.0,0.0,55.0,10,3.1,2.0,1.0,0.0
Rajat Patidar,202657,2026-05-13,"Shaheed Veer Narayan Singh International Stadium, Raipur",KKR,RCB,1.8258426966292134,17.8,0.9,0.0,0.0,0.0,1.2625,2.9,2.535,1.5757575757575757,13.2,1.0,0.0,0.0,0.0,36.0,10,1.8,3.0,0.7,0.0
Tim David,202657,2026-05-13,"Shaheed Veer Narayan Singh International Stadium, Raipur",KKR,RCB,1.8709677419354838,12.4,0.5,3.0,0.6,0.0,0.9357142857142857,0.2,1.86,1.5740740740740742,10.8,0.8,0.0,0.0,0.0,24.4,10,1.6,1.9,0.1,0.0
Jitesh Sharma,202657,2026-05-13,"Shaheed Veer Narayan Singh International Stadium, Raipur",KKR,RCB,1.1369863013698631,6.636363636363637,0.8181818181818182,0.0,0.0,0.0,0.6704545454545454,3.1818181818181817,0.8045454545454546,1.25,4.8,0.8,0.0,0.0,0.0,22.0,11,0.5454545454545454,0.45454545454545453,1.0,0.0
Bhuvneshwar Kumar,202657,2026-05-13,"Shaheed Veer Narayan Singh International Stadium, Raipur",KKR,RCB,1.2142857142857142,2.5454545454545454,0.0,1.2134831460674158,24.272727272727273,1.9090909090909092,1.396103896103896,11.0,0.5409090909090909,1.2222222222222223,3.6,0.0,1.043103448275862,23.2,2.2,72.2,11,0.2727272727272727,0.09090909090909091,0.09090909090909091,0.0
Jacob Duffy,202657,2026-05-13,"Shaheed Veer Narayan Singh International Stadium, Raipur",KKR,RCB,0.0,0.0,0.0,1.728395061728395,27.0,2.0,2.297619047619048,1.3333333333333333,1.3333333333333333,0.0,0.0,0.0,1.728395061728395,27.0,2.0,58.0,3,0.0,0.0,0.3333333333333333,0.0
Josh Hazlewood,202657,2026-05-13,"Shaheed Veer Narayan Singh International Stadium, Raipur",KKR,RCB,0.0,0.125,0.125,1.5333333333333334,24.375,1.25,1.1428571428571428,3.625,0.4875,0.0,0.2,0.2,1.5901639344262295,24.4,1.4,45.0,8,0.0,0.0,0.5,0.0
Rasikh Salam Dar,202657,2026-05-13,"Shaheed Veer Narayan Singh International Stadium, Raipur",KKR,RCB,1.0,0.42857142857142855,0.0,1.5850340136054422,21.0,1.2857142857142858,1.1938775510204083,4.571428571428571,0.5928571428571429,1.0,0.6,0.0,1.7452830188679245,21.2,0.6,19.6,7,0.0,0.0,0.14285714285714285,0.0
Krunal Pandya,202657,2026-05-13,"Shaheed Veer Narayan Singh International Stadium, Raipur",KKR,RCB,1.4242424242424243,9.0,0.2727272727272727,1.4170616113744077,19.181818181818183,0.9090909090909091,1.0827922077922079,9.0,1.1681818181818182,1.5802469135802468,16.2,0.4,1.4320987654320987,16.2,0.4,48.0,11,0.9090909090909091,0.8181818181818182,0.18181818181818182,0.0
Saurabh Dubey,202657,2026-05-13,"Shaheed Veer Narayan Singh International Stadium, Raipur",KKR,RCB,0.0,0.0,0.0,0.0,0.0,0.0,0.0,0.0,0.0,0.0,0.0,0.0,0.0,0.0,0.0,0.0,0,0.0,0.0,0.0,0.0
Vaibhav Arora,202657,2026-05-13,"Shaheed Veer Narayan Singh International Stadium, Raipur",KKR,RCB,0.3333333333333333,0.3333333333333333,0.0,1.6121495327102804,23.77777777777778,1.2222222222222223,1.0555555555555556,0.4444444444444444,2.1500000000000004,0.0,0.2,0.0,1.3571428571428572,22.4,1.0,31.4,9,0.0,0.0,0.1111111111111111,0.0
Kartik Tyagi,202657,2026-05-13,"Shaheed Veer Narayan Singh International Stadium, Raipur",KKR,RCB,1.2222222222222223,1.0,0.2222222222222222,1.461187214611872,24.333333333333332,1.5555555555555556,1.1726190476190477,0.4444444444444444,2.4055555555555554,1.5,0.8,0.2,1.296,25.0,1.8,49.6,9,0.1111111111111111,0.1111111111111111,0.3333333333333333,0.0
Sunil Narine,202657,2026-05-13,"Shaheed Veer Narayan Singh International Stadium, Raipur",KKR,RCB,1.2121212121212122,3.6666666666666665,0.3333333333333333,1.0892018779342723,23.666666666666668,1.3333333333333333,1.1904761904761905,0.4444444444444444,2.2666666666666666,0.36363636363636365,2.2,0.2,1.024390243902439,24.6,1.8,55.0,9,0.2222222222222222,0.4444444444444444,0.3333333333333333,0.0
Anukul Roy,202657,2026-05-13,"Shaheed Veer Narayan Singh International Stadium, Raipur",KKR,RCB,1.3928571428571428,3.111111111111111,0.3333333333333333,1.3407407407407408,15.0,0.7777777777777778,0.9761904761904763,0.4444444444444444,1.7055555555555555,1.52,5.0,0.4,1.5238095238095237,12.6,0.6,33.8,9,0.2222222222222222,0.2222222222222222,0.5555555555555556,0.1111111111111111
Priyansh Arya,202658,2026-05-14,"Himachal Pradesh Cricket Association Stadium, Dharamsala",PBKS,MI,2.150943396226415,15.9,1.0,0.0,0.0,0.0,1.194736842105263,8.2,0.4,1.8985507246376812,13.8,1.0,0.0,0.0,0.0,38.4,10,2.3,3.2,0.0,0.0
Prabhsimran Singh,202658,2026-05-14,"Himachal Pradesh Cricket Association Stadium, Dharamsala",PBKS,MI,1.61864406779661,21.454545454545453,0.8181818181818182,0.0,0.0,0.0,1.2185007974481659,3.0,0.5714285714285714,1.5981308411214954,21.4,1.0,0.0,0.0,0.0,51.0,11,3.8181818181818183,1.5454545454545454,0.5454545454545454,0.0
Cooper Connolly,202658,2026-05-14,"Himachal Pradesh Cricket Association Stadium, Dharamsala",PBKS,MI,1.6147859922178989,25.7,0.8,0.0,0.0,0.0,1.4298245614035088,6.1,0.6095238095238095,1.641025641025641,23.4,0.8,0.0,0.0,0.0,60.6,10,3.4,2.8,0.4,0.1
Shreyas Iyer,202658,2026-05-14,"Himachal Pradesh Cricket Association Stadium, Dharamsala",PBKS,MI,1.5742971887550201,24.9,0.7,0.0,0.0,0.0,1.3631578947368421,8.2,0.5904761904761905,1.4153846153846155,26.0,0.6,0.0,0.0,0.0,57.4,10,2.7,2.5,0.5,0.0
Suryansh Shedge,202658,2026-05-14,"Himachal Pradesh Cricket Association Stadium, Dharamsala",PBKS,MI,1.8928571428571428,14.0,0.5,0.0,0.0,0.0,1.7105263157894737,7.75,1.2857142857142858,1.8928571428571428,14.0,0.5,0.0,0.0,0.0,44.5,4,1.5,2.25,0.75,0.0
Shashank Singh,202658,2026-05-14,"Himachal Pradesh Cricket Association Stadium, Dharamsala",PBKS,MI,1.7209302325581395,5.375,0.5,1.2580645161290323,3.875,0.375,0.8728070175438597,0.25,0.9940476190476191,1.8181818181818181,4.4,0.6,1.5833333333333333,2.4,0.2,20.2,8,0.875,0.5,0.125,0.0
Azmatullah Omarzai,202658,2026-05-14,"Himachal Pradesh Cricket Association Stadium, Dharamsala",PBKS,MI,0.0,0.0,0.0,0.0,0.0,0.0,0.0,0.0,0.0,0.0,0.0,0.0,0.0,0.0,0.0,0.0,0,0.0,0.0,0.0,0.0
Marco Jansen,202658,2026-05-14,"Himachal Pradesh Cricket Association Stadium, Dharamsala",PBKS,MI,1.1395348837209303,4.3,0.3,1.6408163265306122,24.5,0.6,0.8456140350877194,1.2,1.342857142857143,1.3,6.0,0.4,1.8760330578512396,24.2,0.2,24.2,10,0.1,0.3,0.6,0.0
Vishnu Vinod,202658,2026-05-14,"Himachal Pradesh Cricket Association Stadium, Dharamsala",PBKS,MI,0.0,0.0,0.0,0.0,0.0,0.0,0.0,0.0,0.0,0.0,0.0,0.0,0.0,0.0,0.0,0.0,0,0.0,0.0,0.0,0.0
Xavier Bartlett,202658,2026-05-14,"Himachal Pradesh Cricket Association Stadium, Dharamsala",PBKS,MI,1.8333333333333333,0.75,0.125,1.8118279569892473,23.25,0.625,0.9824561403508771,0.5,1.744047619047619,0.0,0.2,0.2,1.952,25.0,0.4,26.4,8,0.0,0.125,1.125,0.0
Rohit Sharma,202658,2026-05-14,"Himachal Pradesh Cricket Association Stadium, Dharamsala",PBKS,MI,1.7357142857142858,23.333333333333332,1.0,0.0,0.0,0.0,1.5847953216374269,0.6666666666666666,3.1587301587301586,1.6336633663366336,20.2,1.0,0.0,0.0,0.0,46.0,6,3.5,2.8333333333333335,0.0,0.0
Ryan Rickelton,202658,2026-05-14,"Himachal Pradesh Cricket Association Stadium, Dharamsala",PBKS,MI,1.8277511961722488,23.22222222222222,0.8888888888888888,0.0,0.0,0.0,1.538011695906433,0.4444444444444444,3.1587301587301586,1.9296875,25.6,0.8,0.0,0.0,0.0,79.4,9,2.7777777777777777,3.6666666666666665,0.6666666666666666,0.0
Naman Dhir,202658,2026-05-14,"Himachal Pradesh Cricket Association Stadium, Dharamsala",PBKS,MI,1.4852941176470589,18.545454545454547,0.8181818181818182,0.0,0.0,0.0,1.0510366826156299,0.36363636363636365,1.9696969696969697,1.4466019417475728,20.6,0.8,0.0,0.0,0.0,45.2,11,2.727272727272727,1.0909090909090908,0.6363636363636364,0.0
Tilak Varma,202658,2026-05-14,"Himachal Pradesh Cricket Association Stadium, Dharamsala",PBKS,MI,1.45,16.363636363636363,0.9090909090909091,0.0,0.0,0.0,1.0318979266347688,0.36363636363636365,1.8138528138528138,1.1584158415841583,20.2,1.0,0.0,0.0,0.0,39.0,11,2.1818181818181817,0.9090909090909091,0.9090909090909091,0.0
Sherfane Rutherford,202658,2026-05-14,"Himachal Pradesh Cricket Association Stadium, Dharamsala",PBKS,MI,1.6885245901639345,8.714285714285714,0.5714285714285714,0.0,0.0,0.0,0.9298245614035088,0.5714285714285714,1.489795918367347,1.8148148148148149,10.8,0.6,0.0,0.0,0.0,29.8,7,0.5714285714285714,1.5714285714285714,0.14285714285714285,0.0
Will Jacks,202658,2026-05-14,"Himachal Pradesh Cricket Association Stadium, Dharamsala",PBKS,MI,1.558139534883721,10.75,0.75,2.0625,8.0,0.25,1.5,1.0,1.9642857142857142,1.558139534883721,10.75,0.75,2.0625,8.0,0.25,32.5,4,1.5,1.0,0.25,0.0
Deepak Chahar,202658,2026-05-14,"Himachal Pradesh Cricket Association Stadium, Dharamsala",PBKS,MI,1.0,1.4,0.0,1.7340425531914894,18.8,0.6,1.119298245614035,0.8,0.8761904761904763,1.0,1.4,0.0,1.7340425531914894,18.8,0.6,22.2,5,0.2,0.0,0.2,0.0
Jasprit Bumrah,202658,2026-05-14,"Himachal Pradesh Cricket Association Stadium, Dharamsala",PBKS,MI,0.875,0.7272727272727273,0.09090909090909091,1.3421052631578947,24.181818181818183,0.36363636363636365,0.5470494417862839,0.36363636363636365,0.3982683982683983,0.3333333333333333,1.2,0.2,1.416,25.0,0.4,18.4,11,0.09090909090909091,0.0,0.09090909090909091,0.09090909090909091
Shardul Thakur,202658,2026-05-14,"Himachal Pradesh Cricket Association Stadium, Dharamsala",PBKS,MI,0.6666666666666666,3.5,0.3333333333333333,1.9484536082474226,16.166666666666668,1.0,1.1608187134502923,0.6666666666666666,0.7857142857142857,0.6666666666666666,4.2,0.4,2.0547945205479454,14.6,0.6,22.0,6,0.16666666666666666,0.0,0.0,0.0
Corbin Bosch,202658,2026-05-14,"Himachal Pradesh Cricket Association Stadium, Dharamsala",PBKS,MI,1.7777777777777777,3.0,0.0,1.4655172413793103,19.333333333333332,2.3333333333333335,2.5789473684210527,1.3333333333333333,1.6190476190476188,1.7777777777777777,3.0,0.0,1.4655172413793103,19.333333333333332,2.3333333333333335,75.0,3,0.6666666666666666,0.0,0.0,0.0
Raghu Sharma,202658,2026-05-14,"Himachal Pradesh Cricket Association Stadium, Dharamsala",PBKS,MI,0.0,0.0,0.0,1.25,24.0,0.5,2.289473684210526,2.0,2.0,0.0,0.0,0.0,1.25,24.0,0.5,20.5,2,0.0,0.0,0.5,0.0
Raj Bawa,202658,2026-05-14,"Himachal Pradesh Cricket Association Stadium, Dharamsala",PBKS,MI,1.1428571428571428,14.0,1.0,1.6521739130434783,23.0,1.0,4.87719298245614,4.0,4.809523809523809,1.1428571428571428,14.0,1.0,1.6521739130434783,23.0,1.0,54.0,1,1.0,0.0,1.0,0.0
Arshdeep Singh,202658,2026-05-14,"Himachal Pradesh Cricket Association Stadium, Dharamsala",PBKS,MI,1.0,0.09090909090909091,0.0,1.5238095238095237,24.818181818181817,1.1818181818181819,0.9473684210526315,4.909090909090909,1.9437229437229435,1.0,0.2,0.0,1.653225806451613,24.8,1.4,39.2,11,0.0,0.0,0.2727272727272727,0.0
Yuzvendra Chahal,202658,2026-05-14,"Himachal Pradesh Cricket Association Stadium, Dharamsala",PBKS,MI,0.0,0.0,0.0,1.4974093264248705,21.444444444444443,1.0,0.8966861598440546,0.4444444444444444,1.6719576719576719,0.0,0.0,0.0,1.5,21.6,1.0,29.8,9,0.0,0.0,0.2222222222222222,0.0
Sanju Samson,202659,2026-05-15,"Bharat Ratna Shri Atal Bihari Vajpayee Ekana Cricket Stadium, Lucknow",CSK,LSG,1.6525096525096525,23.545454545454547,0.7272727272727273,0.0,0.0,0.0,1.3025078369905956,0.36363636363636365,0.4675324675324676,1.6275862068965516,29.0,0.6,0.0,0.0,0.0,72.8,11,4.090909090909091,2.090909090909091,0.2727272727272727,0.0
Ruturaj Gaikwad,202659,2026-05-15,"Bharat Ratna Shri Atal Bihari Vajpayee Ekana Cricket Stadium, Lucknow",CSK,LSG,1.158102766798419,23.0,0.8181818181818182,0.0,0.0,0.0,1.0015673981191222,0.36363636363636365,0.5887445887445888,1.2196531791907514,34.6,0.6,0.0,0.0,0.0,62.2,11,2.3636363636363638,0.9090909090909091,0.45454545454545453,0.09090909090909091
Urvil Patel,202659,2026-05-15,"Bharat Ratna Shri Atal Bihari Vajpayee Ekana Cricket Stadium, Lucknow",CSK,LSG,2.2916666666666665,12.0,1.0,0.0,0.0,0.0,1.668103448275862,1.0,1.0952380952380953,2.2916666666666665,12.0,1.0,0.0,0.0,0.0,42.75,4,1.25,3.0,0.25,0.0
Kartik Sharma,202659,2026-05-15,"Bharat Ratna Shri Atal Bihari Vajpayee Ekana Cricket Stadium, Lucknow",CSK,LSG,1.2097902097902098,17.875,0.75,0.0,0.0,0.0,0.9719827586206896,0.5,0.5476190476190477,1.2231404958677685,24.2,0.6,0.0,0.0,0.0,42.0,8,1.5,1.125,0.125,0.0
Dewald Brevis,202659,2026-05-15,"Bharat Ratna Shri Atal Bihari Vajpayee Ekana Cricket Stadium, Lucknow",CSK,LSG,1.0422535211267605,10.142857142857142,0.7142857142857143,0.0,0.0,0.0,1.0394088669950738,0.5714285714285714,1.2789115646258504,0.868421052631579,7.6,0.8,0.0,0.0,0.0,25.0,7,0.8571428571428571,0.5714285714285714,1.5714285714285714,0.14285714285714285
Shivam Dube,202659,2026-05-15,"Bharat Ratna Shri Atal Bihari Vajpayee Ekana Cricket Stadium, Lucknow",CSK,LSG,1.3095238095238095,14.0,0.5555555555555556,1.9473684210526316,2.111111111111111,0.1111111111111111,0.9118773946360155,0.4444444444444444,0.7037037037037037,1.1343283582089552,13.4,0.6,1.1666666666666667,1.2,0.0,25.0,9,1.5555555555555556,0.8888888888888888,0.3333333333333333,0.0
Prashant Veer,202659,2026-05-15,"Bharat Ratna Shri Atal Bihari Vajpayee Ekana Cricket Stadium, Lucknow",CSK,LSG,1.3673469387755102,12.25,0.25,2.0833333333333335,3.0,0.0,1.3448275862068966,1.0,1.0,1.3673469387755102,12.25,0.25,2.0833333333333335,3.0,0.0,24.0,4,1.75,0.75,0.0,0.0
Mitchell Marsh,202659,2026-05-15,"Bharat Ratna Shri Atal Bihari Vajpayee Ekana Cricket Stadium, Lucknow",CSK,LSG,1.4555984555984556,23.545454545454547,1.0909090909090908,0.0,0.0,0.0,1.1661442006269593,5.854545454545455,2.4761904761904763,1.5971223021582734,27.8,1.0,0.0,0.0,0.0,66.2,11,2.8181818181818183,2.1818181818181817,0.2727272727272727,0.0
Josh Inglis,202659,2026-05-15,"Bharat Ratna Shri Atal Bihari Vajpayee Ekana Cricket Stadium, Lucknow",CSK,LSG,2.41025641025641,19.5,1.0,0.0,0.0,0.0,3.1551724137931036,2.0,5.0,2.41025641025641,19.5,1.0,0.0,0.0,0.0,71.0,2,6.0,3.0,0.5,0.0
Nicholas Pooran,202659,2026-05-15,"Bharat Ratna Shri Atal Bihari Vajpayee Ekana Cricket Stadium, Lucknow",CSK,LSG,1.1719745222929936,14.272727272727273,1.0909090909090908,0.0,0.0,0.0,0.7899686520376176,2.5454545454545454,1.3506493506493507,1.4777777777777779,18.0,1.2,0.0,0.0,0.0,41.0,11,0.9090909090909091,1.1818181818181819,0.36363636363636365,0.09090909090909091
Abdul Samad,202659,2026-05-15,"Bharat Ratna Shri Atal Bihari Vajpayee Ekana Cricket Stadium, Lucknow",CSK,LSG,1.0909090909090908,13.2,1.0,6.0,0.2,0.0,1.1,3.56,1.5523809523809524,1.0909090909090908,13.2,1.0,6.0,0.2,0.0,21.4,5,1.4,0.2,0.2,0.0
Mukul Choudhary,202659,2026-05-15,"Bharat Ratna Shri Atal Bihari Vajpayee Ekana Cricket Stadium, Lucknow",CSK,LSG,1.4311926605504588,13.625,0.625,0.0,0.0,0.0,0.959051724137931,1.875,1.6726190476190477,1.303030303030303,13.2,0.8,0.0,0.0,0.0,27.4,8,1.125,1.5,0.25,0.0
Mohammed Shami,202659,2026-05-15,"Bharat Ratna Shri Atal Bihari Vajpayee Ekana Cricket Stadium, Lucknow",CSK,LSG,1.3478260869565217,2.090909090909091,0.45454545454545453,1.3868613138686132,24.90909090909091,0.8181818181818182,0.8087774294670846,3.3272727272727276,0.5151515151515151,1.4166666666666667,2.4,0.4,1.4960629921259843,25.4,0.8,29.6,11,0.18181818181818182,0.2727272727272727,0.2727272727272727,0.0
Akash Singh,202659,2026-05-15,"Bharat Ratna Shri Atal Bihari Vajpayee Ekana Cricket Stadium, Lucknow",CSK,LSG,0.0,0.0,0.0,0.0,0.0,0.0,0.0,0.0,0.0,0.0,0.0,0.0,0.0,0.0,0.0,0.0,0,0.0,0.0,0.0,0.0
Prince Yadav,202659,2026-05-15,"Bharat Ratna Shri Atal Bihari Vajpayee Ekana Cricket Stadium, Lucknow",CSK,LSG,0.0,0.09090909090909091,0.0,1.3192307692307692,23.636363636363637,1.7272727272727273,1.0532915360501567,4.509090909090909,0.36363636363636365,0.0,0.2,0.0,1.26890756302521,23.8,1.2,34.6,11,0.0,0.0,0.36363636363636365,0.0
Mayank Yadav,202659,2026-05-15,"Bharat Ratna Shri Atal Bihari Vajpayee Ekana Cricket Stadium, Lucknow",CSK,LSG,0.8333333333333334,3.0,0.5,2.12,25.0,0.0,2.0517241379310347,2.6,2.142857142857143,0.8333333333333334,3.0,0.5,2.12,25.0,0.0,7.0,2,0.5,0.0,0.0,0.0
Shahbaz Ahmed,202659,2026-05-15,"Bharat Ratna Shri Atal Bihari Vajpayee Ekana Cricket Stadium, Lucknow",CSK,LSG,1.4146341463414633,13.666666666666666,0.0,1.7727272727272727,14.666666666666666,1.3333333333333333,2.2988505747126435,5.733333333333333,2.4126984126984126,1.4146341463414633,13.666666666666666,0.0,1.7727272727272727,14.666666666666666,1.3333333333333333,60.0,3,1.3333333333333333,1.0,0.0,0.0
Mukesh Choudhary,202659,2026-05-15,"Bharat Ratna Shri Atal Bihari Vajpayee Ekana Cricket Stadium, Lucknow",CSK,LSG,0.0,0.0,0.0,1.439252336448598,21.4,0.8,1.2,0.8,1.9047619047619047,0.0,0.0,0.0,1.439252336448598,21.4,0.8,27.2,5,0.0,0.0,0.4,0.0
Spencer Johnson,202659,2026-05-15,"Bharat Ratna Shri Atal Bihari Vajpayee Ekana Cricket Stadium, Lucknow",CSK,LSG,0.0,0.0,0.0,0.0,0.0,0.0,0.0,0.0,0.0,0.0,0.0,0.0,0.0,0.0,0.0,0.0,0,0.0,0.0,0.0,0.0
Anshul Kamboj,202659,2026-05-15,"Bharat Ratna Shri Atal Bihari Vajpayee Ekana Cricket Stadium, Lucknow",CSK,LSG,1.25,2.909090909090909,0.0,1.461847389558233,22.636363636363637,1.9090909090909092,1.2241379310344827,0.36363636363636365,2.5411255411255413,0.0,0.0,0.0,1.3482142857142858,22.4,1.6,36.4,11,0.18181818181818182,0.18181818181818182,0.18181818181818182,0.0
Noor Ahmad,202659,2026-05-15,"Bharat Ratna Shri Atal Bihari Vajpayee Ekana Cricket Stadium, Lucknow",CSK,LSG,0.5263157894736842,1.7272727272727273,0.18181818181818182,1.3805668016194332,22.454545454545453,1.0909090909090908,0.8699059561128526,0.36363636363636365,1.7099567099567101,0.0,0.0,0.0,1.103448275862069,23.2,1.4,39.0,11,0.0,0.09090909090909091,0.36363636363636365,0.0
Gurjapneet Singh,202659,2026-05-15,"Bharat Ratna Shri Atal Bihari Vajpayee Ekana Cricket Stadium, Lucknow",CSK,LSG,0.0,0.0,0.0,1.4867256637168142,18.833333333333332,0.6666666666666666,1.0689655172413792,0.6666666666666666,1.7777777777777777,0.0,0.0,0.0,1.4659090909090908,17.6,0.6,25.4,6,0.0,0.0,0.8333333333333334,0.0
Ajinkya Rahane,202660,2026-05-16,"Eden Gardens, Kolkata",KKR,GT,1.281081081081081,16.818181818181817,0.8181818181818182,0.0,0.0,0.0,0.8736517719568567,2.0,0.5714285714285714,1.103896103896104,15.4,0.8,0.0,0.0,0.0,31.8,11,1.4545454545454546,1.1818181818181819,0.5454545454545454,0.0
Finn Allen,202660,2026-05-16,"Eden Gardens, Kolkata",KKR,GT,2.017699115044248,14.125,1.0,0.0,0.0,0.0,1.1567796610169492,2.1875,0.5,1.9382716049382716,16.2,1.0,0.0,0.0,0.0,48.0,8,3.0,2.125,0.0,0.0
Angkrish Raghuvanshi,202660,2026-05-16,"Eden Gardens, Kolkata",KKR,GT,1.3385826771653544,23.09090909090909,0.8181818181818182,0.0,0.0,0.0,1.066255778120185,3.9545454545454546,0.4675324675324676,1.1811023622047243,25.4,0.8,0.0,0.0,0.0,45.2,11,3.272727272727273,1.0909090909090908,0.2727272727272727,0.0
Cameron Green,202660,2026-05-16,"Eden Gardens, Kolkata",KKR,GT,1.382198952879581,17.363636363636363,0.5454545454545454,1.7934782608695652,8.363636363636363,0.36363636363636365,1.1078582434514639,3.3181818181818183,1.0909090909090908,1.4175824175824177,18.2,0.4,1.6307692307692307,13.0,0.6,57.8,11,1.7272727272727273,1.1818181818181819,0.6363636363636364,0.0
Sai Sudharsan,202660,2026-05-16,"Eden Gardens, Kolkata",KKR,GT,1.5,27.833333333333332,1.0,0.0,0.0,0.0,1.3107344632768363,0.3333333333333333,2.9365079365079367,1.502824858757062,35.4,1.0,0.0,0.0,0.0,75.8,12,4.083333333333333,1.8333333333333333,0.25,0.08333333333333333
Shubman Gill,202660,2026-05-16,"Eden Gardens, Kolkata",KKR,GT,1.521172638436482,27.90909090909091,0.9090909090909091,0.0,0.0,0.0,1.3805855161787366,0.36363636363636365,2.891774891774892,1.683168316831683,20.2,0.8,0.0,0.0,0.0,55.2,11,4.090909090909091,1.8181818181818181,0.7272727272727273,0.09090909090909091
Nishant Sindhu,202660,2026-05-16,"Eden Gardens, Kolkata",KKR,GT,1.48,8.333333333333334,0.6666666666666666,0.0,0.0,0.0,1.7175141242937852,1.3333333333333333,2.0317460317460316,1.48,8.333333333333334,0.6666666666666666,0.0,0.0,0.0,26.666666666666668,3,1.0,0.6666666666666666,1.0,0.0
Jos Buttler,202660,2026-05-16,"Eden Gardens, Kolkata",KKR,GT,1.4489795918367347,20.416666666666668,0.9166666666666666,0.0,0.0,0.0,1.213276836158192,0.3333333333333333,2.0912698412698414,1.305263157894737,19.0,0.8,0.0,0.0,0.0,55.4,12,3.0,1.5,1.5,0.08333333333333333
Rahul Tewatia,202660,2026-05-16,"Eden Gardens, Kolkata",KKR,GT,1.2307692307692308,7.8,0.3,0.0,0.0,0.0,0.6152542372881356,0.4,0.9285714285714286,1.25,8.8,0.4,0.0,0.0,0.0,17.0,10,0.9,0.3,0.2,0.0
Mohammed Siraj,202660,2026-05-16,"Eden Gardens, Kolkata",KKR,GT,0.0,0.3333333333333333,0.08333333333333333,1.3529411764705883,22.666666666666668,1.1666666666666667,0.885593220338983,0.3333333333333333,0.3253968253968254,0.0,0.0,0.0,1.3333333333333333,23.4,1.2,38.0,12,0.0,0.0,0.3333333333333333,0.0
Kagiso Rabada,202660,2026-05-16,"Eden Gardens, Kolkata",KKR,GT,1.1290322580645162,2.5833333333333335,0.08333333333333333,1.486013986013986,23.833333333333332,1.75,1.2245762711864407,0.3333333333333333,0.5,0.0,0.0,0.0,1.3275862068965518,23.2,2.2,63.0,12,0.25,0.16666666666666666,0.25,0.0
Jason Holder,202660,2026-05-16,"Eden Gardens, Kolkata",KKR,GT,1.2340425531914894,7.833333333333333,0.5,1.0434782608695652,23.0,2.1666666666666665,1.963276836158192,0.6666666666666666,1.1904761904761905,0.9459459459459459,7.4,0.6,0.956140350877193,22.8,2.4,85.2,6,0.3333333333333333,0.5,1.0,0.0
Rashid Khan,202660,2026-05-16,"Eden Gardens, Kolkata",KKR,GT,1.09375,2.6666666666666665,0.25,1.3696498054474708,21.416666666666668,1.3333333333333333,1.0042372881355932,0.3333333333333333,0.4880952380952381,1.1666666666666667,1.2,0.0,1.2941176470588236,17.0,1.6,50.4,12,0.3333333333333333,0.0,0.25,0.0
Sai Kishore,202660,2026-05-16,"Eden Gardens, Kolkata",KKR,GT,0.0,0.0,0.0,1.3333333333333333,6.0,0.0,4.0,4.0,4.0,0.0,0.0,0.0,1.3333333333333333,6.0,0.0,4.0,1,0.0,0.0,0.0,0.0
Arshad Khan,202660,2026-05-16,"Eden Gardens, Kolkata",KKR,GT,1.3333333333333333,1.5,0.0,1.4242424242424243,16.5,1.5,1.61864406779661,1.0,1.1071428571428572,1.3333333333333333,1.5,0.0,1.4242424242424243,16.5,1.5,40.5,4,0.25,0.0,0.25,0.0
Saurabh Dubey,202660,2026-05-16,"Eden Gardens, Kolkata",KKR,GT,0.0,0.0,0.0,1.6923076923076923,13.0,0.0,4.0,4.0,4.0,0.0,0.0,0.0,1.6923076923076923,13.0,0.0,4.0,1,0.0,0.0,0.0,0.0
Kartik Tyagi,202660,2026-05-16,"Eden Gardens, Kolkata",KKR,GT,1.2222222222222223,0.9,0.2,1.4426229508196722,24.4,1.7,1.1694915254237288,3.975,2.4952380952380953,0.0,0.0,0.0,1.224,25.0,2.4,62.2,10,0.1,0.1,0.4,0.0
Matheesha Pathirana,202660,2026-05-16,"Eden Gardens, Kolkata",KKR,GT,0.0,0.0,0.0,0.0,0.0,0.0,0.0,0.0,0.0,0.0,0.0,0.0,0.0,0.0,0.0,0.0,0,0.0,0.0,0.0,0.0
Sunil Narine,202660,2026-05-16,"Eden Gardens, Kolkata",KKR,GT,1.2121212121212122,3.3,0.3,1.1139240506329113,23.7,1.3,1.0796610169491525,2.875,2.080952380952381,0.6666666666666666,1.2,0.0,1.056910569105691,24.6,1.8,55.4,10,0.2,0.4,0.3,0.0
Varun Chakaravarthy,202660,2026-05-16,"Eden Gardens, Kolkata",KKR,GT,0.0,0.125,0.125,1.4078212290502794,22.375,1.25,1.076271186440678,3.40625,2.130952380952381,0.0,0.0,0.0,1.1951219512195121,24.6,2.0,55.6,8,0.0,0.0,0.25,0.0
Anukul Roy,202660,2026-05-16,"Eden Gardens, Kolkata",KKR,GT,1.3928571428571428,2.8,0.3,1.3734177215189873,15.8,0.7,0.8745762711864407,3.075,1.5380952380952382,1.6111111111111112,3.6,0.2,1.4179104477611941,13.4,0.6,34.2,10,0.2,0.2,0.5,0.1
Jacob Bethell,202661,2026-05-17,"Himachal Pradesh Cricket Association Stadium, Dharamsala",RCB,PBKS,1.1486486486486487,12.333333333333334,1.0,0.0,0.0,0.0,0.9916666666666667,0.6666666666666666,0.782608695652174,1.109375,12.8,1.0,0.0,0.0,0.0,24.0,6,1.6666666666666667,0.5,0.3333333333333333,0.0
Virat Kohli,202661,2026-05-17,"Himachal Pradesh Cricket Association Stadium, Dharamsala",RCB,PBKS,1.5663430420711975,25.75,0.75,0.0,0.0,0.0,1.2569444444444444,0.3333333333333333,0.5072463768115942,1.6082474226804124,19.4,0.6,0.0,0.0,0.0,48.2,12,4.416666666666667,1.5,0.5,0.0
Devdutt Padikkal,202661,2026-05-17,"Himachal Pradesh Cricket Association Stadium, Dharamsala",RCB,PBKS,1.6757990867579908,19.90909090909091,0.9090909090909091,0.0,0.0,0.0,1.2015151515151514,0.36363636363636365,0.6956521739130435,1.5436893203883495,20.6,0.8,0.0,0.0,0.0,47.2,11,3.4545454545454546,1.8181818181818181,0.9090909090909091,0.0
Venkatesh Iyer,202661,2026-05-17,"Himachal Pradesh Cricket Association Stadium, Dharamsala",RCB,PBKS,1.28125,16.0,0.5,0.0,0.0,0.0,2.3916666666666666,2.0,2.0,1.28125,16.0,0.5,0.0,0.0,0.0,27.5,2,1.0,1.0,0.0,0.0
Tim David,202661,2026-05-17,"Himachal Pradesh Cricket Association Stadium, Dharamsala",RCB,PBKS,1.828125,11.636363636363637,0.5454545454545454,3.0,0.5454545454545454,0.0,0.8212121212121212,0.36363636363636365,0.3952569169960474,1.525,8.0,0.8,0.0,0.0,0.0,18.6,11,1.4545454545454546,1.7272727272727273,0.09090909090909091,0.0
Priyansh Arya,202661,2026-05-17,"Himachal Pradesh Cricket Association Stadium, Dharamsala",RCB,PBKS,2.0681818181818183,16.0,1.0,0.0,0.0,0.0,1.1015151515151516,5.454545454545454,2.2569169960474307,1.6417910447761195,13.4,1.0,0.0,0.0,0.0,34.2,11,2.4545454545454546,2.909090909090909,0.09090909090909091,0.0
Cooper Connolly,202661,2026-05-17,"Himachal Pradesh Cricket Association Stadium, Dharamsala",RCB,PBKS,1.5571428571428572,25.454545454545453,0.8181818181818182,0.0,0.0,0.0,1.2909090909090908,4.090909090909091,2.608695652173913,1.5076923076923077,26.0,0.8,0.0,0.0,0.0,61.6,11,3.272727272727273,2.6363636363636362,0.36363636363636365,0.09090909090909091
Prabhsimran Singh,202661,2026-05-17,"Himachal Pradesh Cricket Association Stadium, Dharamsala",RCB,PBKS,1.625925925925926,22.5,0.8333333333333334,0.0,0.0,0.0,1.1875,4.833333333333333,2.3876811594202896,1.3571428571428572,22.4,1.0,0.0,0.0,0.0,44.6,12,4.0,1.75,0.5,0.0
Shreyas Iyer,202661,2026-05-17,"Himachal Pradesh Cricket Association Stadium, Dharamsala",RCB,PBKS,1.5776892430278884,22.818181818181817,0.7272727272727273,0.0,0.0,0.0,1.203030303030303,4.136363636363637,2.3952569169960474,1.2446808510638299,18.8,0.8,0.0,0.0,0.0,37.6,11,2.5454545454545454,2.272727272727273,0.45454545454545453,0.0
Suryansh Shedge,202661,2026-05-17,"Himachal Pradesh Cricket Association Stadium, Dharamsala",RCB,PBKS,1.8688524590163935,12.2,0.6,0.0,0.0,0.0,1.3733333333333333,4.5,2.0869565217391304,1.8688524590163935,12.2,0.6,0.0,0.0,0.0,38.4,5,1.2,2.0,0.6,0.0
Marcus Stoinis,202661,2026-05-17,"Himachal Pradesh Cricket Association Stadium, Dharamsala",RCB,PBKS,1.7378640776699028,11.444444444444445,0.5555555555555556,1.849056603773585,5.888888888888889,0.2222222222222222,0.9685185185185186,1.8888888888888888,1.5314009661835748,1.7945205479452055,14.6,0.6,1.7608695652173914,9.2,0.4,47.8,9,2.0,1.2222222222222223,0.1111111111111111,0.0
Shashank Singh,202661,2026-05-17,"Himachal Pradesh Cricket Association Stadium, Dharamsala",RCB,PBKS,1.6170212765957446,5.222222222222222,0.5555555555555556,1.2580645161290323,3.4444444444444446,0.3333333333333333,0.762962962962963,0.4444444444444444,0.8743961352657005,1.6153846153846154,5.2,0.8,0.0,0.0,0.0,14.0,9,0.7777777777777778,0.4444444444444444,0.1111111111111111,0.0
Azmatullah Omarzai,202661,2026-05-17,"Himachal Pradesh Cricket Association Stadium, Dharamsala",RCB,PBKS,2.111111111111111,18.0,1.0,1.44,25.0,2.0,5.633333333333334,53.0,6.086956521739131,2.111111111111111,18.0,1.0,1.44,25.0,2.0,102.0,1,2.0,4.0,0.0,0.0
Harpreet Brar,202661,2026-05-17,"Himachal Pradesh Cricket Association Stadium, Dharamsala",RCB,PBKS,0.0,0.0,0.0,1.0416666666666667,24.0,0.0,4.0,4.0,4.0,0.0,0.0,0.0,1.0416666666666667,24.0,0.0,4.0,1,0.0,0.0,0.0,0.0
Arshdeep Singh,202661,2026-05-17,"Himachal Pradesh Cricket Association Stadium, Dharamsala",RCB,PBKS,1.0,0.08333333333333333,0.0,1.4932885906040267,24.833333333333332,1.0833333333333333,0.8527777777777777,2.75,0.33695652173913043,1.0,0.2,0.0,1.48,25.0,1.2,35.8,12,0.0,0.0,0.3333333333333333,0.0
Lockie Ferguson,202661,2026-05-17,"Himachal Pradesh Cricket Association Stadium, Dharamsala",RCB,PBKS,0.0,0.0,0.0,1.96,25.0,0.5,2.2083333333333335,2.0,2.0,0.0,0.0,0.0,1.96,25.0,0.5,16.5,2,0.0,0.0,0.0,0.0
Yuzvendra Chahal,202661,2026-05-17,"Himachal Pradesh Cricket Association Stadium, Dharamsala",RCB,PBKS,0.0,0.0,0.0,1.4724770642201834,21.8,1.0,0.8283333333333334,1.65,0.4,0.0,0.0,0.0,1.4403669724770642,21.8,1.0,29.8,10,0.0,0.0,0.2,0.0
Bhuvneshwar Kumar,202661,2026-05-17,"Himachal Pradesh Cricket Association Stadium, Dharamsala",RCB,PBKS,1.2142857142857142,2.3333333333333335,0.0,1.2302405498281788,24.25,1.9166666666666667,1.2513888888888889,0.3333333333333333,2.5869565217391304,1.2222222222222223,3.6,0.0,1.0689655172413792,23.2,2.4,72.2,12,0.25,0.08333333333333333,0.08333333333333333,0.0
Josh Hazlewood,202661,2026-05-17,"Himachal Pradesh Cricket Association Stadium, Dharamsala",RCB,PBKS,0.0,0.1111111111111111,0.1111111111111111,1.5296803652968036,24.333333333333332,1.2222222222222223,1.0388888888888888,0.4444444444444444,2.004830917874396,0.0,0.2,0.2,1.56198347107438,24.2,1.4,43.4,9,0.0,0.0,0.5555555555555556,0.0
Rasikh Salam Dar,202661,2026-05-17,"Himachal Pradesh Cricket Association Stadium, Dharamsala",RCB,PBKS,1.0,0.375,0.0,1.558139534883721,21.5,1.25,1.0604166666666666,0.5,1.9456521739130435,1.0,0.6,0.0,1.7307692307692308,20.8,0.8,24.6,8,0.0,0.0,0.125,0.0
Suyash Sharma,202661,2026-05-17,"Himachal Pradesh Cricket Association Stadium, Dharamsala",RCB,PBKS,0.0,0.0,0.0,1.4066985645933014,20.9,0.7,0.7516666666666667,0.4,1.3173913043478263,0.0,0.0,0.0,1.297029702970297,20.2,0.6,26.2,10,0.0,0.0,0.0,0.0
Romario Shepherd,202661,2026-05-17,"Himachal Pradesh Cricket Association Stadium, Dharamsala",RCB,PBKS,1.2205882352941178,6.181818181818182,0.36363636363636365,1.9285714285714286,11.454545454545455,0.5454545454545454,0.759090909090909,0.36363636363636365,1.0039525691699605,1.0232558139534884,8.6,0.4,1.5588235294117647,13.6,0.6,29.6,11,0.5454545454545454,0.45454545454545453,0.09090909090909091,0.0
Krunal Pandya,202661,2026-05-17,"Himachal Pradesh Cricket Association Stadium, Dharamsala",RCB,PBKS,1.4242424242424243,8.25,0.25,1.4322033898305084,19.666666666666668,0.8333333333333334,0.9486111111111111,0.3333333333333333,1.2971014492753623,1.5217391304347827,13.8,0.4,1.2962962962962963,16.2,0.4,42.4,12,0.8333333333333334,0.75,0.16666666666666666,0.0
Yashasvi Jaiswal,202662,2026-05-17,"Arun Jaitley Stadium, Delhi",RR,DC,1.4811320754716981,19.272727272727273,0.8181818181818182,0.0,0.0,0.0,1.009090909090909,0.36363636363636365,0.4628099173553719,1.6140350877192982,11.4,1.0,0.0,0.0,0.0,29.0,11,3.272727272727273,1.2727272727272727,0.2727272727272727,0.0
Vaibhav Sooryavanshi,202662,2026-05-17,"Arun Jaitley Stadium, Delhi",RR,DC,2.2916666666666665,17.454545454545453,1.0,0.0,0.0,0.0,1.2666666666666666,0.36363636363636365,0.36363636363636365,2.3095238095238093,16.8,1.0,0.0,0.0,0.0,58.4,11,3.4545454545454546,3.6363636363636362,0.0,0.0
Dhruv Jurel,202662,2026-05-17,"Arun Jaitley Stadium, Delhi",RR,DC,1.4904761904761905,19.09090909090909,0.9090909090909091,0.0,0.0,0.0,1.1196969696969696,0.36363636363636365,0.8099173553719008,1.3333333333333333,19.8,1.0,0.0,0.0,0.0,47.0,11,2.727272727272727,1.2727272727272727,1.1818181818181819,0.0
Riyan Parag,202662,2026-05-17,"Arun Jaitley Stadium, Delhi",RR,DC,1.389261744966443,14.9,0.9,1.52,2.5,0.2,0.9616666666666667,0.4,0.7727272727272727,1.4234234234234233,22.2,1.0,1.6923076923076923,2.6,0.0,47.8,10,1.6,1.2,0.4,0.0
Donovan Ferreira,202662,2026-05-17,"Arun Jaitley Stadium, Delhi",RR,DC,1.7259259259259259,15.0,0.6666666666666666,2.0833333333333335,1.3333333333333333,0.1111111111111111,1.1703703703703703,0.4444444444444444,0.8939393939393939,1.95,16.0,0.6,2.0833333333333335,2.4,0.2,57.4,9,2.4444444444444446,1.7777777777777777,0.8888888888888888,0.0
Ravi Singh,202662,2026-05-17,"Arun Jaitley Stadium, Delhi",RR,DC,0.0,0.0,0.0,0.0,0.0,0.0,4.2,4.0,4.545454545454546,0.0,0.0,0.0,0.0,0.0,0.0,16.0,1,0.0,0.0,0.0,1.0
Shubham Dubey,202662,2026-05-17,"Arun Jaitley Stadium, Delhi",RR,DC,1.5434782608695652,11.5,0.5,0.0,0.0,0.0,1.3541666666666667,1.0,1.0,1.5434782608695652,11.5,0.5,0.0,0.0,0.0,25.25,4,2.0,0.75,0.0,0.0
Dasun Shanaka,202662,2026-05-17,"Arun Jaitley Stadium, Delhi",RR,DC,1.3333333333333333,12.0,1.0,0.0,0.0,0.0,4.3,4.0,4.0,1.3333333333333333,12.0,1.0,0.0,0.0,0.0,22.0,1,2.0,0.0,0.0,0.0
Jofra Archer,202662,2026-05-17,"Arun Jaitley Stadium, Delhi",RR,DC,0.8260869565217391,2.090909090909091,0.18181818181818182,1.4624505928853755,23.0,1.5454545454545454,1.103030303030303,0.36363636363636365,2.293388429752066,0.8888888888888888,1.8,0.2,1.5365853658536586,24.6,1.6,47.2,11,0.18181818181818182,0.0,0.45454545454545453,0.09090909090909091
Adam Milne,202662,2026-05-17,"Arun Jaitley Stadium, Delhi",RR,DC,0.0,0.0,0.0,0.0,0.0,0.0,0.0,0.0,0.0,0.0,0.0,0.0,0.0,0.0,0.0,0.0,0,0.0,0.0,0.0,0.0
Abishek Porel,202662,2026-05-17,"Arun Jaitley Stadium, Delhi",RR,DC,0.875,20.0,1.0,0.0,0.0,0.0,2.325,4.75,2.8863636363636362,0.875,20.0,1.0,0.0,0.0,0.0,23.5,2,2.0,0.0,0.0,0.0
Rahul,202662,2026-05-17,"Arun Jaitley Stadium, Delhi",RR,DC,1.7158273381294964,23.166666666666668,1.0,0.0,0.0,0.0,1.2180555555555557,5.5,2.6856060606060606,1.5584415584415585,15.4,1.0,0.0,0.0,0.0,34.4,12,4.166666666666667,2.0,0.16666666666666666,0.0
Sahil Parakh,202662,2026-05-17,"Arun Jaitley Stadium, Delhi",RR,DC,1.625,4.0,1.0,0.0,0.0,0.0,2.183333333333333,1.8333333333333333,2.3181818181818183,1.625,4.0,1.0,0.0,0.0,0.0,15.0,2,0.5,0.5,0.5,0.0
Axar Patel,202662,2026-05-17,"Arun Jaitley Stadium, Delhi",RR,DC,1.0101010101010102,8.25,0.75,1.3409090909090908,18.333333333333332,0.8333333333333334,0.8791666666666668,2.013888888888889,0.7840909090909091,0.9857142857142858,14.0,1.0,1.2151898734177216,15.8,0.6,39.6,12,0.9166666666666666,0.16666666666666666,0.25,0.0
Tristan Stubbs,202662,2026-05-17,"Arun Jaitley Stadium, Delhi",RR,DC,1.2488479262672811,19.727272727272727,0.45454545454545453,0.0,0.0,0.0,0.8893939393939394,1.4090909090909092,1.6983471074380168,1.0714285714285714,14.0,0.6,0.0,0.0,0.0,22.6,11,1.6363636363636365,0.8181818181818182,0.2727272727272727,0.0
David Miller,202662,2026-05-17,"Arun Jaitley Stadium, Delhi",RR,DC,1.4621848739495797,13.222222222222221,0.5555555555555556,0.0,0.0,0.0,0.9018518518518519,2.2962962962962963,1.5303030303030303,1.5833333333333333,12.0,0.6,0.0,0.0,0.0,32.8,9,1.6666666666666667,1.1111111111111112,0.4444444444444444,0.0
Ashutosh Sharma,202662,2026-05-17,"Arun Jaitley Stadium, Delhi",RR,DC,1.646341463414634,13.666666666666666,0.8333333333333334,0.0,0.0,0.0,1.1694444444444445,2.5,1.9166666666666667,1.6111111111111112,14.4,0.8,0.0,0.0,0.0,35.4,6,2.0,1.5,0.3333333333333333,0.0
Mitchell Starc,202662,2026-05-17,"Arun Jaitley Stadium, Delhi",RR,DC,0.0,0.5,0.25,1.6421052631578947,23.75,1.5,1.6125,1.4166666666666667,0.9772727272727273,0.0,0.5,0.25,1.6421052631578947,23.75,1.5,40.75,4,0.0,0.0,0.25,0.25
Lungi Ngidi,202662,2026-05-17,"Arun Jaitley Stadium, Delhi",RR,DC,0.5714285714285714,0.7777777777777778,0.2222222222222222,1.38755980861244,23.22222222222222,0.8888888888888888,0.825925925925926,1.851851851851852,0.45454545454545453,0.5,0.4,0.2,1.4642857142857142,22.4,0.6,18.8,9,0.0,0.0,0.0,0.0
Tripurana Vijay,202662,2026-05-17,"Arun Jaitley Stadium, Delhi",RR,DC,0.0,0.0,0.0,0.0,0.0,0.0,0.0,0.0,0.0,0.0,0.0,0.0,0.0,0.0,0.0,0.0,0,0.0,0.0,0.0,0.0
Mukesh Kumar,202662,2026-05-17,"Arun Jaitley Stadium, Delhi",RR,DC,0.0,0.0,0.0,1.6631578947368422,21.11111111111111,0.7777777777777778,0.7962962962962963,2.5925925925925926,0.4444444444444444,0.0,0.0,0.0,1.77,20.0,0.4,16.4,9,0.0,0.0,0.2222222222222222,0.1111111111111111
Madhav Tiwari,202662,2026-05-17,"Arun Jaitley Stadium, Delhi",RR,DC,2.25,8.0,0.0,1.6923076923076923,26.0,2.0,5.333333333333333,4.0,5.0,2.25,8.0,0.0,1.6923076923076923,26.0,2.0,84.0,1,2.0,1.0,1.0,0.0
Brijesh Sharma,202662,2026-05-17,"Arun Jaitley Stadium, Delhi",RR,DC,0.5,0.5,0.0,1.5057471264367817,21.75,1.125,0.9895833333333334,0.5,1.8238636363636365,1.0,0.2,0.0,1.5630252100840336,23.8,1.2,34.2,8,0.0,0.0,0.125,0.0
Yash Raj Punja,202662,2026-05-17,"Arun Jaitley Stadium, Delhi",RR,DC,0.0,0.0,0.0,1.4324324324324325,24.666666666666668,1.3333333333333333,1.888888888888889,1.3333333333333333,2.848484848484848,0.0,0.0,0.0,1.4324324324324325,24.666666666666668,1.3333333333333333,37.333333333333336,3,0.0,0.0,0.0,0.0
Sanju Samson,202663,2026-05-18,"MA Chidambaram Stadium, Chennai",CSK,SRH,1.6,23.333333333333332,0.75,0.0,0.0,0.0,1.1693548387096775,4.458333333333333,0.4202898550724638,1.3963963963963963,22.2,0.8,0.0,0.0,0.0,44.8,12,4.0,1.9166666666666667,0.25,0.0
Ruturaj Gaikwad,202663,2026-05-18,"MA Chidambaram Stadium, Chennai",CSK,SRH,1.16793893129771,21.833333333333332,0.8333333333333334,0.0,0.0,0.0,0.9005376344086021,4.486111111111112,0.5217391304347826,1.2095808383233533,33.4,0.6,0.0,0.0,0.0,59.8,12,2.3333333333333335,0.8333333333333334,0.4166666666666667,0.08333333333333333
Urvil Patel,202663,2026-05-18,"MA Chidambaram Stadium, Chennai",CSK,SRH,2.0714285714285716,11.2,1.0,0.0,0.0,0.0,1.3483870967741935,5.266666666666667,0.9391304347826088,2.0714285714285716,11.2,1.0,0.0,0.0,0.0,38.0,5,1.2,2.4,0.4,0.0
Kartik Sharma,202663,2026-05-18,"MA Chidambaram Stadium, Chennai",CSK,SRH,1.3118279569892473,20.666666666666668,0.7777777777777778,0.0,0.0,0.0,1.007168458781362,2.5185185185185186,0.4830917874396135,1.3958333333333333,28.8,0.6,0.0,0.0,0.0,56.6,9,2.0,1.5555555555555556,0.1111111111111111,0.0
Dewald Brevis,202663,2026-05-18,"MA Chidambaram Stadium, Chennai",CSK,SRH,1.125,11.0,0.75,0.0,0.0,0.0,0.9415322580645161,3.4583333333333335,1.065217391304348,1.1372549019607843,10.2,0.8,0.0,0.0,0.0,28.0,8,0.75,0.75,1.375,0.125
Shivam Dube,202663,2026-05-18,"MA Chidambaram Stadium, Chennai",CSK,SRH,1.3873239436619718,14.2,0.5,1.9473684210526316,1.9,0.1,0.8564516129032258,2.933333333333333,0.6130434782608696,1.3768115942028984,13.8,0.6,1.1666666666666667,1.2,0.0,26.8,10,1.7,1.0,0.3,0.0
Prashant Veer,202663,2026-05-18,"MA Chidambaram Stadium, Chennai",CSK,SRH,1.3114754098360655,12.2,0.2,2.0833333333333335,2.4,0.0,1.103225806451613,1.7666666666666668,0.8,1.3114754098360655,12.2,0.2,2.0833333333333335,2.4,0.0,22.8,5,1.6,0.6,0.0,0.0
Akeal Hosein,202663,2026-05-18,"MA Chidambaram Stadium, Chennai",CSK,SRH,1.0,0.3333333333333333,0.0,1.3409090909090908,22.0,1.3333333333333333,1.217741935483871,2.2777777777777777,2.1376811594202896,1.0,0.4,0.0,1.3305084745762712,23.6,1.6,43.4,6,0.0,0.0,0.16666666666666666,0.0
Abhishek Sharma,202663,2026-05-18,"MA Chidambaram Stadium, Chennai",CSK,SRH,1.901185770750988,21.083333333333332,1.0,1.6896551724137931,2.4166666666666665,0.0,1.25,0.3333333333333333,2.6594202898550727,1.8160919540229885,17.4,1.0,1.1666666666666667,2.4,0.0,48.0,12,3.5833333333333335,3.0833333333333335,0.4166666666666667,0.0
Travis Head,202663,2026-05-18,"MA Chidambaram Stadium, Chennai",CSK,SRH,1.6261261261261262,18.5,1.0,0.0,0.0,0.0,0.9475806451612904,0.3333333333333333,1.9891304347826086,1.9673913043478262,18.4,1.0,0.0,0.0,0.0,52.2,12,3.1666666666666665,1.8333333333333333,0.0,0.0
Ishan Kishan,202663,2026-05-18,"MA Chidambaram Stadium, Chennai",CSK,SRH,1.7991452991452992,19.5,0.9166666666666666,0.0,0.0,0.0,1.157258064516129,0.3333333333333333,2.278985507246377,1.75,20.8,1.0,0.0,0.0,0.0,57.2,12,3.5,1.9166666666666667,0.6666666666666666,0.08333333333333333
Heinrich Klaasen,202663,2026-05-18,"MA Chidambaram Stadium, Chennai",CSK,SRH,1.4810495626822158,28.583333333333332,0.8333333333333334,0.0,0.0,0.0,1.3118279569892473,0.3333333333333333,2.6231884057971016,1.5161290322580645,24.8,0.8,0.0,0.0,0.0,63.2,12,3.1666666666666665,1.9166666666666667,1.0,0.0
Nitish Reddy,202663,2026-05-18,"MA Chidambaram Stadium, Chennai",CSK,SRH,1.6,12.727272727272727,0.7272727272727273,1.6402439024390243,14.909090909090908,0.6363636363636364,1.1217008797653958,0.36363636363636365,1.4624505928853753,1.6603773584905661,10.6,0.6,1.7926829268292683,16.4,0.6,44.8,11,1.2727272727272727,1.4545454545454546,0.7272727272727273,0.0
Salil Arora,202663,2026-05-18,"MA Chidambaram Stadium, Chennai",CSK,SRH,1.5205479452054795,8.11111111111111,0.6666666666666666,0.0,0.0,0.0,0.7275985663082438,0.4444444444444444,1.0917874396135265,1.5681818181818181,8.8,0.6,0.0,0.0,0.0,22.4,9,1.0,0.8888888888888888,0.3333333333333333,0.0
Smaran Ravichandran,202663,2026-05-18,"MA Chidambaram Stadium, Chennai",CSK,SRH,0.6842105263157895,9.5,1.0,0.0,0.0,0.0,2.185483870967742,2.0,2.3260869565217392,0.6842105263157895,9.5,1.0,0.0,0.0,0.0,15.5,2,1.0,0.0,0.5,0.0
Praful Hinge,202663,2026-05-18,"MA Chidambaram Stadium, Chennai",CSK,SRH,0.3333333333333333,1.8,0.2,1.7916666666666667,24.0,2.0,1.693548387096774,0.8,0.826086956521739,0.3333333333333333,1.8,0.2,1.7916666666666667,24.0,2.0,59.4,5,0.0,0.0,0.4,0.0
Pat Cummins,202663,2026-05-18,"MA Chidambaram Stadium, Chennai",CSK,SRH,1.7058823529411764,3.4,0.4,1.3629032258064515,24.8,1.0,1.3709677419354838,0.8,1.1130434782608696,1.7058823529411764,3.4,0.4,1.3629032258064515,24.8,1.0,39.4,5,0.2,0.6,0.4,0.0
Eshan Malinga,202663,2026-05-18,"MA Chidambaram Stadium, Chennai",CSK,SRH,0.2,0.8333333333333334,0.0,1.4818840579710144,23.0,1.4166666666666667,0.9381720430107526,0.3333333333333333,0.34057971014492755,0.2,2.0,0.0,1.536,25.0,0.8,27.6,12,0.0,0.0,0.25,0.08333333333333333
Sakib Hussain,202663,2026-05-18,"MA Chidambaram Stadium, Chennai",CSK,SRH,0.0,0.0,0.0,1.4090909090909092,24.75,1.5,1.1370967741935485,0.5,0.5,0.0,0.0,0.0,1.6440677966101696,23.6,1.2,34.0,8,0.0,0.0,0.125,0.0
Shivang Kumar,202663,2026-05-18,"MA Chidambaram Stadium, Chennai",CSK,SRH,1.1304347826086956,2.3,0.5,1.5538461538461539,19.5,1.0,0.7790322580645161,0.4,0.5347826086956522,0.625,1.6,0.4,1.7674418604651163,17.2,0.6,20.0,10,0.3,0.1,0.0,0.0
Mukesh Choudhary,202663,2026-05-18,"MA Chidambaram Stadium, Chennai",CSK,SRH,0.0,0.0,0.0,1.4603174603174602,21.0,1.0,1.0779569892473118,0.6666666666666666,1.7753623188405798,0.0,0.0,0.0,1.4210526315789473,22.8,0.8,24.6,6,0.0,0.0,0.3333333333333333,0.16666666666666666
Spencer Johnson,202663,2026-05-18,"MA Chidambaram Stadium, Chennai",CSK,SRH,0.0,0.0,0.0,1.5384615384615385,26.0,1.0,4.403225806451613,4.0,5.086956521739131,0.0,0.0,0.0,1.5384615384615385,26.0,1.0,29.0,1,0.0,0.0,0.0,0.0
Anshul Kamboj,202663,2026-05-18,"MA Chidambaram Stadium, Chennai",CSK,SRH,1.25,2.6666666666666665,0.0,1.6113207547169812,22.083333333333332,1.75,1.071236559139785,4.722222222222222,2.1557971014492754,0.0,0.0,0.0,1.871559633027523,21.8,1.4,29.8,12,0.16666666666666666,0.16666666666666666,0.16666666666666666,0.0
Noor Ahmad,202663,2026-05-18,"MA Chidambaram Stadium, Chennai",CSK,SRH,0.5263157894736842,1.5833333333333333,0.16666666666666666,1.3357933579335792,22.583333333333332,1.0,0.7674731182795699,3.0416666666666665,1.4601449275362317,0.0,0.0,0.0,1.0782608695652174,23.0,1.0,29.0,12,0.0,0.08333333333333333,0.3333333333333333,0.0
Mitchell Marsh,202664,2026-05-19,"Sawai Mansingh Stadium, Jaipur",LSG,RR,1.5618729096989967,24.916666666666668,1.0,0.0,0.0,0.0,1.1812169312169312,0.3333333333333333,0.4492753623188406,1.8759124087591241,27.4,0.8,0.0,0.0,0.0,77.4,12,3.3333333333333335,2.5833333333333335,0.3333333333333333,0.0
Josh Inglis,202664,2026-05-19,"Sawai Mansingh Stadium, Jaipur",LSG,RR,1.8055555555555556,24.0,1.0,0.0,0.0,0.0,2.259259259259259,1.3333333333333333,1.4492753623188406,1.8055555555555556,24.0,1.0,0.0,0.0,0.0,62.333333333333336,3,5.0,2.3333333333333335,0.3333333333333333,0.0
Nicholas Pooran,202664,2026-05-19,"Sawai Mansingh Stadium, Jaipur",LSG,RR,1.2413793103448276,14.5,1.0833333333333333,0.0,0.0,0.0,0.7579365079365079,0.3333333333333333,0.5217391304347826,1.7875,16.0,1.2,0.0,0.0,0.0,44.2,12,0.9166666666666666,1.4166666666666667,0.4166666666666667,0.08333333333333333
Rishabh Pant,202664,2026-05-19,"Sawai Mansingh Stadium, Jaipur",LSG,RR,1.3263157894736841,17.272727272727273,0.7272727272727273,0.0,0.0,0.0,0.9191919191919191,0.36363636363636365,0.6956521739130435,1.3461538461538463,15.6,0.8,0.0,0.0,0.0,36.4,11,2.272727272727273,0.8181818181818182,0.8181818181818182,0.09090909090909091
Ayush Badoni,202664,2026-05-19,"Sawai Mansingh Stadium, Jaipur",LSG,RR,1.376,15.625,1.0,2.3333333333333335,0.75,0.0,0.9246031746031746,0.5,0.5434782608695652,1.358974358974359,15.6,1.0,2.3333333333333335,1.2,0.0,30.0,8,2.25,0.75,0.125,0.0
Yashasvi Jaiswal,202664,2026-05-19,"Sawai Mansingh Stadium, Jaipur",LSG,RR,1.4751131221719458,18.416666666666668,0.8333333333333334,0.0,0.0,0.0,0.9272486772486772,1.1944444444444444,1.8442028985507246,1.5769230769230769,10.4,1.0,0.0,0.0,0.0,28.4,12,3.25,1.1666666666666667,0.3333333333333333,0.0
Vaibhav Sooryavanshi,202664,2026-05-19,"Sawai Mansingh Stadium, Jaipur",LSG,RR,2.26046511627907,17.916666666666668,1.0,0.0,0.0,0.0,1.1970899470899472,6.055555555555556,2.6992753623188404,2.4166666666666665,19.2,1.0,0.0,0.0,0.0,67.8,12,3.5833333333333335,3.5833333333333335,0.0,0.0
Dhruv Jurel,202664,2026-05-19,"Sawai Mansingh Stadium, Jaipur",LSG,RR,1.4523809523809523,21.0,0.9166666666666666,0.0,0.0,0.0,1.0965608465608465,4.861111111111112,2.0036231884057973,1.3214285714285714,28.0,1.0,0.0,0.0,0.0,57.4,12,2.9166666666666665,1.3333333333333333,1.1666666666666667,0.0
Lhuan-dre Pretorius,202664,2026-05-19,"Sawai Mansingh Stadium, Jaipur",LSG,RR,0.0,2.0,1.0,0.0,0.0,0.0,3.9682539682539684,4.0,3.9130434782608696,0.0,2.0,1.0,0.0,0.0,0.0,2.0,1,0.0,0.0,0.0,0.0
Donovan Ferreira,202664,2026-05-19,"Sawai Mansingh Stadium, Jaipur",LSG,RR,1.713235294117647,13.6,0.7,2.2777777777777777,1.8,0.1,1.0317460317460319,5.633333333333334,1.708695652173913,2.193548387096774,12.4,0.6,2.2777777777777777,3.6,0.2,52.6,10,2.2,1.6,0.9,0.0
Jofra Archer,202664,2026-05-19,"Sawai Mansingh Stadium, Jaipur",LSG,RR,0.84,2.0833333333333335,0.16666666666666666,1.4464285714285714,23.333333333333332,1.5833333333333333,1.0476190476190477,3.111111111111111,0.4166666666666667,0.9090909090909091,2.2,0.2,1.632,25.0,1.2,39.4,12,0.16666666666666666,0.0,0.4166666666666667,0.08333333333333333
Sushant Mishra,202664,2026-05-19,"Sawai Mansingh Stadium, Jaipur",LSG,RR,0.0,0.0,0.0,0.0,0.0,0.0,0.0,0.0,0.0,0.0,0.0,0.0,0.0,0.0,0.0,0.0,0,0.0,0.0,0.0,0.0
Sandeep Sharma,202664,2026-05-19,"Sawai Mansingh Stadium, Jaipur",LSG,RR,0.0,0.0,0.0,1.6759259259259258,21.6,1.2,1.273015873015873,0.8,0.8,0.0,0.0,0.0,1.6759259259259258,21.6,1.2,33.8,5,0.0,0.0,0.6,0.0
Brijesh Sharma,202664,2026-05-19,"Sawai Mansingh Stadium, Jaipur",LSG,RR,0.5,0.4444444444444444,0.0,1.53,22.22222222222222,1.2222222222222223,0.9470899470899471,4.185185185185185,0.45410628019323673,1.0,0.2,0.0,1.6825396825396826,25.2,1.2,34.2,9,0.0,0.0,0.1111111111111111,0.0
Yash Raj Punja,202664,2026-05-19,"Sawai Mansingh Stadium, Jaipur",LSG,RR,0.0,0.0,0.0,1.3636363636363635,24.75,1.0,1.3968253968253967,3.0833333333333335,1.0,0.0,0.0,0.0,1.3636363636363635,24.75,1.0,29.0,4,0.0,0.0,0.0,0.0
Dasun Shanaka,202664,2026-05-19,"Sawai Mansingh Stadium, Jaipur",LSG,RR,1.3,10.0,1.0,1.7222222222222223,9.0,0.5,2.5,5.0,2.652173913043478,1.3,10.0,1.0,1.7222222222222223,9.0,0.5,35.5,2,1.0,0.5,0.5,0.0
Akash Singh,202664,2026-05-19,"Sawai Mansingh Stadium, Jaipur",LSG,RR,0.0,0.0,0.0,1.04,25.0,3.0,5.380952380952381,4.0,7.782608695652174,0.0,0.0,0.0,1.04,25.0,3.0,91.0,1,0.0,0.0,1.0,0.0
Mohsin Khan,202664,2026-05-19,"Sawai Mansingh Stadium, Jaipur",LSG,RR,0.0,0.8,0.4,1.2601626016260163,24.6,2.0,1.7841269841269842,0.8,3.5304347826086953,0.0,0.8,0.4,1.2601626016260163,24.6,2.0,66.0,5,0.0,0.0,0.4,0.0
Mayank Yadav,202664,2026-05-19,"Sawai Mansingh Stadium, Jaipur",LSG,RR,0.8333333333333334,2.0,0.3333333333333333,1.7236842105263157,25.333333333333332,0.0,1.365079365079365,1.3333333333333333,1.3333333333333333,0.8333333333333334,2.0,0.3333333333333333,1.7236842105263157,25.333333333333332,0.0,6.0,3,0.3333333333333333,0.0,0.0,0.0
Prince Yadav,202664,2026-05-19,"Sawai Mansingh Stadium, Jaipur",LSG,RR,0.0,0.08333333333333333,0.0,1.3706293706293706,23.833333333333332,1.5833333333333333,0.9153439153439153,0.3333333333333333,1.9275362318840579,0.0,0.2,0.0,1.4049586776859504,24.2,0.8,23.0,12,0.0,0.0,0.3333333333333333,0.0
Digvesh Singh Rathi,202664,2026-05-19,"Sawai Mansingh Stadium, Jaipur",LSG,RR,0.4,0.625,0.0,1.6262626262626263,24.75,0.625,0.8154761904761905,0.5,1.3532608695652173,0.4,1.0,0.0,1.7661290322580645,24.8,0.4,19.2,8,0.0,0.0,0.5,0.0
Shahbaz Ahmed,202664,2026-05-19,"Sawai Mansingh Stadium, Jaipur",LSG,RR,1.4146341463414633,10.25,0.0,1.8088235294117647,17.0,1.25,1.7658730158730158,1.0,2.358695652173913,1.4146341463414633,10.25,0.0,1.8088235294117647,17.0,1.25,52.25,4,1.0,0.75,0.0,0.0
Ryan Rickelton,202665,2026-05-20,"Eden Gardens, Kolkata",MI,KKR,1.853448275862069,23.2,0.9,0.0,0.0,0.0,1.3703125,0.4,0.6086956521739131,2.0489510489510487,28.6,0.8,0.0,0.0,0.0,91.0,10,2.9,3.7,0.6,0.0
Rohit Sharma,202665,2026-05-20,"Eden Gardens, Kolkata",MI,KKR,1.6047904191616766,23.857142857142858,1.0,0.0,0.0,0.0,1.3370535714285714,0.5714285714285714,0.5714285714285714,1.5346534653465347,20.2,1.0,0.0,0.0,0.0,43.4,7,3.0,2.7142857142857144,0.0,0.0
Naman Dhir,202665,2026-05-20,"Eden Gardens, Kolkata",MI,KKR,1.4857142857142858,17.5,0.8333333333333334,0.0,0.0,0.0,0.9088541666666666,0.3333333333333333,0.5507246376811594,1.490566037735849,21.2,0.8,0.0,0.0,0.0,46.2,12,2.5,1.0833333333333333,0.5833333333333334,0.0
Tilak Varma,202665,2026-05-20,"Eden Gardens, Kolkata",MI,KKR,1.5700934579439252,17.833333333333332,0.8333333333333334,0.0,0.0,0.0,1.0104166666666667,0.3333333333333333,0.6376811594202899,1.4903846153846154,20.8,0.8,0.0,0.0,0.0,49.2,12,2.5,1.3333333333333333,0.8333333333333334,0.0
Suryakumar Yadav,202665,2026-05-20,"Eden Gardens, Kolkata",MI,KKR,1.3636363636363635,13.0,1.0,0.0,0.0,0.0,0.7272727272727273,0.36363636363636365,0.45849802371541504,1.2758620689655173,11.6,1.0,0.0,0.0,0.0,24.2,11,2.090909090909091,0.45454545454545453,0.2727272727272727,0.0
Hardik Pandya,202665,2026-05-20,"Eden Gardens, Kolkata",MI,KKR,1.3153153153153154,13.875,0.875,1.8014705882352942,17.0,0.5,1.05859375,0.5,1.1304347826086956,1.1285714285714286,14.0,1.0,1.9102564102564104,15.6,0.4,32.0,8,2.0,0.5,0.25,0.0
Will Jacks,202665,2026-05-20,"Eden Gardens, Kolkata",MI,KKR,1.7358490566037736,10.6,0.6,1.9230769230769231,7.8,0.2,1.278125,0.8,1.1565217391304348,1.7358490566037736,10.6,0.6,1.9230769230769231,7.8,0.2,34.6,5,1.6,1.2,0.4,0.0
Corbin Bosch,202665,2026-05-20,"Eden Gardens, Kolkata",MI,KKR,1.7777777777777777,2.25,0.0,1.5609756097560976,20.5,2.0,1.9609375,1.0,3.4782608695652173,1.7777777777777777,2.25,0.0,1.5609756097560976,20.5,2.0,65.5,4,0.5,0.0,0.25,0.0
Deepak Chahar,202665,2026-05-20,"Eden Gardens, Kolkata",MI,KKR,1.0,1.1666666666666667,0.0,1.7203389830508475,19.666666666666668,0.8333333333333334,1.0338541666666667,0.6666666666666666,1.6304347826086956,1.0,1.4,0.0,1.83,20.0,0.8,27.2,6,0.16666666666666666,0.0,0.16666666666666666,0.0
Ajinkya Rahane,202665,2026-05-20,"Eden Gardens, Kolkata",MI,KKR,1.2613065326633166,16.583333333333332,0.8333333333333334,0.0,0.0,0.0,0.7864583333333334,1.8166666666666667,1.4202898550724639,1.1123595505617978,17.8,0.8,0.0,0.0,0.0,35.6,12,1.4166666666666667,1.1666666666666667,0.5,0.0
Finn Allen,202665,2026-05-20,"Eden Gardens, Kolkata",MI,KKR,2.1543624161073827,16.555555555555557,1.0,0.0,0.0,0.0,1.1996527777777777,4.422222222222222,2.5458937198067635,2.2314814814814814,21.6,1.0,0.0,0.0,0.0,70.8,9,3.111111111111111,3.0,0.0,0.0
Manish Pandey,202665,2026-05-20,"Eden Gardens, Kolkata",MI,KKR,0.0,0.0,0.0,0.0,0.0,0.0,0.0,0.0,0.0,0.0,0.0,0.0,0.0,0.0,0.0,0.0,0,0.0,0.0,0.0,0.0
Cameron Green,202665,2026-05-20,"Eden Gardens, Kolkata",MI,KKR,1.4429223744292237,18.25,0.5,1.7727272727272727,9.166666666666666,0.4166666666666667,1.0872395833333333,4.1000000000000005,1.7318840579710146,1.4666666666666666,21.0,0.4,1.6176470588235294,13.6,0.8,66.4,12,1.8333333333333333,1.4166666666666667,0.5833333333333334,0.0
Rovman Powell,202665,2026-05-20,"Eden Gardens, Kolkata",MI,KKR,1.2577319587628866,19.4,0.6,0.0,0.0,0.0,1.328125,4.12,2.0608695652173914,1.2577319587628866,19.4,0.6,0.0,0.0,0.0,37.8,5,1.8,1.4,0.6,0.0
Tejasvi Dahiya,202665,2026-05-20,"Eden Gardens, Kolkata",MI,KKR,0.0,0.0,0.0,0.0,0.0,0.0,0.0,0.0,0.0,0.0,0.0,0.0,0.0,0.0,0.0,0.0,0,0.0,0.0,0.0,0.0
Rinku Singh,202665,2026-05-20,"Eden Gardens, Kolkata",MI,KKR,1.4146341463414633,22.77777777777778,0.6666666666666666,0.0,0.0,0.0,1.2048611111111112,3.533333333333333,2.154589371980676,1.536231884057971,27.6,0.4,0.0,0.0,0.0,67.6,9,2.888888888888889,1.2222222222222223,1.1111111111111112,0.0
Anukul Roy,202665,2026-05-20,"Eden Gardens, Kolkata",MI,KKR,1.3928571428571428,2.5454545454545454,0.2727272727272727,1.4329268292682926,14.909090909090908,0.6363636363636364,0.7727272727272727,2.4545454545454546,0.525691699604743,0.0,0.2,0.2,1.547945205479452,14.6,0.6,29.0,11,0.18181818181818182,0.18181818181818182,0.5454545454545454,0.09090909090909091
Saurabh Dubey,202665,2026-05-20,"Eden Gardens, Kolkata",MI,KKR,0.0,0.0,0.0,1.21875,16.0,0.5,2.2890625,5.7,2.0,0.0,0.0,0.0,1.21875,16.0,0.5,22.5,2,0.0,0.0,0.0,0.0
Kartik Tyagi,202665,2026-05-20,"Eden Gardens, Kolkata",MI,KKR,1.2222222222222223,0.8181818181818182,0.18181818181818182,1.537313432835821,24.363636363636363,1.5454545454545454,1.0085227272727273,2.963636363636364,0.4189723320158103,0.0,0.0,0.0,1.532258064516129,24.8,1.8,46.4,11,0.09090909090909091,0.09090909090909091,0.36363636363636365,0.0
Sunil Narine,202665,2026-05-20,"Eden Gardens, Kolkata",MI,KKR,1.2121212121212122,3.0,0.2727272727272727,1.1302681992337165,23.727272727272727,1.3636363636363635,1.0042613636363635,3.0727272727272723,0.5533596837944664,0.6666666666666666,1.2,0.0,1.0975609756097562,24.6,1.8,53.8,11,0.18181818181818182,0.36363636363636365,0.2727272727272727,0.0
Varun Chakaravarthy,202665,2026-05-20,"Eden Gardens, Kolkata",MI,KKR,0.0,0.1111111111111111,0.1111111111111111,1.4656862745098038,22.666666666666668,1.1111111111111112,0.9166666666666666,2.511111111111111,0.43478260869565216,0.0,0.0,0.0,1.2903225806451613,24.8,1.6,45.6,9,0.0,0.0,0.2222222222222222,0.0
Jasprit Bumrah,202665,2026-05-20,"Eden Gardens, Kolkata",MI,KKR,0.875,0.6666666666666666,0.08333333333333333,1.345890410958904,24.333333333333332,0.3333333333333333,0.4830729166666667,0.3333333333333333,0.7210144927536232,0.0,0.0,0.0,1.448,25.0,0.2,11.4,12,0.08333333333333333,0.0,0.08333333333333333,0.08333333333333333
AM Ghazanfar,202665,2026-05-20,"Eden Gardens, Kolkata",MI,KKR,0.0,0.0,0.0,1.6494845360824741,21.555555555555557,1.4444444444444444,1.0086805555555556,0.4444444444444444,2.0144927536231885,0.0,0.0,0.0,1.7456140350877194,22.8,1.4,39.0,9,0.0,0.0,0.0,0.0
Raghu Sharma,202665,2026-05-20,"Eden Gardens, Kolkata",MI,KKR,0.0,0.0,0.0,1.3666666666666667,20.0,0.3333333333333333,1.5052083333333333,1.3333333333333333,1.8115942028985508,0.0,0.0,0.0,1.3666666666666667,20.0,0.3333333333333333,15.0,3,0.0,0.0,0.3333333333333333,0.0
Sai Sudharsan,202666,2026-05-21,"Narendra Modi Stadium, Ahmedabad",GT,CSK,1.5178082191780822,28.076923076923077,0.9230769230769231,0.0,0.0,0.0,1.21301775147929,4.076923076923077,0.4184615384615385,1.4320987654320987,32.4,0.8,0.0,0.0,0.0,67.8,13,4.230769230769231,1.9230769230769231,0.23076923076923078,0.07692307692307693
Shubman Gill,202666,2026-05-21,"Narendra Modi Stadium, Ahmedabad",GT,CSK,1.541899441340782,29.833333333333332,0.9166666666666666,0.0,0.0,0.0,1.323076923076923,3.388888888888889,0.5866666666666667,1.734375,25.6,1.0,0.0,0.0,0.0,68.0,12,4.166666666666667,2.25,0.6666666666666666,0.08333333333333333
Jos Buttler,202666,2026-05-21,"Narendra Modi Stadium, Ahmedabad",GT,CSK,1.4714285714285715,21.53846153846154,0.9230769230769231,0.0,0.0,0.0,1.1325443786982248,3.948717948717949,0.8615384615384615,1.4343434343434343,19.8,1.0,0.0,0.0,0.0,58.0,13,3.1538461538461537,1.5384615384615385,1.3846153846153846,0.07692307692307693
Rahul Tewatia,202666,2026-05-21,"Narendra Modi Stadium, Ahmedabad",GT,CSK,1.1951219512195121,7.454545454545454,0.36363636363636365,0.0,0.0,0.0,0.544055944055944,1.4090909090909092,0.4218181818181818,1.3611111111111112,7.2,0.4,0.0,0.0,0.0,15.6,11,0.8181818181818182,0.2727272727272727,0.18181818181818182,0.0
Washington Sundar,202666,2026-05-21,"Narendra Modi Stadium, Ahmedabad",GT,CSK,1.458128078817734,16.916666666666668,0.5833333333333334,1.4186046511627908,3.5833333333333335,0.08333333333333333,0.8935897435897435,3.027777777777778,0.5766666666666667,1.5217391304347827,18.4,0.4,0.8333333333333334,2.4,0.0,43.6,12,2.6666666666666665,0.8333333333333334,0.5,0.0
Sanju Samson,202666,2026-05-21,"Narendra Modi Stadium, Ahmedabad",GT,CSK,1.621160409556314,22.53846153846154,0.7692307692307693,0.0,0.0,0.0,1.098224852071006,0.3076923076923077,2.2523076923076926,1.5688073394495412,21.8,0.8,0.0,0.0,0.0,51.4,13,4.076923076923077,1.8461538461538463,0.23076923076923078,0.0
Ruturaj Gaikwad,202666,2026-05-21,"Narendra Modi Stadium, Ahmedabad",GT,CSK,1.130281690140845,21.846153846153847,0.8461538461538461,0.0,0.0,0.0,0.8248520710059171,0.3076923076923077,1.4923076923076921,1.1349206349206349,25.2,0.8,0.0,0.0,0.0,43.6,13,2.1538461538461537,0.7692307692307693,0.38461538461538464,0.07692307692307693
Matthew Short,202666,2026-05-21,"Narendra Modi Stadium, Ahmedabad",GT,CSK,0.9230769230769231,19.5,1.0,1.95,10.0,0.0,2.453846153846154,2.0,2.78,0.9230769230769231,19.5,1.0,1.95,10.0,0.0,33.5,2,1.5,0.0,0.5,0.0
Urvil Patel,202666,2026-05-21,"Narendra Modi Stadium, Ahmedabad",GT,CSK,1.9846153846153847,10.833333333333334,1.0,0.0,0.0,0.0,1.1871794871794872,0.6666666666666666,1.8066666666666666,2.0161290322580645,12.4,1.0,0.0,0.0,0.0,43.6,6,1.0,2.3333333333333335,0.6666666666666666,0.0
Kartik Sharma,202666,2026-05-21,"Narendra Modi Stadium, Ahmedabad",GT,CSK,1.3463414634146342,20.5,0.8,0.0,0.0,0.0,0.9430769230769231,0.4,1.78,1.4155844155844155,30.8,0.6,0.0,0.0,0.0,60.8,10,2.1,1.6,0.1,0.0
Dewald Brevis,202666,2026-05-21,"Narendra Modi Stadium, Ahmedabad",GT,CSK,1.2327586206896552,12.88888888888889,0.7777777777777778,0.0,0.0,0.0,0.911111111111111,0.4444444444444444,1.1955555555555555,1.208955223880597,13.4,0.8,0.0,0.0,0.0,32.0,9,0.8888888888888888,1.1111111111111112,1.2222222222222223,0.1111111111111111
Shivam Dube,202666,2026-05-21,"Narendra Modi Stadium, Ahmedabad",GT,CSK,1.3273809523809523,15.272727272727273,0.5454545454545454,1.8846153846153846,2.3636363636363638,0.09090909090909091,0.8027972027972029,0.36363636363636365,1.3272727272727272,1.2820512820512822,15.6,0.6,1.4615384615384615,2.6,0.0,28.2,11,1.8181818181818181,1.0,0.2727272727272727,0.0
Anshul Kamboj,202666,2026-05-21,"Narendra Modi Stadium, Ahmedabad",GT,CSK,1.25,2.4615384615384617,0.0,1.6344827586206896,22.307692307692307,1.6923076923076923,0.9869822485207101,0.3076923076923077,0.4492307692307692,0.0,0.0,0.0,2.0258620689655173,23.2,1.6,34.8,13,0.15384615384615385,0.15384615384615385,0.15384615384615385,0.0
Noor Ahmad,202666,2026-05-21,"Narendra Modi Stadium, Ahmedabad",GT,CSK,0.5263157894736842,1.4615384615384615,0.15384615384615385,1.3627118644067797,22.692307692307693,1.0,0.7195266272189349,0.3076923076923077,0.34461538461538466,0.0,0.0,0.0,1.1842105263157894,22.8,1.2,34.0,13,0.0,0.07692307692307693,0.3076923076923077,0.0
Mukesh Choudhary,202666,2026-05-21,"Narendra Modi Stadium, Ahmedabad",GT,CSK,0.0,0.0,0.0,1.4407894736842106,21.714285714285715,1.1428571428571428,1.0351648351648353,0.5714285714285714,0.5714285714285714,0.0,0.0,0.0,1.4649122807017543,22.8,1.0,29.6,7,0.0,0.0,0.42857142857142855,0.14285714285714285
Spencer Johnson,202666,2026-05-21,"Narendra Modi Stadium, Ahmedabad",GT,CSK,0.0,0.0,0.0,1.5,22.0,0.5,2.253846153846154,2.0,2.0,0.0,0.0,0.0,1.5,22.0,0.5,20.5,2,0.0,0.0,0.5,0.0
Gurjapneet Singh,202666,2026-05-21,"Narendra Modi Stadium, Ahmedabad",GT,CSK,0.0,0.0,0.0,1.5419847328244274,18.714285714285715,0.5714285714285714,0.8791208791208792,0.5714285714285714,0.5714285714285714,0.0,0.0,0.0,1.4285714285714286,19.6,0.6,23.8,7,0.0,0.0,0.7142857142857143,0.0
Mohammed Siraj,202666,2026-05-21,"Narendra Modi Stadium, Ahmedabad",GT,CSK,0.0,0.3076923076923077,0.07692307692307693,1.3993288590604027,22.923076923076923,1.1538461538461537,0.8,3.4102564102564106,1.5938461538461537,0.0,0.0,0.0,1.5294117647058822,23.8,1.2,38.0,13,0.0,0.0,0.3076923076923077,0.0
Kagiso Rabada,202666,2026-05-21,"Narendra Modi Stadium, Ahmedabad",GT,CSK,1.1290322580645162,2.3846153846153846,0.07692307692307693,1.4983922829581993,23.923076923076923,1.6153846153846154,1.0544378698224852,6.102564102564102,2.12,0.0,0.0,0.0,1.452991452991453,23.4,1.6,47.2,13,0.23076923076923078,0.15384615384615385,0.23076923076923078,0.0
Arshad Khan,202666,2026-05-21,"Narendra Modi Stadium, Ahmedabad",GT,CSK,1.3333333333333333,1.2,0.0,1.6111111111111112,14.4,1.2,1.2492307692307691,3.7333333333333334,1.8960000000000001,1.3333333333333333,1.2,0.0,1.6111111111111112,14.4,1.2,33.2,5,0.2,0.0,0.2,0.0
Jason Holder,202666,2026-05-21,"Narendra Modi Stadium, Ahmedabad",GT,CSK,1.2340425531914894,6.714285714285714,0.42857142857142855,1.1226993865030674,23.285714285714285,1.8571428571428572,1.5802197802197802,7.595238095238095,2.817142857142857,0.9459459459459459,7.4,0.6,1.0964912280701755,22.8,2.4,82.0,7,0.2857142857142857,0.42857142857142855,0.8571428571428571,0.0
Rashid Khan,202666,2026-05-21,"Narendra Modi Stadium, Ahmedabad",GT,CSK,1.09375,2.4615384615384617,0.23076923076923078,1.4555160142348755,21.615384615384617,1.2307692307692308,0.8792899408284024,2.9358974358974357,1.673846153846154,1.1666666666666667,1.2,0.0,1.4313725490196079,20.4,1.6,52.0,13,0.3076923076923077,0.0,0.3076923076923077,0.0
Prasidh Krishna,202666,2026-05-21,"Narendra Modi Stadium, Ahmedabad",GT,CSK,0.0,0.0,0.0,1.6222222222222222,22.5,2.0,1.2115384615384615,3.1041666666666665,2.35,0.0,0.0,0.0,1.6,21.0,1.8,45.6,8,0.0,0.0,0.125,0.0
Abhishek Sharma,202667,2026-05-22,"Rajiv Gandhi International Stadium, Hyderabad",SRH,RCB,1.8436363636363637,21.153846153846153,1.0,1.6896551724137931,2.230769230769231,0.0,1.1386946386946386,4.935897435897436,0.43076923076923074,1.6710526315789473,15.2,1.0,1.1666666666666667,2.4,0.0,38.6,13,3.5384615384615383,2.923076923076923,0.38461538461538464,0.0
Travis Head,202667,2026-05-22,"Rajiv Gandhi International Stadium, Hyderabad",SRH,RCB,1.6096491228070176,17.53846153846154,1.0,0.0,0.0,0.0,0.8484848484848485,3.269230769230769,0.3076923076923077,1.9673913043478262,18.4,1.0,0.0,0.0,0.0,52.0,13,3.0,1.6923076923076923,0.0,0.0
Ishan Kishan,202667,2026-05-22,"Rajiv Gandhi International Stadium, Hyderabad",SRH,RCB,1.7508896797153024,21.615384615384617,0.9230769230769231,0.0,0.0,0.0,1.1386946386946386,4.230769230769231,0.5661538461538462,1.5169491525423728,23.6,1.0,0.0,0.0,0.0,57.4,13,3.769230769230769,2.0,0.6923076923076923,0.07692307692307693
Heinrich Klaasen,202667,2026-05-22,"Rajiv Gandhi International Stadium, Hyderabad",SRH,RCB,1.4959568733153639,28.53846153846154,0.8461538461538461,0.0,0.0,0.0,1.2226107226107226,5.115384615384615,0.6030769230769231,1.6220472440944882,25.4,0.8,0.0,0.0,0.0,64.6,13,3.3846153846153846,1.9230769230769231,0.9230769230769231,0.0
Nitish Reddy,202667,2026-05-22,"Rajiv Gandhi International Stadium, Hyderabad",SRH,RCB,1.587837837837838,12.333333333333334,0.75,1.7078651685393258,14.833333333333334,0.5833333333333334,1.0113636363636365,4.291666666666667,1.1566666666666667,1.6229508196721312,12.2,0.8,1.7605633802816902,14.2,0.6,47.2,12,1.25,1.3333333333333333,0.75,0.0
Venkatesh Iyer,202667,2026-05-22,"Rajiv Gandhi International Stadium, Hyderabad",SRH,RCB,1.5616438356164384,24.333333333333332,0.3333333333333333,0.0,0.0,0.0,2.0606060606060606,1.3333333333333333,3.2533333333333334,1.5616438356164384,24.333333333333332,0.3333333333333333,0.0,0.0,0.0,52.0,3,3.3333333333333335,2.0,0.0,0.0
Virat Kohli,202667,2026-05-22,"Rajiv Gandhi International Stadium, Hyderabad",SRH,RCB,1.5619596541786744,26.692307692307693,0.7692307692307693,0.0,0.0,0.0,1.18997668997669,0.3076923076923077,2.44,1.5916666666666666,24.0,0.8,0.0,0.0,0.0,61.0,13,4.384615384615385,1.6153846153846154,0.6153846153846154,0.0
Devdutt Padikkal,202667,2026-05-22,"Rajiv Gandhi International Stadium, Hyderabad",SRH,RCB,1.6747967479674797,20.5,0.9166666666666666,0.0,0.0,0.0,1.1111111111111112,0.3333333333333333,2.08,1.452991452991453,23.4,1.0,0.0,0.0,0.0,48.0,12,3.5,1.9166666666666667,0.9166666666666666,0.0
Rajat Patidar,202667,2026-05-22,"Rajiv Gandhi International Stadium, Hyderabad",SRH,RCB,1.7967914438502675,17.0,0.9090909090909091,0.0,0.0,0.0,1.0468319559228652,0.36363636363636365,1.9636363636363638,1.5285714285714285,14.0,1.0,0.0,0.0,0.0,36.6,11,1.6363636363636365,2.8181818181818183,0.6363636363636364,0.0
Krunal Pandya,202667,2026-05-22,"Rajiv Gandhi International Stadium, Hyderabad",SRH,RCB,1.4242424242424243,7.615384615384615,0.23076923076923078,1.4313725490196079,19.615384615384617,0.7692307692307693,0.824009324009324,0.3076923076923077,0.8523076923076923,1.5217391304347827,13.8,0.4,1.3977272727272727,17.6,0.2,37.4,13,0.7692307692307693,0.6923076923076923,0.15384615384615385,0.0
Tim David,202667,2026-05-22,"Rajiv Gandhi International Stadium, Hyderabad",SRH,RCB,1.8581560283687943,11.75,0.5833333333333334,3.0,0.5,0.0,0.7676767676767677,0.3333333333333333,1.4266666666666667,1.8372093023255813,8.6,1.0,0.0,0.0,0.0,24.6,12,1.5,1.75,0.16666666666666666,0.0
Bhuvneshwar Kumar,202667,2026-05-22,"Rajiv Gandhi International Stadium, Hyderabad",SRH,RCB,1.2142857142857142,2.1538461538461537,0.0,1.2531645569620253,24.307692307692307,1.9230769230769231,1.1363636363636365,0.3076923076923077,0.42769230769230765,1.2222222222222223,3.6,0.0,1.2868852459016393,24.4,2.2,61.6,13,0.23076923076923078,0.07692307692307693,0.07692307692307693,0.0
Josh Hazlewood,202667,2026-05-22,"Rajiv Gandhi International Stadium, Hyderabad",SRH,RCB,0.0,0.1,0.1,1.530612244897959,24.5,1.2,0.9242424242424242,0.4,0.392,0.0,0.2,0.2,1.7222222222222223,25.2,0.8,26.8,10,0.0,0.0,0.5,0.0
Rasikh Salam Dar,202667,2026-05-22,"Rajiv Gandhi International Stadium, Hyderabad",SRH,RCB,1.0,0.3333333333333333,0.0,1.5276381909547738,22.11111111111111,1.4444444444444444,1.0303030303030303,0.4444444444444444,0.4577777777777778,1.0,0.6,0.0,1.663716814159292,22.6,1.4,40.4,9,0.0,0.0,0.1111111111111111,0.0
Suyash Sharma,202667,2026-05-22,"Rajiv Gandhi International Stadium, Hyderabad",SRH,RCB,0.0,0.0,0.0,1.4700854700854702,21.272727272727273,0.7272727272727273,0.6887052341597797,0.36363636363636365,0.36363636363636365,0.0,0.0,0.0,1.4158415841584158,20.2,0.6,26.2,11,0.0,0.0,0.0,0.0
Romario Shepherd,202667,2026-05-22,"Rajiv Gandhi International Stadium, Hyderabad",SRH,RCB,1.2205882352941178,5.666666666666667,0.3333333333333333,1.9015151515151516,11.0,0.5833333333333334,0.7045454545454546,0.3333333333333333,0.6633333333333333,1.0232558139534884,8.6,0.4,1.4264705882352942,13.6,0.8,36.2,12,0.5,0.4166666666666667,0.16666666666666666,0.0
Pat Cummins,202667,2026-05-22,"Rajiv Gandhi International Stadium, Hyderabad",SRH,RCB,1.7058823529411764,2.8333333333333335,0.3333333333333333,1.3221476510067114,24.833333333333332,1.3333333333333333,1.3131313131313131,3.527777777777778,2.1333333333333333,1.7058823529411764,3.4,0.4,1.36,25.0,1.4,50.2,6,0.16666666666666666,0.5,0.3333333333333333,0.0
Eshan Malinga,202667,2026-05-22,"Rajiv Gandhi International Stadium, Hyderabad",SRH,RCB,0.2,0.7692307692307693,0.0,1.45,23.076923076923077,1.3846153846153846,0.8706293706293706,4.217948717948718,1.7876923076923075,0.2,2.0,0.0,1.4516129032258065,24.8,0.6,24.2,13,0.0,0.0,0.3076923076923077,0.07692307692307693
Shivang Kumar,202667,2026-05-22,"Rajiv Gandhi International Stadium, Hyderabad",SRH,RCB,1.1304347826086956,2.090909090909091,0.45454545454545453,1.516431924882629,19.363636363636363,0.9090909090909091,0.6873278236914601,2.590909090909091,1.1054545454545455,0.625,1.6,0.4,1.565217391304348,18.4,0.6,20.0,11,0.2727272727272727,0.09090909090909091,0.0,0.0
Sakib Hussain,202667,2026-05-22,"Rajiv Gandhi International Stadium, Hyderabad",SRH,RCB,0.0,0.0,0.0,1.3911111111111112,25.0,1.5555555555555556,1.0606060606060606,4.444444444444445,2.071111111111111,0.0,0.0,0.0,1.3949579831932772,23.8,1.4,39.0,9,0.0,0.0,0.1111111111111111,0.0
Harshal Patel,202667,2026-05-22,"Rajiv Gandhi International Stadium, Hyderabad",SRH,RCB,1.1111111111111112,2.25,0.5,1.8548387096774193,15.5,0.0,1.0378787878787878,1.5,1.0,1.1111111111111112,2.25,0.5,1.8548387096774193,15.5,0.0,6.5,4,0.5,0.0,0.0,0.0
Josh Inglis,202668,2026-05-23,"Bharat Ratna Shri Atal Bihari Vajpayee Ekana Cricket Stadium, Lucknow",LSG,PBKS,1.8446601941747574,25.75,1.0,0.0,0.0,0.0,1.955223880597015,2.7083333333333335,1.0833333333333333,1.8446601941747574,25.75,1.0,0.0,0.0,0.0,68.0,4,5.5,2.5,0.25,0.0
Arshin Kulkarni,202668,2026-05-23,"Bharat Ratna Shri Atal Bihari Vajpayee Ekana Cricket Stadium, Lucknow",LSG,PBKS,0.7083333333333334,24.0,1.0,0.0,0.0,0.0,4.268656716417911,7.0,4.0,0.7083333333333334,24.0,1.0,0.0,0.0,0.0,22.0,1,1.0,0.0,0.0,0.0
Nicholas Pooran,202668,2026-05-23,"Bharat Ratna Shri Atal Bihari Vajpayee Ekana Cricket Stadium, Lucknow",LSG,PBKS,1.2406417112299466,14.384615384615385,1.0769230769230769,0.0,0.0,0.0,0.6991963260619977,2.474358974358974,0.4743589743589744,1.8987341772151898,15.8,1.0,0.0,0.0,0.0,46.0,13,0.8461538461538461,1.4615384615384615,0.38461538461538464,0.07692307692307693
Ayush Badoni,202668,2026-05-23,"Bharat Ratna Shri Atal Bihari Vajpayee Ekana Cricket Stadium, Lucknow",LSG,PBKS,1.3650793650793651,14.0,1.0,2.3333333333333335,0.6666666666666666,0.0,0.8159203980099502,1.2222222222222223,0.537037037037037,1.4477611940298507,13.4,1.0,2.3333333333333335,1.2,0.0,30.0,9,2.0,0.6666666666666666,0.1111111111111111,0.1111111111111111
Rishabh Pant,202668,2026-05-23,"Bharat Ratna Shri Atal Bihari Vajpayee Ekana Cricket Stadium, Lucknow",LSG,PBKS,1.341121495327103,17.833333333333332,0.6666666666666666,0.0,0.0,0.0,0.8731343283582089,2.736111111111111,0.6527777777777778,1.4141414141414141,19.8,0.6,0.0,0.0,0.0,43.4,12,2.25,0.9166666666666666,0.8333333333333334,0.08333333333333333
Abdul Samad,202668,2026-05-23,"Bharat Ratna Shri Atal Bihari Vajpayee Ekana Cricket Stadium, Lucknow",LSG,PBKS,1.144927536231884,11.5,1.0,6.0,0.16666666666666666,0.0,0.9054726368159204,2.8333333333333335,0.7222222222222222,0.9772727272727273,8.8,1.0,0.0,0.0,0.0,13.4,6,1.1666666666666667,0.3333333333333333,0.16666666666666666,0.0
Mukul Choudhary,202668,2026-05-23,"Bharat Ratna Shri Atal Bihari Vajpayee Ekana Cricket Stadium, Lucknow",LSG,PBKS,1.4201680672268908,13.222222222222221,0.5555555555555556,0.0,0.0,0.0,0.8358208955223881,1.8888888888888888,0.5555555555555556,1.3064516129032258,12.4,0.6,0.0,0.0,0.0,27.8,9,1.2222222222222223,1.3333333333333333,0.3333333333333333,0.0
Arjun Tendulkar,202668,2026-05-23,"Bharat Ratna Shri Atal Bihari Vajpayee Ekana Cricket Stadium, Lucknow",LSG,PBKS,0.0,0.0,0.0,0.0,0.0,0.0,0.0,0.0,0.0,0.0,0.0,0.0,0.0,0.0,0.0,0.0,0,0.0,0.0,0.0,0.0
Priyansh Arya,202668,2026-05-23,"Bharat Ratna Shri Atal Bihari Vajpayee Ekana Cricket Stadium, Lucknow",LSG,PBKS,2.022222222222222,15.0,1.0,0.0,0.0,0.0,0.9465174129353233,0.3333333333333333,1.9895833333333333,1.35,12.0,1.0,0.0,0.0,0.0,28.2,12,2.25,2.6666666666666665,0.16666666666666666,0.0
Cooper Connolly,202668,2026-05-23,"Bharat Ratna Shri Atal Bihari Vajpayee Ekana Cricket Stadium, Lucknow",LSG,PBKS,1.5662251655629138,25.166666666666668,0.8333333333333334,0.0,0.0,0.0,1.1517412935323383,0.3333333333333333,2.4652777777777777,1.4817518248175183,27.4,0.8,0.0,0.0,0.0,63.2,12,3.25,2.6666666666666665,0.3333333333333333,0.08333333333333333
Prabhsimran Singh,202668,2026-05-23,"Bharat Ratna Shri Atal Bihari Vajpayee Ekana Cricket Stadium, Lucknow",LSG,PBKS,1.6036363636363635,21.153846153846153,0.8461538461538461,0.0,0.0,0.0,1.0160734787600458,0.3076923076923077,2.1314102564102564,1.3013698630136987,14.6,1.0,0.0,0.0,0.0,30.0,13,3.6923076923076925,1.6153846153846154,0.46153846153846156,0.0
Shreyas Iyer,202668,2026-05-23,"Bharat Ratna Shri Atal Bihari Vajpayee Ekana Cricket Stadium, Lucknow",LSG,PBKS,1.562992125984252,21.166666666666668,0.75,0.0,0.0,0.0,1.0335820895522387,0.3333333333333333,2.1215277777777777,1.2571428571428571,14.0,0.8,0.0,0.0,0.0,31.2,12,2.3333333333333335,2.0833333333333335,0.5,0.0
Suryansh Shedge,202668,2026-05-23,"Bharat Ratna Shri Atal Bihari Vajpayee Ekana Cricket Stadium, Lucknow",LSG,PBKS,1.7529411764705882,14.166666666666666,0.6666666666666666,0.0,0.0,0.0,1.1965174129353233,0.6666666666666666,1.9791666666666667,1.7590361445783131,16.6,0.8,0.0,0.0,0.0,42.8,6,1.3333333333333333,2.0,0.5,0.0
Arshdeep Singh,202668,2026-05-23,"Bharat Ratna Shri Atal Bihari Vajpayee Ekana Cricket Stadium, Lucknow",LSG,PBKS,1.0,0.07692307692307693,0.0,1.5108359133126934,24.846153846153847,1.0769230769230769,0.7657864523536164,0.3076923076923077,0.3108974358974359,1.0,0.2,0.0,1.28,25.0,1.2,35.8,13,0.0,0.0,0.3076923076923077,0.0
Azmatullah Omarzai,202668,2026-05-23,"Bharat Ratna Shri Atal Bihari Vajpayee Ekana Cricket Stadium, Lucknow",LSG,PBKS,1.8571428571428572,14.0,1.0,1.48,25.0,1.0,2.8582089552238807,2.0,3.3541666666666665,1.8571428571428572,14.0,1.0,1.48,25.0,1.0,61.5,2,1.5,2.5,0.0,0.0
Marco Jansen,202668,2026-05-23,"Bharat Ratna Shri Atal Bihari Vajpayee Ekana Cricket Stadium, Lucknow",LSG,PBKS,1.02,4.545454545454546,0.36363636363636365,1.6988847583643123,24.454545454545453,0.6363636363636364,0.7449118046132971,0.36363636363636365,0.5833333333333334,1.1081081081081081,7.4,0.6,1.9586776859504131,24.2,0.4,29.6,11,0.09090909090909091,0.2727272727272727,0.5454545454545454,0.0
Yuzvendra Chahal,202668,2026-05-23,"Bharat Ratna Shri Atal Bihari Vajpayee Ekana Cricket Stadium, Lucknow",LSG,PBKS,0.0,0.0,0.0,1.5316455696202531,21.545454545454547,1.0,0.746268656716418,0.36363636363636365,0.36363636363636365,0.0,0.0,0.0,1.5544554455445545,20.2,1.2,34.8,11,0.0,0.0,0.18181818181818182,0.0
Vijaykumar Vyshak,202668,2026-05-23,"Bharat Ratna Shri Atal Bihari Vajpayee Ekana Cricket Stadium, Lucknow",LSG,PBKS,0.5,0.5,0.0,1.7542857142857142,21.875,1.25,0.9906716417910447,0.5,0.5104166666666666,0.5,0.8,0.0,1.763157894736842,22.8,1.0,30.8,8,0.0,0.0,0.125,0.125
Shashank Singh,202668,2026-05-23,"Bharat Ratna Shri Atal Bihari Vajpayee Ekana Cricket Stadium, Lucknow",LSG,PBKS,1.7142857142857142,7.7,0.6,1.3953488372093024,4.3,0.3,0.7701492537313432,0.4,1.0875,1.653061224489796,9.8,0.8,1.75,2.4,0.0,24.8,10,1.1,0.8,0.1,0.0
Mohammed Shami,202668,2026-05-23,"Bharat Ratna Shri Atal Bihari Vajpayee Ekana Cricket Stadium, Lucknow",LSG,PBKS,1.3478260869565217,1.9166666666666667,0.4166666666666667,1.4080267558528428,24.916666666666668,0.8333333333333334,0.7325870646766169,3.111111111111111,1.3263888888888888,1.375,1.6,0.2,1.608,25.0,0.6,25.4,12,0.16666666666666666,0.25,0.25,0.0
Prince Yadav,202668,2026-05-23,"Bharat Ratna Shri Atal Bihari Vajpayee Ekana Cricket Stadium, Lucknow",LSG,PBKS,0.0,0.07692307692307693,0.0,1.4019292604501608,23.923076923076923,1.5384615384615385,0.8128587830080367,3.230769230769231,1.7179487179487178,0.0,0.0,0.0,1.5714285714285714,23.8,0.8,23.0,13,0.0,0.0,0.3076923076923077,0.0
Mohsin Khan,202668,2026-05-23,"Bharat Ratna Shri Atal Bihari Vajpayee Ekana Cricket Stadium, Lucknow",LSG,PBKS,0.0,0.6666666666666666,0.3333333333333333,1.272108843537415,24.5,1.8333333333333333,1.5,7.888888888888889,3.0208333333333335,0.0,0.6,0.2,1.3442622950819672,24.4,2.0,62.4,6,0.0,0.0,0.3333333333333333,0.0
Digvesh Singh Rathi,202668,2026-05-23,"Bharat Ratna Shri Atal Bihari Vajpayee Ekana Cricket Stadium, Lucknow",LSG,PBKS,0.4,0.5555555555555556,0.0,1.6216216216216217,24.666666666666668,0.5555555555555556,0.7081260364842454,1.2407407407407407,1.1712962962962963,1.0,0.4,0.0,1.6612903225806452,24.8,0.4,17.6,9,0.0,0.0,0.4444444444444444,0.0
Yashasvi Jaiswal,202669,2026-05-24,"Wankhede Stadium, Mumbai",RR,MI,1.4939271255060729,19.0,0.8461538461538461,0.0,0.0,0.0,0.8891402714932126,0.3076923076923077,0.44307692307692303,1.6428571428571428,14.0,1.0,0.0,0.0,0.0,39.0,13,3.6153846153846154,1.1538461538461537,0.3076923076923077,0.07692307692307693
Vaibhav Sooryavanshi,202669,2026-05-24,"Wankhede Stadium, Mumbai",RR,MI,2.2705882352941176,19.615384615384617,1.0,0.0,0.0,0.0,1.1911764705882353,0.3076923076923077,0.3076923076923077,2.242424242424242,19.8,1.0,0.0,0.0,0.0,62.2,13,3.8461538461538463,4.076923076923077,0.0,0.0
Dhruv Jurel,202669,2026-05-24,"Wankhede Stadium, Mumbai",RR,MI,1.4448275862068964,22.307692307692307,0.9230769230769231,0.0,0.0,0.0,1.0395927601809956,0.3076923076923077,0.6646153846153846,1.3428571428571427,28.0,1.0,0.0,0.0,0.0,56.2,13,2.923076923076923,1.4615384615384615,1.0769230769230769,0.0
Riyan Parag,202669,2026-05-24,"Wankhede Stadium, Mumbai",RR,MI,1.4659090909090908,16.0,0.9090909090909091,1.52,2.272727272727273,0.18181818181818182,0.9104278074866311,0.36363636363636365,0.6618181818181819,1.5887096774193548,24.8,1.0,2.0,1.2,0.0,59.6,11,1.7272727272727273,1.5454545454545454,0.36363636363636365,0.0
Dasun Shanaka,202669,2026-05-24,"Wankhede Stadium, Mumbai",RR,MI,1.3,6.666666666666667,0.6666666666666666,1.64,8.333333333333334,0.3333333333333333,1.6421568627450982,1.3333333333333333,1.7733333333333334,1.3,6.666666666666667,0.6666666666666666,1.64,8.333333333333334,0.3333333333333333,25.0,3,0.6666666666666666,0.3333333333333333,0.3333333333333333,0.0
Donovan Ferreira,202669,2026-05-24,"Wankhede Stadium, Mumbai",RR,MI,1.7054794520547945,13.272727272727273,0.6363636363636364,2.2777777777777777,1.6363636363636365,0.09090909090909091,0.9318181818181818,0.36363636363636365,0.7454545454545454,2.1636363636363636,11.0,0.4,2.25,2.4,0.0,43.0,11,2.090909090909091,1.5454545454545454,0.9090909090909091,0.0
Jofra Archer,202669,2026-05-24,"Wankhede Stadium, Mumbai",RR,MI,0.84,1.9230769230769231,0.15384615384615385,1.4638157894736843,23.384615384615383,1.6923076923076923,0.9468325791855203,0.3076923076923077,1.9753846153846153,0.8888888888888888,1.8,0.2,1.6935483870967742,24.8,1.4,32.4,13,0.15384615384615385,0.0,0.38461538461538464,0.07692307692307693
Shubham Dubey,202669,2026-05-24,"Wankhede Stadium, Mumbai",RR,MI,1.3818181818181818,11.0,0.6,0.0,0.0,0.0,1.0647058823529412,0.8,0.8,1.3818181818181818,11.0,0.6,0.0,0.0,0.0,22.0,5,1.6,0.6,0.0,0.0
Ravindra Jadeja,202669,2026-05-24,"Wankhede Stadium, Mumbai",RR,MI,1.2582781456953642,15.1,0.4,1.3312101910828025,15.7,0.8,1.0191176470588235,0.4,1.232,1.4583333333333333,14.4,0.4,1.4742268041237114,19.4,0.6,43.0,10,1.5,0.4,0.1,0.0
Nandre Burger,202669,2026-05-24,"Wankhede Stadium, Mumbai",RR,MI,0.6,0.5,0.0,1.7463414634146341,20.5,0.9,0.7647058823529412,0.4,1.3800000000000001,0.0,0.0,0.0,1.9803921568627452,20.4,0.8,25.6,10,0.0,0.0,0.1,0.0
Rohit Sharma,202669,2026-05-24,"Wankhede Stadium, Mumbai",RR,MI,1.5722222222222222,22.5,1.0,0.0,0.0,0.0,1.1654411764705883,5.479166666666667,2.31,1.5277777777777777,21.6,1.0,0.0,0.0,0.0,46.2,8,2.625,2.625,0.0,0.0
Naman Dhir,202669,2026-05-24,"Wankhede Stadium, Mumbai",RR,MI,1.4647887323943662,16.384615384615383,0.8461538461538461,0.0,0.0,0.0,0.8054298642533937,2.217948717948718,1.4769230769230768,1.4945054945054945,18.2,0.8,0.0,0.0,0.0,40.8,13,2.3076923076923075,1.0,0.5384615384615384,0.0
Ryan Rickelton,202669,2026-05-24,"Wankhede Stadium, Mumbai",RR,MI,1.8166666666666667,21.818181818181817,0.9090909090909091,0.0,0.0,0.0,1.2245989304812834,7.318181818181818,2.4727272727272727,1.9130434782608696,18.4,1.0,0.0,0.0,0.0,61.0,11,2.727272727272727,3.3636363636363638,0.7272727272727273,0.0
Suryakumar Yadav,202669,2026-05-24,"Wankhede Stadium, Mumbai",RR,MI,1.4093959731543624,12.416666666666666,1.0,0.0,0.0,0.0,0.670343137254902,2.2777777777777777,1.17,1.606060606060606,6.6,1.0,0.0,0.0,0.0,19.8,12,2.0833333333333335,0.5,0.25,0.0
Tilak Varma,202669,2026-05-24,"Wankhede Stadium, Mumbai",RR,MI,1.4412955465587045,19.0,0.8461538461538461,0.0,0.0,0.0,0.9208144796380091,1.9615384615384615,1.716923076923077,1.2727272727272727,26.4,0.8,0.0,0.0,0.0,51.8,13,2.3076923076923075,1.3076923076923077,0.7692307692307693,0.0
Will Jacks,202669,2026-05-24,"Wankhede Stadium, Mumbai",RR,MI,1.7377049180327868,10.166666666666666,0.6666666666666666,1.8636363636363635,7.333333333333333,0.16666666666666666,1.0833333333333333,3.5,1.5266666666666666,1.5789473684210527,7.6,0.6,1.6578947368421053,7.6,0.2,25.0,6,1.5,1.1666666666666667,0.3333333333333333,0.0
Hardik Pandya,202669,2026-05-24,"Wankhede Stadium, Mumbai",RR,MI,1.2463768115942029,15.333333333333334,0.8888888888888888,1.738255033557047,16.555555555555557,0.4444444444444444,0.9607843137254901,4.407407407407407,1.3333333333333333,1.0705882352941176,17.0,1.0,1.7222222222222223,14.4,0.4,34.8,9,2.0,0.5555555555555556,0.2222222222222222,0.0
Corbin Bosch,202669,2026-05-24,"Wankhede Stadium, Mumbai",RR,MI,1.7777777777777777,5.4,0.0,1.5643564356435644,20.2,2.2,1.8941176470588235,2.466666666666667,1.256,1.7777777777777777,5.4,0.0,1.5643564356435644,20.2,2.2,78.4,5,1.0,0.4,0.4,0.0
Shardul Thakur,202669,2026-05-24,"Wankhede Stadium, Mumbai",RR,MI,0.6666666666666666,3.0,0.2857142857142857,1.853658536585366,17.571428571428573,1.4285714285714286,1.1533613445378152,3.7857142857142856,0.6571428571428571,0.6666666666666666,4.2,0.4,1.85,16.0,1.4,43.6,7,0.14285714285714285,0.0,0.0,0.0
Deepak Chahar,202669,2026-05-24,"Wankhede Stadium, Mumbai",RR,MI,1.2142857142857142,2.0,0.14285714285714285,1.6376811594202898,19.714285714285715,0.8571428571428571,0.9705882352941176,0.7619047619047619,0.6857142857142857,1.2222222222222223,1.8,0.2,1.6140350877192982,22.8,1.0,35.6,7,0.42857142857142855,0.0,0.14285714285714285,0.0
AM Ghazanfar,202669,2026-05-24,"Wankhede Stadium, Mumbai",RR,MI,0.0,0.0,0.0,1.5825688073394495,21.8,1.4,0.9264705882352942,3.3166666666666664,0.4,0.0,0.0,0.0,1.7456140350877194,22.8,1.2,35.6,10,0.0,0.0,0.1,0.0
Raghu Sharma,202669,2026-05-24,"Wankhede Stadium, Mumbai",RR,MI,0.0,0.0,0.0,1.4583333333333333,18.0,0.25,1.1213235294117647,2.375,1.0,0.0,0.0,0.0,1.4583333333333333,18.0,0.25,12.25,4,0.0,0.0,0.25,0.0
Brijesh Sharma,202669,2026-05-24,"Wankhede Stadium, Mumbai",RR,MI,0.5,0.4,0.0,1.5462555066079295,22.7,1.1,0.8367647058823529,0.4,1.58,1.0,0.2,0.0,1.6904761904761905,25.2,0.8,26.6,10,0.0,0.0,0.1,0.0
Yash Raj Punja,202669,2026-05-24,"Wankhede Stadium, Mumbai",RR,MI,0.0,0.0,0.0,1.3821138211382114,24.6,1.2,1.2411764705882353,0.8,2.0,0.0,0.0,0.0,1.3821138211382114,24.6,1.2,34.0,5,0.0,0.0,0.0,0.0
Abishek Porel,202670,2026-05-24,"Eden Gardens, Kolkata",DC,KKR,1.162162162162162,24.666666666666668,1.0,0.0,0.0,0.0,1.8578431372549018,1.3333333333333333,1.3333333333333333,1.162162162162162,24.666666666666668,1.0,0.0,0.0,0.0,39.666666666666664,3,3.6666666666666665,0.3333333333333333,0.0,0.0
Rahul,202670,2026-05-24,"Eden Gardens, Kolkata",DC,KKR,1.6604361370716512,24.692307692307693,1.0,0.0,0.0,0.0,1.1085972850678734,0.3076923076923077,0.3569230769230769,1.4957264957264957,23.4,1.0,0.0,0.0,0.0,48.4,13,3.923076923076923,2.076923076923077,0.15384615384615385,0.0
Sahil Parakh,202670,2026-05-24,"Eden Gardens, Kolkata",DC,KKR,1.375,5.333333333333333,1.0,0.0,0.0,0.0,1.4901960784313726,1.3333333333333333,1.4400000000000002,1.375,5.333333333333333,1.0,0.0,0.0,0.0,14.666666666666666,3,0.6666666666666666,0.3333333333333333,0.3333333333333333,0.0
Axar Patel,202670,2026-05-24,"Eden Gardens, Kolkata",DC,KKR,1.1260504201680672,9.153846153846153,0.6923076923076923,1.3401639344262295,18.76923076923077,0.7692307692307693,0.8156108597285068,0.3076923076923077,1.2,1.1839080459770115,17.4,0.8,1.268041237113402,19.4,0.6,51.2,13,1.0,0.3076923076923077,0.38461538461538464,0.0
David Miller,202670,2026-05-24,"Eden Gardens, Kolkata",DC,KKR,1.464,12.5,0.6,0.0,0.0,0.0,0.7911764705882354,0.4,0.5599999999999999,1.4642857142857142,11.2,0.8,0.0,0.0,0.0,28.0,10,1.5,1.1,0.5,0.0
Ashutosh Sharma,202670,2026-05-24,"Eden Gardens, Kolkata",DC,KKR,1.7386363636363635,12.571428571428571,0.7142857142857143,0.0,0.0,0.0,1.0,0.5714285714285714,0.6628571428571428,1.791044776119403,13.4,0.6,0.0,0.0,0.0,36.8,7,1.8571428571428572,1.5714285714285714,0.2857142857142857,0.0
Tristan Stubbs,202670,2026-05-24,"Eden Gardens, Kolkata",DC,KKR,1.2331838565022422,18.583333333333332,0.5,0.0,0.0,0.0,0.7732843137254902,0.3333333333333333,0.44,1.0136986301369864,14.6,0.6,0.0,0.0,0.0,23.8,12,1.5,0.75,0.3333333333333333,0.0
Ajinkya Rahane,202670,2026-05-24,"Eden Gardens, Kolkata",DC,KKR,1.2534562211981566,16.692307692307693,0.8461538461538461,0.0,0.0,0.0,0.7296380090497737,1.7692307692307692,1.3076923076923077,1.2087912087912087,18.2,0.8,0.0,0.0,0.0,38.2,13,1.6153846153846154,1.0769230769230769,0.46153846153846156,0.0
Finn Allen,202670,2026-05-24,"Eden Gardens, Kolkata",DC,KKR,2.1225806451612903,15.5,1.0,0.0,0.0,0.0,1.0544117647058824,3.55,2.18,2.234234234234234,22.2,1.0,0.0,0.0,0.0,72.6,10,3.0,2.7,0.0,0.0
Manish Pandey,202670,2026-05-24,"Eden Gardens, Kolkata",DC,KKR,1.3235294117647058,34.0,1.0,0.0,0.0,0.0,4.867647058823529,13.833333333333334,6.04,1.3235294117647058,34.0,1.0,0.0,0.0,0.0,63.0,1,6.0,0.0,1.0,0.0
Cameron Green,202670,2026-05-24,"Eden Gardens, Kolkata",DC,KKR,1.4096916299559472,17.46153846153846,0.5384615384615384,1.703125,9.846153846153847,0.5384615384615384,1.0328054298642533,4.0,1.5076923076923079,1.3626373626373627,18.2,0.4,1.635135135135135,14.8,1.0,65.8,13,1.6923076923076923,1.3076923076923077,0.6153846153846154,0.0
Rovman Powell,202670,2026-05-24,"Eden Gardens, Kolkata",DC,KKR,1.265625,21.333333333333332,0.6666666666666666,0.0,0.0,0.0,1.1985294117647058,4.305555555555555,1.9533333333333334,1.2058823529411764,20.4,0.8,0.0,0.0,0.0,36.4,6,2.1666666666666665,1.5,0.5,0.0
Rinku Singh,202670,2026-05-24,"Eden Gardens, Kolkata",DC,KKR,1.4238095238095239,21.0,0.6,0.0,0.0,0.0,1.0602941176470588,2.9,1.86,1.5602836879432624,28.2,0.2,0.0,0.0,0.0,68.0,10,2.8,1.1,1.0,0.0
Tejasvi Dahiya,202670,2026-05-24,"Eden Gardens, Kolkata",DC,KKR,0.9166666666666666,12.0,1.0,0.0,0.0,0.0,4.1911764705882355,6.166666666666667,4.52,0.9166666666666666,12.0,1.0,0.0,0.0,0.0,17.0,1,2.0,0.0,0.0,0.0
Anukul Roy,202670,2026-05-24,"Eden Gardens, Kolkata",DC,KKR,1.34375,2.6666666666666665,0.25,1.4176470588235295,14.166666666666666,0.5833333333333334,0.7107843137254902,2.2083333333333335,0.48333333333333334,1.0,0.8,0.0,1.4776119402985075,13.4,0.4,26.8,12,0.16666666666666666,0.16666666666666666,0.6666666666666666,0.08333333333333333
Varun Chakaravarthy,202670,2026-05-24,"Eden Gardens, Kolkata",DC,KKR,0.0,0.1,0.1,1.4279475982532752,22.9,1.1,0.8,1.95,0.392,0.0,0.0,0.0,1.384,25.0,1.2,29.8,10,0.0,0.0,0.2,0.0
Kartik Tyagi,202670,2026-05-24,"Eden Gardens, Kolkata",DC,KKR,1.2222222222222223,0.75,0.16666666666666666,1.5376712328767124,24.333333333333332,1.5833333333333333,0.9509803921568628,3.013888888888889,0.37999999999999995,0.0,0.0,0.0,1.5081967213114753,24.4,2.0,51.4,12,0.08333333333333333,0.08333333333333333,0.3333333333333333,0.0
Saurabh Dubey,202670,2026-05-24,"Eden Gardens, Kolkata",DC,KKR,0.0,0.0,0.0,1.293103448275862,19.333333333333332,1.0,1.8186274509803921,6.833333333333333,1.3333333333333333,0.0,0.0,0.0,1.293103448275862,19.333333333333332,1.0,37.0,3,0.0,0.0,0.0,0.0
Sunil Narine,202670,2026-05-24,"Eden Gardens, Kolkata",DC,KKR,1.2121212121212122,2.75,0.25,1.0947368421052632,23.75,1.3333333333333333,0.9166666666666666,2.75,0.49333333333333335,0.0,0.0,0.0,1.0666666666666667,24.0,1.4,40.6,12,0.16666666666666666,0.3333333333333333,0.25,0.0
Mitchell Starc,202670,2026-05-24,"Eden Gardens, Kolkata",DC,KKR,0.0,0.4,0.2,1.6333333333333333,24.0,2.0,1.5735294117647058,0.8,2.92,0.0,0.4,0.2,1.6333333333333333,24.0,2.0,56.6,5,0.0,0.0,0.4,0.2
Auqib Nabi,202670,2026-05-24,"Eden Gardens, Kolkata",DC,KKR,3.5,1.0,0.25,1.7777777777777777,18.0,0.0,1.0955882352941178,1.0,1.08,3.5,1.0,0.25,1.7777777777777777,18.0,0.0,10.5,4,0.5,0.25,0.25,0.0
Lungi Ngidi,202670,2026-05-24,"Eden Gardens, Kolkata",DC,KKR,0.5714285714285714,0.7,0.2,1.351931330472103,23.3,1.0,0.7764705882352941,0.4,1.416,0.5,0.4,0.2,1.3513513513513513,22.2,0.6,18.8,10,0.0,0.0,0.0,0.0
Madhav Tiwari,202670,2026-05-24,"Eden Gardens, Kolkata",DC,KKR,2.25,4.0,0.0,1.320754716981132,26.5,2.0,2.9558823529411766,2.0,4.16,2.25,4.0,0.0,1.320754716981132,26.5,2.0,69.0,2,1.0,0.5,0.5,0.0
Kuldeep Yadav,202670,2026-05-24,"Eden Gardens, Kolkata",DC,KKR,0.391304347826087,2.090909090909091,0.18181818181818182,1.7661691542288558,18.272727272727273,0.6363636363636364,0.6203208556149732,0.36363636363636365,1.029090909090909,0.23076923076923078,2.6,0.2,1.8953488372093024,17.2,0.4,14.6,11,0.0,0.0,0.09090909090909091,0.0
Venkatesh Iyer,202671,2026-05-26,"Himachal Pradesh Cricket Association Stadium, Dharamsala",RCB,GT,1.6989247311827957,23.25,0.5,0.0,0.0,0.0,1.7428571428571429,9.083333333333334,1.0769230769230769,1.6989247311827957,23.25,0.5,0.0,0.0,0.0,56.0,4,3.5,2.5,0.25,0.0
Virat Kohli,202671,2026-05-26,"Himachal Pradesh Cricket Association Stadium, Dharamsala",RCB,GT,1.551532033426184,25.642857142857142,0.7857142857142857,0.0,0.0,0.0,1.0755102040816327,2.476190476190476,0.46153846153846156,1.5084745762711864,23.6,0.8,0.0,0.0,0.0,55.8,14,4.214285714285714,1.5,0.5714285714285714,0.0
Devdutt Padikkal,202671,2026-05-26,"Himachal Pradesh Cricket Association Stadium, Dharamsala",RCB,GT,1.6653846153846155,20.0,0.9230769230769231,0.0,0.0,0.0,1.020879120879121,1.9230769230769231,0.6035502958579881,1.411214953271028,21.4,1.0,0.0,0.0,0.0,43.2,13,3.3846153846153846,1.8461538461538463,0.9230769230769231,0.0
Rajat Patidar,202671,2026-05-26,"Himachal Pradesh Cricket Association Stadium, Dharamsala",RCB,GT,1.7268722466960353,18.916666666666668,0.9166666666666666,0.0,0.0,0.0,1.0095238095238095,0.3333333333333333,0.5128205128205129,1.4761904761904763,21.0,1.0,0.0,0.0,0.0,49.0,12,2.0,2.6666666666666665,0.5833333333333334,0.0
Krunal Pandya,202671,2026-05-26,"Himachal Pradesh Cricket Association Stadium, Dharamsala",RCB,GT,1.3893129770992367,9.357142857142858,0.21428571428571427,1.4514925373134329,19.142857142857142,0.7857142857142857,0.8102040816326531,0.2857142857142857,1.085164835164835,1.4639175257731958,19.4,0.2,1.4554455445544554,20.2,0.4,50.6,14,1.0714285714285714,0.6428571428571429,0.14285714285714285,0.0
Tim David,202671,2026-05-26,"Himachal Pradesh Cricket Association Stadium, Dharamsala",RCB,GT,1.8716216216216217,11.384615384615385,0.5384615384615384,3.0,0.46153846153846156,0.0,0.7054945054945054,1.3846153846153846,0.35502958579881655,1.9318181818181819,8.8,0.8,0.0,0.0,0.0,26.0,13,1.4615384615384615,1.6923076923076923,0.15384615384615385,0.0
Jitesh Sharma,202671,2026-05-26,"Himachal Pradesh Cricket Association Stadium, Dharamsala",RCB,GT,1.1666666666666667,6.5,0.75,0.0,0.0,0.0,0.5785714285714286,0.3333333333333333,0.6538461538461539,1.2173913043478262,4.6,0.6,0.0,0.0,0.0,22.8,12,0.5833333333333334,0.4166666666666667,1.0,0.0
Sai Sudharsan,202671,2026-05-26,"Himachal Pradesh Cricket Association Stadium, Dharamsala",RCB,GT,1.5118483412322274,30.142857142857142,0.9285714285714286,0.0,0.0,0.0,1.1755102040816325,0.2857142857142857,2.5824175824175826,1.4485981308411215,42.8,0.8,0.0,0.0,0.0,84.6,14,4.428571428571429,2.0714285714285716,0.21428571428571427,0.07142857142857142
Shubman Gill,202671,2026-05-26,"Himachal Pradesh Cricket Association Stadium, Dharamsala",RCB,GT,1.5555555555555556,30.46153846153846,0.9230769230769231,0.0,0.0,0.0,1.2714285714285714,0.3076923076923077,2.6183431952662723,1.6418918918918919,29.6,1.0,0.0,0.0,0.0,76.0,13,4.384615384615385,2.3076923076923075,0.6923076923076923,0.15384615384615385
Jos Buttler,202671,2026-05-26,"Himachal Pradesh Cricket Association Stadium, Dharamsala",RCB,GT,1.5177993527508091,22.071428571428573,0.8571428571428571,0.0,0.0,0.0,1.092857142857143,0.2857142857142857,1.9203296703296702,1.4814814814814814,21.6,0.8,0.0,0.0,0.0,65.4,14,3.2857142857142856,1.7142857142857142,1.4285714285714286,0.07142857142857142
Nishant Sindhu,202671,2026-05-26,"Himachal Pradesh Cricket Association Stadium, Dharamsala",RCB,GT,1.2666666666666666,7.5,0.75,0.0,0.0,0.0,1.2464285714285714,1.0,1.4326923076923077,1.2666666666666666,7.5,0.75,0.0,0.0,0.0,21.25,4,0.75,0.5,0.75,0.0
Washington Sundar,202671,2026-05-26,"Himachal Pradesh Cricket Association Stadium, Dharamsala",RCB,GT,1.470873786407767,15.846153846153847,0.6153846153846154,1.4186046511627908,3.3076923076923075,0.07692307692307693,0.7978021978021979,0.3076923076923077,1.4112426035502958,1.553191489361702,18.8,0.6,0.8333333333333334,2.4,0.0,45.2,13,2.4615384615384617,0.8461538461538461,0.46153846153846156,0.0
Jason Holder,202671,2026-05-26,"Himachal Pradesh Cricket Association Stadium, Dharamsala",RCB,GT,1.2340425531914894,5.875,0.375,1.2,21.875,1.625,1.3482142857142858,0.5,0.8173076923076923,0.8518518518518519,5.4,0.4,1.196078431372549,20.4,2.0,66.8,8,0.25,0.375,1.0,0.0
Rahul Tewatia,202671,2026-05-26,"Himachal Pradesh Cricket Association Stadium, Dharamsala",RCB,GT,1.180722891566265,6.916666666666667,0.4166666666666667,0.0,0.0,0.0,0.4845238095238095,0.3333333333333333,0.6891025641025642,1.2941176470588236,3.4,0.6,0.0,0.0,0.0,9.0,12,0.75,0.25,0.16666666666666666,0.0
Rashid Khan,202671,2026-05-26,"Himachal Pradesh Cricket Association Stadium, Dharamsala",RCB,GT,1.09375,2.2857142857142856,0.21428571428571427,1.4523809523809523,21.0,1.3571428571428572,0.8591836734693877,0.2857142857142857,0.39285714285714285,0.0,0.0,0.0,1.5934065934065933,18.2,1.8,53.0,14,0.2857142857142857,0.0,0.2857142857142857,0.0
Kagiso Rabada,202671,2026-05-26,"Himachal Pradesh Cricket Association Stadium, Dharamsala",RCB,GT,1.1290322580645162,2.2142857142857144,0.07142857142857142,1.4910179640718564,23.857142857142858,1.7142857142857142,1.0183673469387755,0.2857142857142857,0.40109890109890106,0.0,0.0,0.0,1.3652173913043477,23.0,2.0,59.6,14,0.21428571428571427,0.14285714285714285,0.2857142857142857,0.0
Mohammed Siraj,202671,2026-05-26,"Himachal Pradesh Cricket Association Stadium, Dharamsala",RCB,GT,0.0,0.2857142857142857,0.07142857142857142,1.4018987341772151,22.571428571428573,1.2857142857142858,0.7908163265306122,0.2857142857142857,0.2802197802197802,0.0,0.0,0.0,1.4955752212389382,22.6,1.6,48.8,14,0.0,0.0,0.2857142857142857,0.0
Prasidh Krishna,202671,2026-05-26,"Himachal Pradesh Cricket Association Stadium, Dharamsala",RCB,GT,0.0,0.0,0.0,1.6397849462365592,20.666666666666668,1.7777777777777777,1.0571428571428572,0.4444444444444444,0.4444444444444444,0.0,0.0,0.0,1.7586206896551724,17.4,1.0,27.2,9,0.0,0.0,0.3333333333333333,0.0
Kulwant Khejroliya,202671,2026-05-26,"Himachal Pradesh Cricket Association Stadium, Dharamsala",RCB,GT,0.0,0.0,0.0,0.0,0.0,0.0,0.0,0.0,0.0,0.0,0.0,0.0,0.0,0.0,0.0,0.0,0,0.0,0.0,0.0,0.0
Jacob Duffy,202671,2026-05-26,"Himachal Pradesh Cricket Association Stadium, Dharamsala",RCB,GT,0.0,0.0,0.0,1.7904761904761906,26.25,1.5,1.5785714285714285,1.0,2.5576923076923075,0.0,0.0,0.0,1.7904761904761906,26.25,1.5,44.5,4,0.0,0.0,0.25,0.0
Bhuvneshwar Kumar,202671,2026-05-26,"Himachal Pradesh Cricket Association Stadium, Dharamsala",RCB,GT,1.2142857142857142,2.0,0.0,1.3070175438596492,24.428571428571427,1.7857142857142858,1.0112244897959184,1.4761904761904763,2.131868131868132,2.3333333333333335,0.6,0.0,1.4516129032258065,24.8,1.6,42.4,14,0.21428571428571427,0.07142857142857142,0.07142857142857142,0.0
Josh Hazlewood,202671,2026-05-26,"Himachal Pradesh Cricket Association Stadium, Dharamsala",RCB,GT,0.0,0.09090909090909091,0.09090909090909091,1.5772058823529411,24.727272727272727,1.0909090909090908,0.812987012987013,1.1212121212121213,1.5804195804195802,0.0,0.0,0.0,1.6666666666666667,25.8,0.8,25.6,11,0.0,0.0,0.45454545454545453,0.0
Rasikh Salam Dar,202671,2026-05-26,"Himachal Pradesh Cricket Association Stadium, Dharamsala",RCB,GT,1.0,0.3,0.0,1.5777777777777777,22.5,1.5,0.9685714285714285,3.033333333333333,1.9192307692307693,1.0,0.6,0.0,1.7165354330708662,25.4,1.6,45.4,10,0.0,0.0,0.1,0.0
Romario Shepherd,202671,2026-05-26,"Himachal Pradesh Cricket Association Stadium, Dharamsala",RCB,GT,1.2205882352941178,5.230769230769231,0.3076923076923077,1.894736842105263,11.692307692307692,0.5384615384615384,0.6307692307692307,1.1538461538461537,0.8846153846153846,1.0232558139534884,8.6,0.4,1.486842105263158,15.2,0.8,36.2,13,0.46153846153846156,0.38461538461538464,0.15384615384615385,0.0
Yashasvi Jaiswal,202672,2026-05-27,"Maharaja Yadavindra Singh International Cricket Stadium, Mullanpur, New Chandigarh",RR,SRH,1.5,18.857142857142858,0.8571428571428571,0.0,0.0,0.0,0.8370221327967807,1.5,0.4065934065934066,1.5423728813559323,11.8,1.0,0.0,0.0,0.0,32.2,14,3.4285714285714284,1.2857142857142858,0.2857142857142857,0.07142857142857142
Vaibhav Sooryavanshi,202672,2026-05-27,"Maharaja Yadavindra Singh International Cricket Stadium, Mullanpur, New Chandigarh",RR,SRH,2.216730038022814,18.785714285714285,1.0,0.0,0.0,0.0,1.0835010060362174,1.2857142857142858,0.30769230769230765,2.033333333333333,18.0,1.0,0.0,0.0,0.0,53.4,14,3.5714285714285716,3.7857142857142856,0.07142857142857142,0.0
Dhruv Jurel,202672,2026-05-27,"Maharaja Yadavindra Singh International Cricket Stadium, Mullanpur, New Chandigarh",RR,SRH,1.4462025316455696,22.571428571428573,1.0,0.0,0.0,0.0,0.9979879275653923,0.75,0.6483516483516484,1.4383561643835616,29.2,1.2,0.0,0.0,0.0,63.2,14,2.9285714285714284,1.5,1.1428571428571428,0.0
Riyan Parag,202672,2026-05-27,"Maharaja Yadavindra Singh International Cricket Stadium, Mullanpur, New Chandigarh",RR,SRH,1.4782608695652173,15.333333333333334,0.9166666666666666,1.52,2.0833333333333335,0.16666666666666666,0.8345070422535211,1.2291666666666667,0.5961538461538461,1.7053571428571428,22.4,1.0,2.0,1.2,0.0,55.2,12,1.75,1.5,0.3333333333333333,0.0
Donovan Ferreira,202672,2026-05-27,"Maharaja Yadavindra Singh International Cricket Stadium, Mullanpur, New Chandigarh",RR,SRH,1.6583850931677018,13.416666666666666,0.6666666666666666,2.2777777777777777,1.5,0.08333333333333333,0.8673708920187794,2.0,0.6955128205128206,1.9767441860465116,8.6,0.6,2.25,2.4,0.0,33.0,12,1.9166666666666667,1.5833333333333333,0.9166666666666666,0.0
Dasun Shanaka,202672,2026-05-27,"Maharaja Yadavindra Singh International Cricket Stadium, Mullanpur, New Chandigarh",RR,SRH,1.5277777777777777,9.0,0.5,1.631578947368421,9.5,0.25,1.3450704225352113,1.0,1.3173076923076923,1.5277777777777777,9.0,0.5,1.631578947368421,9.5,0.25,28.5,4,0.5,1.0,0.25,0.0
Ravindra Jadeja,202672,2026-05-27,"Maharaja Yadavindra Singh International Cricket Stadium, Mullanpur, New Chandigarh",RR,SRH,1.2822085889570551,14.818181818181818,0.36363636363636365,1.378698224852071,15.363636363636363,0.7272727272727273,0.9308578745198464,0.36363636363636365,1.0909090909090908,1.4727272727272727,11.0,0.4,1.6235294117647059,17.0,0.4,33.0,11,1.6363636363636365,0.36363636363636365,0.09090909090909091,0.0
Jofra Archer,202672,2026-05-27,"Maharaja Yadavindra Singh International Cricket Stadium, Mullanpur, New Chandigarh",RR,SRH,1.325,2.857142857142857,0.21428571428571427,1.4085365853658536,23.428571428571427,1.7857142857142858,0.9728370221327968,0.7321428571428571,1.9917582417582416,1.6666666666666667,4.8,0.4,1.4758064516129032,24.8,1.8,51.0,14,0.21428571428571427,0.21428571428571427,0.35714285714285715,0.07142857142857142
Nandre Burger,202672,2026-05-27,"Maharaja Yadavindra Singh International Cricket Stadium, Mullanpur, New Chandigarh",RR,SRH,1.625,0.7272727272727273,0.0,1.7359307359307359,21.0,1.0,0.7810499359795134,1.1136363636363635,1.451048951048951,3.3333333333333335,0.6,0.0,1.9396551724137931,23.2,1.0,36.2,11,0.0,0.09090909090909091,0.2727272727272727,0.0
Sushant Mishra,202672,2026-05-27,"Maharaja Yadavindra Singh International Cricket Stadium, Mullanpur, New Chandigarh",RR,SRH,0.0,0.0,0.0,1.6071428571428572,28.0,0.0,4.0,4.0,4.0,0.0,0.0,0.0,1.6071428571428572,28.0,0.0,4.0,1,0.0,0.0,0.0,0.0
Abhishek Sharma,202672,2026-05-27,"Maharaja Yadavindra Singh International Cricket Stadium, Mullanpur, New Chandigarh",RR,SRH,1.882943143812709,21.357142857142858,1.0,1.6896551724137931,2.0714285714285716,0.0,1.0975855130784709,2.125,2.348901098901099,1.8904109589041096,14.6,1.0,1.1666666666666667,2.4,0.0,44.8,14,3.5714285714285716,3.0714285714285716,0.5,0.0
Ishan Kishan,202672,2026-05-27,"Maharaja Yadavindra Singh International Cricket Stadium, Mullanpur, New Chandigarh",RR,SRH,1.7198795180722892,23.714285714285715,0.9285714285714286,0.0,0.0,0.0,1.1046277665995976,0.8571428571428571,2.2912087912087915,1.5357142857142858,33.6,1.0,0.0,0.0,0.0,76.4,14,4.071428571428571,2.0714285714285716,0.6428571428571429,0.07142857142857142
Travis Head,202672,2026-05-27,"Maharaja Yadavindra Singh International Cricket Stadium, Mullanpur, New Chandigarh",RR,SRH,1.610655737704918,17.428571428571427,1.0,1.3333333333333333,0.42857142857142855,0.07142857142857142,0.8088531187122736,1.0892857142857142,1.6456043956043958,1.6794871794871795,15.6,1.0,1.3333333333333333,1.2,0.2,42.4,14,3.142857142857143,1.5714285714285714,0.0,0.0
Smaran Ravichandran,202672,2026-05-27,"Maharaja Yadavindra Singh International Cricket Stadium, Mullanpur, New Chandigarh",RR,SRH,0.8571428571428571,7.0,0.6666666666666666,0.0,0.0,0.0,1.4694835680751173,1.3333333333333333,1.6025641025641024,0.8571428571428571,7.0,0.6666666666666666,0.0,0.0,0.0,13.666666666666666,3,1.0,0.0,0.3333333333333333,0.0
Heinrich Klaasen,202672,2026-05-27,"Maharaja Yadavindra Singh International Cricket Stadium, Mullanpur, New Chandigarh",RR,SRH,1.526448362720403,28.357142857142858,0.8571428571428571,0.0,0.0,0.0,1.1468812877263583,1.1785714285714286,2.3736263736263736,1.5737704918032787,24.4,1.0,0.0,0.0,0.0,58.0,14,3.2857142857142856,2.142857142857143,0.8571428571428571,0.0
Nitish Reddy,202672,2026-05-27,"Maharaja Yadavindra Singh International Cricket Stadium, Mullanpur, New Chandigarh",RR,SRH,1.6296296296296295,12.461538461538462,0.6923076923076923,1.6972972972972973,14.23076923076923,0.5384615384615384,0.9284940411700975,0.46153846153846156,1.272189349112426,1.6140350877192982,11.4,0.6,1.796875,12.8,0.4,39.0,13,1.2307692307692308,1.4615384615384615,0.6923076923076923,0.0
Salil Arora,202672,2026-05-27,"Maharaja Yadavindra Singh International Cricket Stadium, Mullanpur, New Chandigarh",RR,SRH,1.5316455696202531,7.9,0.6,0.0,0.0,0.0,0.6394366197183099,0.675,0.9615384615384615,1.736842105263158,7.6,0.4,0.0,0.0,0.0,20.2,10,0.9,0.9,0.3,0.0
Pat Cummins,202672,2026-05-27,"Maharaja Yadavindra Singh International Cricket Stadium, Mullanpur, New Chandigarh",RR,SRH,1.7058823529411764,2.4285714285714284,0.2857142857142857,1.3977272727272727,25.142857142857142,1.1428571428571428,1.0865191146881288,0.5714285714285714,0.7692307692307693,1.7058823529411764,3.4,0.4,1.4173228346456692,25.4,1.4,50.2,7,0.14285714285714285,0.42857142857142855,0.2857142857142857,0.0
Shivang Kumar,202672,2026-05-27,"Maharaja Yadavindra Singh International Cricket Stadium, Mullanpur, New Chandigarh",RR,SRH,1.1304347826086956,1.9166666666666667,0.4166666666666667,1.5707964601769913,18.833333333333332,0.8333333333333334,0.6232394366197184,1.9791666666666667,0.4326923076923077,0.625,1.6,0.4,1.553191489361702,18.8,0.6,22.4,12,0.25,0.08333333333333333,0.0,0.0
Eshan Malinga,202672,2026-05-27,"Maharaja Yadavindra Singh International Cricket Stadium, Mullanpur, New Chandigarh",RR,SRH,0.2,0.7142857142857143,0.0,1.4444444444444444,23.142857142857142,1.4285714285714286,0.8219315895372233,0.2857142857142857,0.2912087912087912,0.2,2.0,0.0,1.525,24.0,0.8,29.2,14,0.0,0.0,0.2857142857142857,0.07142857142857142
Sakib Hussain,202672,2026-05-27,"Maharaja Yadavindra Singh International Cricket Stadium, Mullanpur, New Chandigarh",RR,SRH,0.0,0.0,0.0,1.3815261044176708,24.9,1.5,0.9507042253521126,0.4,0.4,0.0,0.0,0.0,1.2741935483870968,24.8,1.4,39.0,10,0.0,0.0,0.1,0.0
Praful Hinge,202672,2026-05-27,"Maharaja Yadavindra Singh International Cricket Stadium, Mullanpur, New Chandigarh",RR,SRH,0.3333333333333333,1.5,0.16666666666666666,1.792857142857143,23.333333333333332,1.8333333333333333,1.4225352112676057,0.6666666666666666,0.6858974358974358,0.3333333333333333,1.8,0.2,1.9035087719298245,22.8,1.4,45.2,6,0.0,0.0,0.5,0.0
Brijesh Sharma,202672,2026-05-27,"Maharaja Yadavindra Singh International Cricket Stadium, Mullanpur, New Chandigarh",RR,SRH,0.5,0.36363636363636365,0.0,1.496031746031746,22.90909090909091,1.1818181818181819,0.8079385403329066,0.36363636363636365,1.56993006993007,1.0,0.2,0.0,1.5634920634920635,25.2,1.2,36.6,11,0.0,0.0,0.09090909090909091,0.0
Yash Raj Punja,202672,2026-05-27,"Maharaja Yadavindra Singh International Cricket Stadium, Mullanpur, New Chandigarh",RR,SRH,0.0,0.0,0.0,1.445945945945946,24.666666666666668,1.3333333333333333,1.136150234741784,2.75,1.9487179487179487,0.0,0.0,0.0,1.5161290322580645,24.8,1.4,39.0,6,0.0,0.0,0.0,0.0
Yashasvi Jaiswal,202673,2026-05-29,"Maharaja Yadavindra Singh International Cricket Stadium, Mullanpur, New Chandigarh",RR,GT,1.4505119453924915,19.533333333333335,0.8666666666666667,0.0,0.0,0.0,0.8046296296296297,1.6133333333333333,0.3714285714285714,1.3411764705882352,17.0,1.0,0.0,0.0,0.0,37.2,15,3.466666666666667,1.2,0.26666666666666666,0.06666666666666667
Vaibhav Sooryavanshi,202673,2026-05-29,"Maharaja Yadavindra Singh International Cricket Stadium, Mullanpur, New Chandigarh",RR,GT,2.312925170068027,19.6,1.0,0.0,0.0,0.0,1.1324074074074073,2.9066666666666667,0.30476190476190473,2.319327731092437,23.8,1.0,0.0,0.0,0.0,80.8,15,3.6666666666666665,4.333333333333333,0.13333333333333333,0.0
Dhruv Jurel,202673,2026-05-29,"Maharaja Yadavindra Singh International Cricket Stadium, Mullanpur, New Chandigarh",RR,GT,1.5,22.533333333333335,1.0,0.0,0.0,0.0,0.9935185185185186,1.6400000000000001,0.6,1.5797101449275361,27.6,1.2,0.0,0.0,0.0,67.4,15,3.066666666666667,1.6,1.1333333333333333,0.0
Ravindra Jadeja,202673,2026-05-29,"Maharaja Yadavindra Singh International Cricket Stadium, Mullanpur, New Chandigarh",RR,GT,1.2848837209302326,14.333333333333334,0.3333333333333333,1.343915343915344,15.75,0.8333333333333334,0.9189814814814815,1.3833333333333335,1.101190476190476,1.459016393442623,12.2,0.4,1.510204081632653,19.6,0.8,44.6,12,1.5833333333333333,0.3333333333333333,0.08333333333333333,0.0
Riyan Parag,202673,2026-05-29,"Maharaja Yadavindra Singh International Cricket Stadium, Mullanpur, New Chandigarh",RR,GT,1.5204081632653061,15.076923076923077,0.9230769230769231,1.52,1.9230769230769231,0.15384615384615385,0.7980769230769231,1.4615384615384615,0.532967032967033,1.826086956521739,23.0,1.0,0.0,0.0,0.0,60.2,13,1.7692307692307692,1.5384615384615385,0.3076923076923077,0.0
Dasun Shanaka,202673,2026-05-29,"Maharaja Yadavindra Singh International Cricket Stadium, Mullanpur, New Chandigarh",RR,GT,1.5384615384615385,7.8,0.6,1.631578947368421,7.6,0.2,1.1111111111111112,1.3599999999999999,1.092857142857143,1.5384615384615385,7.8,0.6,1.631578947368421,7.6,0.2,26.4,5,0.6,0.8,0.4,0.0
Jofra Archer,202673,2026-05-29,"Maharaja Yadavindra Singh International Cricket Stadium, Mullanpur, New Chandigarh",RR,GT,1.2666666666666666,3.0,0.26666666666666666,1.4730878186968839,23.533333333333335,1.8666666666666667,1.0138888888888888,2.253333333333333,2.0285714285714285,1.5357142857142858,5.6,0.6,1.5853658536585367,24.6,2.2,70.6,15,0.26666666666666666,0.2,0.5333333333333333,0.06666666666666667
Donovan Ferreira,202673,2026-05-29,"Maharaja Yadavindra Singh International Cricket Stadium, Mullanpur, New Chandigarh",RR,GT,1.6411764705882352,13.076923076923077,0.6923076923076923,2.2777777777777777,1.3846153846153846,0.07692307692307693,0.8162393162393162,1.8615384615384616,0.6401098901098901,1.3513513513513513,7.4,0.8,2.25,2.4,0.0,23.4,13,1.8461538461538463,1.4615384615384615,0.9230769230769231,0.0
Sai Sudharsan,202673,2026-05-29,"Maharaja Yadavindra Singh International Cricket Stadium, Mullanpur, New Chandigarh",RR,GT,1.5057736720554273,28.866666666666667,1.0,0.0,0.0,0.0,1.097222222222222,0.4666666666666667,2.297619047619048,1.459016393442623,36.6,1.0,0.0,0.0,0.0,75.2,15,4.333333333333333,1.9333333333333333,0.26666666666666666,0.06666666666666667
Shubman Gill,202673,2026-05-29,"Maharaja Yadavindra Singh International Cricket Stadium, Mullanpur, New Chandigarh",RR,GT,1.533498759305211,28.785714285714285,0.9285714285714286,0.0,0.0,0.0,1.165674603174603,1.157142857142857,2.2831632653061225,1.5894039735099337,30.2,1.0,0.0,0.0,0.0,75.2,14,4.071428571428571,2.142857142857143,0.7142857142857143,0.14285714285714285
Jos Buttler,202673,2026-05-29,"Maharaja Yadavindra Singh International Cricket Stadium, Mullanpur, New Chandigarh",RR,GT,1.55625,21.333333333333332,0.8666666666666667,0.0,0.0,0.0,1.0407407407407407,0.9733333333333333,1.7714285714285716,1.6979166666666667,19.2,0.8,0.0,0.0,0.0,62.6,15,3.3333333333333335,1.7333333333333334,1.4,0.06666666666666667
Washington Sundar,202673,2026-05-29,"Maharaja Yadavindra Singh International Cricket Stadium, Mullanpur, New Chandigarh",RR,GT,1.4465116279069767,15.357142857142858,0.6428571428571429,1.4186046511627908,3.0714285714285716,0.07142857142857142,0.7371031746031746,1.042857142857143,1.260204081632653,1.5604395604395604,18.2,0.6,0.8333333333333334,2.4,0.0,44.2,14,2.357142857142857,0.7857142857142857,0.42857142857142855,0.0
Rahul Tewatia,202673,2026-05-29,"Maharaja Yadavindra Singh International Cricket Stadium, Mullanpur, New Chandigarh",RR,GT,1.296875,9.846153846153847,0.46153846153846156,0.0,0.0,0.0,0.5416666666666667,0.49230769230769234,0.8653846153846154,1.5714285714285714,11.2,0.6,0.0,0.0,0.0,27.0,13,1.3076923076923077,0.5384615384615384,0.15384615384615385,0.0
Mohammed Siraj,202673,2026-05-29,"Maharaja Yadavindra Singh International Cricket Stadium, Mullanpur, New Chandigarh",RR,GT,0.29411764705882354,1.1333333333333333,0.13333333333333333,1.464071856287425,22.266666666666666,1.2,0.7305555555555556,0.26666666666666666,0.2761904761904762,0.38461538461538464,2.6,0.2,1.7641509433962264,21.2,1.2,40.0,15,0.06666666666666667,0.0,0.26666666666666666,0.0
Kagiso Rabada,202673,2026-05-29,"Maharaja Yadavindra Singh International Cricket Stadium, Mullanpur, New Chandigarh",RR,GT,1.1891891891891893,2.466666666666667,0.13333333333333333,1.541899441340782,23.866666666666667,1.7333333333333334,0.9879629629629629,0.6,0.3928571428571429,1.5,1.2,0.2,1.6491228070175439,22.8,2.0,59.4,15,0.3333333333333333,0.13333333333333333,0.26666666666666666,0.0
Prasidh Krishna,202673,2026-05-29,"Maharaja Yadavindra Singh International Cricket Stadium, Mullanpur, New Chandigarh",RR,GT,0.8571428571428571,0.7,0.0,1.6933962264150944,21.2,1.7,0.9972222222222221,2.1399999999999997,0.425,0.8571428571428571,1.4,0.0,2.0114942528735633,17.4,0.8,31.0,10,0.1,0.0,0.3,0.0
Jason Holder,202673,2026-05-29,"Maharaja Yadavindra Singh International Cricket Stadium, Mullanpur, New Chandigarh",RR,GT,1.16,5.555555555555555,0.4444444444444444,1.2512562814070352,22.11111111111111,1.6666666666666667,1.2515432098765433,0.4444444444444444,0.6984126984126984,0.782608695652174,4.6,0.4,1.3564356435643565,20.2,1.6,53.8,9,0.2222222222222222,0.3333333333333333,0.8888888888888888,0.0
Rashid Khan,202673,2026-05-29,"Maharaja Yadavindra Singh International Cricket Stadium, Mullanpur, New Chandigarh",RR,GT,1.0238095238095237,2.8,0.26666666666666666,1.4647435897435896,20.8,1.2666666666666666,0.7962962962962963,0.7066666666666667,0.38333333333333336,0.8,2.0,0.2,1.7023809523809523,16.8,1.6,50.0,15,0.26666666666666666,0.06666666666666667,0.26666666666666666,0.0
Nandre Burger,202673,2026-05-29,"Maharaja Yadavindra Singh International Cricket Stadium, Mullanpur, New Chandigarh",RR,GT,1.5555555555555556,0.75,0.08333333333333333,1.701195219123506,20.916666666666668,1.0833333333333333,0.7928240740740741,2.066666666666667,1.4672619047619049,2.75,0.8,0.2,1.9910714285714286,22.4,1.0,40.4,12,0.0,0.08333333333333333,0.3333333333333333,0.0
Brijesh Sharma,202673,2026-05-29,"Maharaja Yadavindra Singh International Cricket Stadium, Mullanpur, New Chandigarh",RR,GT,0.5,0.3333333333333333,0.0,1.5,22.666666666666668,1.0833333333333333,0.7349537037037037,0.3333333333333333,1.3601190476190477,1.0,0.2,0.0,1.5564516129032258,24.8,1.2,36.6,12,0.0,0.0,0.08333333333333333,0.0
Tushar Deshpande,202673,2026-05-29,"Maharaja Yadavindra Singh International Cricket Stadium, Mullanpur, New Chandigarh",RR,GT,1.8571428571428572,2.3333333333333335,0.3333333333333333,1.8778625954198473,21.833333333333332,0.6666666666666666,1.0092592592592593,0.6666666666666666,1.357142857142857,1.8571428571428572,2.8,0.4,1.9821428571428572,22.4,0.6,27.0,6,0.0,0.5,0.3333333333333333,0.0
Yash Raj Punja,202673,2026-05-29,"Maharaja Yadavindra Singh International Cricket Stadium, Mullanpur, New Chandigarh",RR,GT,0.0,0.0,0.0,1.4540229885057472,24.857142857142858,1.2857142857142858,1.0178571428571428,2.7142857142857144,1.719387755102041,0.0,0.0,0.0,1.4761904761904763,25.2,1.2,34.0,7,0.0,0.0,0.0,0.0
Sai Sudharsan,202674,2026-05-31,"Narendra Modi Stadium, Ahmedabad",GT,RCB,1.5236051502145922,29.125,1.0,0.0,0.0,0.0,1.0830479452054795,3.830357142857143,0.3482142857142857,1.5254237288135593,35.4,1.0,0.0,0.0,0.0,75.8,16,4.5625,1.875,0.25,0.0625
Shubman Gill,202674,2026-05-31,"Narendra Modi Stadium, Ahmedabad",GT,RCB,1.5661605206073752,30.733333333333334,0.9333333333333333,0.0,0.0,0.0,1.220091324200913,3.361904761904762,0.5333333333333333,1.6149068322981366,32.2,1.0,0.0,0.0,0.0,83.6,15,4.8,2.2,0.7333333333333333,0.13333333333333333
Nishant Sindhu,202674,2026-05-31,"Narendra Modi Stadium, Ahmedabad",GT,RCB,1.303030303030303,6.6,0.8,0.0,0.0,0.0,1.0054794520547945,2.5142857142857142,0.9714285714285713,1.303030303030303,6.6,0.8,0.0,0.0,0.0,19.0,5,0.8,0.4,0.6,0.0
Jos Buttler,202674,2026-05-31,"Narendra Modi Stadium, Ahmedabad",GT,RCB,1.541033434650456,20.5625,0.8125,0.0,0.0,0.0,0.9871575342465754,3.625,0.7410714285714286,1.6736842105263159,19.0,0.6,0.0,0.0,0.0,62.8,16,3.125,1.625,1.4375,0.0625
Washington Sundar,202674,2026-05-31,"Narendra Modi Stadium, Ahmedabad",GT,RCB,1.4598214285714286,14.933333333333334,0.6666666666666666,1.5272727272727273,3.6666666666666665,0.06666666666666667,0.7004566210045662,2.2,0.44047619047619047,1.5324675324675325,15.4,0.8,1.375,4.8,0.0,37.2,15,2.3333333333333335,0.8,0.4,0.0
Arshad Khan,202674,2026-05-31,"Narendra Modi Stadium, Ahmedabad",GT,RCB,1.3333333333333333,1.0,0.0,1.627906976744186,14.333333333333334,1.1666666666666667,1.0,2.7619047619047623,1.482142857142857,1.3333333333333333,1.2,0.0,1.5901639344262295,12.2,1.0,23.2,6,0.16666666666666666,0.0,0.16666666666666666,0.0
Rahul Tewatia,202674,2026-05-31,"Narendra Modi Stadium, Ahmedabad",GT,RCB,1.326086956521739,9.857142857142858,0.42857142857142855,0.0,0.0,0.0,0.5205479452054794,0.9693877551020408,0.32653061224489793,1.4918032786885247,12.2,0.6,0.0,0.0,0.0,27.6,14,1.3571428571428572,0.5714285714285714,0.14285714285714285,0.0
Jason Holder,202674,2026-05-31,"Narendra Modi Stadium, Ahmedabad",GT,RCB,1.16,5.0,0.4,1.2321428571428572,22.4,1.7,1.1849315068493151,4.842857142857143,2.2178571428571425,0.7333333333333333,3.0,0.2,1.3693693693693694,22.2,1.4,44.8,10,0.2,0.3,0.8,0.0
Rashid Khan,202674,2026-05-31,"Narendra Modi Stadium, Ahmedabad",GT,RCB,1.0238095238095237,2.625,0.25,1.5493827160493827,20.25,1.1875,0.7397260273972602,2.7857142857142856,1.4174107142857142,0.8,2.0,0.2,2.138888888888889,14.4,0.8,28.4,16,0.25,0.0625,0.25,0.0
Kagiso Rabada,202674,2026-05-31,"Narendra Modi Stadium, Ahmedabad",GT,RCB,1.1891891891891893,2.3125,0.125,1.536649214659686,23.875,1.75,0.9666095890410958,5.0625,2.0,1.5,1.2,0.2,1.5833333333333333,24.0,2.0,61.0,16,0.3125,0.125,0.3125,0.0
Venkatesh Iyer,202674,2026-05-31,"Narendra Modi Stadium, Ahmedabad",GT,RCB,1.77,20.0,0.6,0.0,0.0,0.0,1.4356164383561645,1.1714285714285713,2.4,1.77,20.0,0.6,0.0,0.0,0.0,50.4,5,3.4,2.2,0.2,0.0
Virat Kohli,202674,2026-05-31,"Narendra Modi Stadium, Ahmedabad",GT,RCB,1.5625,25.6,0.8,0.0,0.0,0.0,1.02648401826484,0.6761904761904761,2.0761904761904764,1.5673758865248226,28.2,0.8,0.0,0.0,0.0,67.8,15,4.266666666666667,1.4666666666666666,0.6,0.0
Devdutt Padikkal,202674,2026-05-31,"Narendra Modi Stadium, Ahmedabad",GT,RCB,1.6594982078853047,19.928571428571427,0.9285714285714286,0.0,0.0,0.0,0.9549902152641879,0.8673469387755102,1.7755102040816326,1.4554455445544554,20.2,1.0,0.0,0.0,0.0,42.4,14,3.5,1.7142857142857142,0.8571428571428571,0.0
Rajat Patidar,202674,2026-05-31,"Narendra Modi Stadium, Ahmedabad",GT,RCB,1.8653846153846154,20.0,0.8461538461538461,0.0,0.0,0.0,1.0453108535300315,0.5604395604395604,2.054945054945055,1.8617886178861789,24.6,0.8,0.0,0.0,0.0,70.8,13,2.230769230769231,3.1538461538461537,0.6153846153846154,0.0
Krunal Pandya,202674,2026-05-31,"Narendra Modi Stadium, Ahmedabad",GT,RCB,1.40625,10.666666666666666,0.26666666666666666,1.396551724137931,19.333333333333332,0.8666666666666667,0.8292237442922374,0.3142857142857143,0.9214285714285714,1.4272727272727272,22.0,0.4,1.346938775510204,19.6,0.6,57.6,15,1.3333333333333333,0.7333333333333333,0.13333333333333333,0.0
Tim David,202674,2026-05-31,"Narendra Modi Stadium, Ahmedabad",GT,RCB,1.8129032258064517,11.071428571428571,0.5714285714285714,3.0,0.42857142857142855,0.0,0.6516634050880626,0.3979591836734694,1.1785714285714286,1.53125,6.4,0.8,0.0,0.0,0.0,18.4,14,1.3571428571428572,1.5714285714285714,0.21428571428571427,0.0
Jitesh Sharma,202674,2026-05-31,"Narendra Modi Stadium, Ahmedabad",GT,RCB,1.2771084337349397,6.384615384615385,0.6923076923076923,0.0,0.0,0.0,0.5521601685985248,0.4065934065934066,0.6483516483516484,1.5357142857142858,5.6,0.6,0.0,0.0,0.0,20.8,13,0.6153846153846154,0.46153846153846156,1.0,0.0
Jacob Duffy,202674,2026-05-31,"Narendra Modi Stadium, Ahmedabad",GT,RCB,0.0,0.0,0.0,1.7404580152671756,26.2,2.0,1.5397260273972602,0.8,0.8,0.0,0.0,0.0,1.7404580152671756,26.2,2.0,58.0,5,0.0,0.0,0.2,0.0
Bhuvneshwar Kumar,202674,2026-05-31,"Narendra Modi Stadium, Ahmedabad",GT,RCB,1.2142857142857142,1.8666666666666667,0.0,1.2942779291553133,24.466666666666665,1.8,0.9616438356164384,1.180952380952381,0.3595238095238095,2.3333333333333335,0.6,0.0,1.392,25.0,2.0,52.4,15,0.2,0.06666666666666667,0.06666666666666667,0.0
Josh Hazlewood,202674,2026-05-31,"Narendra Modi Stadium, Ahmedabad",GT,RCB,0.0,0.08333333333333333,0.08333333333333333,1.5810810810810811,24.666666666666668,1.0833333333333333,0.7751141552511416,0.4047619047619047,0.3273809523809524,0.0,0.0,0.0,1.626984126984127,25.2,0.8,28.8,12,0.0,0.0,0.5833333333333334,0.0
Rasikh Salam Dar,202674,2026-05-31,"Narendra Modi Stadium, Ahmedabad",GT,RCB,1.0,0.2727272727272727,0.0,1.534412955465587,22.454545454545453,1.5454545454545454,0.9464508094645082,0.36363636363636365,0.37337662337662336,1.0,0.6,0.0,1.5161290322580645,24.8,1.8,54.4,11,0.0,0.0,0.18181818181818182,0.0
Mohammed Siraj,202674,2026-05-31,"Narendra Modi Stadium, Ahmedabad",GT,RCB,0.29411764705882354,1.0625,0.125,1.4791086350974931,22.4375,1.1875,0.7003424657534246,3.1160714285714284,1.4151785714285714,0.38461538461538464,2.6,0.2,1.6571428571428573,21.0,1.2,40.0,16,0.0625,0.0,0.25,0.0
Prasidh Krishna,202674,2026-05-31,"Narendra Modi Stadium, Ahmedabad",GT,RCB,0.8571428571428571,0.6363636363636364,0.0,1.6991525423728813,21.454545454545453,1.6363636363636365,0.9501867995018679,2.1948051948051948,1.8701298701298703,0.8571428571428571,1.4,0.0,1.8953488372093024,17.2,0.8,34.2,11,0.09090909090909091,0.0,0.45454545454545453,0.0
